{"stats":{"minecraft:dropped":{"minecraft:mushroom_stew":5,"minecraft:mutton":2},"minecraft:used":{"minecraft:wheat_seeds":2,"minecraft:water_bucket":11,"minecraft:birch_planks":33,"minecraft:decorated_pot":5,"minecraft:birch_boat":1,"minecraft:composter":1,"minecraft:wooden_shovel":10,"minecraft:stone_hoe":2,"minecraft:torch":11,"minecraft:dirt":96,"minecraft:oak_slab":416,"minecraft:crafting_table":2,"minecraft:mushroom_stew":4,"minecraft:snowball":2,"minecraft:pumpkin_seeds":17,"minecraft:wooden_hoe":59,"minecraft:oak_stairs":30,"minecraft:birch_sapling":5,"minecraft:spruce_sapling":5,"minecraft:melon_seeds":9,"minecraft:stone_axe":79,"minecraft:oak_sapling":15,"minecraft:bucket":10,"minecraft:oak_boat":1,"minecraft:egg":1,"minecraft:potato":3,"minecraft:bone_meal":1},"minecraft:broken":{"minecraft:wooden_hoe":1},"minecraft:custom":{"minecraft:interact_with_furnace":1,"minecraft:interact_with_crafting_table":28,"minecraft:time_since_death":58762,"minecraft:time_since_rest":58805,"minecraft:sprint_one_cm":84213,"minecraft:damage_taken":394,"minecraft:walk_one_cm":203480,"minecraft:drop":7,"minecraft:damage_dealt":178,"minecraft:fly_one_cm":48115,"minecraft:open_chest":118,"minecraft:crouch_one_cm":65575,"minecraft:play_time":59606,"minecraft:deaths":1,"minecraft:sneak_time":14489,"minecraft:walk_under_water_one_cm":1347,"minecraft:boat_one_cm":1727,"minecraft:jump":327,"minecraft:walk_on_water_one_cm":1569,"minecraft:total_world_time":59606,"minecraft:fall_one_cm":5283},"minecraft:picked_up":{"minecraft:birch_log":14,"minecraft:crafting_table":1,"minecraft:water_bucket":1,"minecraft:clay_ball":4,"minecraft:leather":1,"minecraft:oak_stairs":15,"minecraft:potato":1,"minecraft:birch_planks":17,"minecraft:flint":1,"minecraft:oak_log":37,"minecraft:dirt":71,"minecraft:string":1,"minecraft:rabbit":1,"minecraft:chest":1,"minecraft:birch_sapling":2,"minecraft:stone_hoe":1,"minecraft:egg":1,"minecraft:dark_oak_sapling":2,"minecraft:oak_slab":105,"minecraft:stick":8,"minecraft:torch":1,"minecraft:gravel":3,"minecraft:bone_meal":1,"minecraft:oak_sapling":10,"minecraft:mutton":1,"minecraft:snowball":2,"minecraft:white_wool":1},"minecraft:crafted":{"minecraft:oak_slab":318,"minecraft:oak_planks":196,"minecraft:crafting_table":2,"minecraft:birch_boat":1,"minecraft:bowl":8,"minecraft:birch_planks":36,"minecraft:pumpkin_seeds":16,"minecraft:stone_axe":1,"minecraft:oak_boat":1,"minecraft:wooden_hoe":1,"minecraft:melon_seeds":12,"minecraft:stick":4,"minecraft:decorated_pot":5,"minecraft:oak_stairs":16,"minecraft:composter":1,"minecraft:torch":12},"minecraft:mined":{"minecraft:oak_slab":51,"minecraft:oak_sapling":3,"minecraft:farmland":1,"minecraft:crafting_table":1,"minecraft:torch":1,"minecraft:grass_block":16,"minecraft:chest":2,"minecraft:birch_sapling":1,"minecraft:birch_planks":17,"minecraft:tall_seagrass":1,"minecraft:birch_log":7,"minecraft:ice":1,"minecraft:potatoes":1,"minecraft:oak_log":19,"minecraft:dirt_path":1,"minecraft:oak_stairs":15,"minecraft:gravel":1,"minecraft:dirt":38,"minecraft:oak_leaves":8}},"DataVersion":3839}