{"stats":{"minecraft:killed":{"minecraft:skeleton":9,"minecraft:drowned":3,"minecraft:creeper":18,"minecraft:zombie":14},"minecraft:dropped":{"minecraft:water_bucket":3,"minecraft:diamond_axe":1,"minecraft:rooted_dirt":5,"minecraft:dark_oak_button":25,"minecraft:golden_apple":1,"minecraft:mushroom_stew":5,"minecraft:cyan_terracotta":1,"minecraft:diorite":1,"minecraft:mutton":2,"minecraft:rabbit":2,"minecraft:spruce_sapling":1,"minecraft:golden_chestplate":1,"minecraft:raw_copper":1,"minecraft:bowl":2,"minecraft:stone_bricks":39,"minecraft:arrow":1},"minecraft:used":{"minecraft:moss_block":33,"minecraft:blue_terracotta":1,"minecraft:stone_sword":38,"minecraft:chest":2,"minecraft:decorated_pot":5,"minecraft:spruce_planks":11,"minecraft:wooden_shovel":10,"minecraft:rotten_flesh":6,"minecraft:stone_hoe":109,"minecraft:torch":20,"minecraft:dirt":253,"minecraft:hopper":2,"minecraft:dead_brain_coral_block":2,"minecraft:axolotl_bucket":2,"minecraft:tuff":19,"minecraft:granite":2,"minecraft:snowball":2,"minecraft:dark_oak_planks":111,"minecraft:flowering_azalea":2,"minecraft:iron_axe":134,"minecraft:oak_stairs":30,"minecraft:birch_sapling":5,"minecraft:dark_oak_slab":305,"minecraft:melon_seeds":9,"minecraft:sweet_berries":3,"minecraft:oak_sapling":16,"minecraft:egg":1,"minecraft:potato":63,"minecraft:cobbled_deepslate":22,"minecraft:wheat_seeds":21,"minecraft:water_bucket":40,"minecraft:amethyst_block":1,"minecraft:birch_planks":75,"minecraft:stone_pickaxe":192,"minecraft:oak_planks":68,"minecraft:birch_boat":4,"minecraft:composter":1,"minecraft:deepslate_bricks":4,"minecraft:golden_apple":1,"minecraft:oak_slab":528,"minecraft:crafting_table":5,"minecraft:mushroom_stew":20,"minecraft:cod":1,"minecraft:dripstone_block":3,"minecraft:pumpkin_seeds":17,"minecraft:deepslate_tiles":5,"minecraft:oak_log":5,"minecraft:wooden_hoe":59,"minecraft:apple":1,"minecraft:chicken":3,"minecraft:birch_slab":17,"minecraft:gravel":2,"minecraft:spruce_sapling":5,"minecraft:stone_axe":226,"minecraft:cobblestone":5,"minecraft:dark_oak_fence":42,"minecraft:birch_log":3,"minecraft:bucket":42,"minecraft:oak_boat":2,"minecraft:bone_meal":19},"minecraft:broken":{"minecraft:stone_pickaxe":2,"minecraft:stone_axe":1,"minecraft:wooden_hoe":1},"minecraft:custom":{"minecraft:mob_kills":44,"minecraft:inspect_hopper":4,"minecraft:interact_with_crafting_table":56,"minecraft:leave_game":1,"minecraft:time_since_death":0,"minecraft:damage_resisted":43,"minecraft:sprint_one_cm":297346,"minecraft:walk_one_cm":526165,"minecraft:drop":29,"minecraft:play_time":198930,"minecraft:deaths":17,"minecraft:sneak_time":41985,"minecraft:walk_under_water_one_cm":36755,"minecraft:boat_one_cm":5297,"minecraft:jump":1545,"minecraft:walk_on_water_one_cm":17508,"minecraft:total_world_time":198930,"minecraft:interact_with_furnace":3,"minecraft:time_since_rest":122,"minecraft:damage_taken":6007,"minecraft:damage_absorbed":40,"minecraft:damage_dealt":2961,"minecraft:swim_one_cm":24464,"minecraft:fly_one_cm":256085,"minecraft:open_chest":230,"minecraft:crouch_one_cm":170251,"minecraft:fall_one_cm":37069},"minecraft:picked_up":{"minecraft:crafting_table":4,"minecraft:wheat":9,"minecraft:chicken":5,"minecraft:clay_ball":128,"minecraft:oak_stairs":15,"minecraft:dead_horn_coral_block":2,"minecraft:amethyst_block":15,"minecraft:string":5,"minecraft:iron_axe":1,"minecraft:raw_copper":65,"minecraft:pufferfish":1,"minecraft:deepslate_tiles":16,"minecraft:cobbled_deepslate":68,"minecraft:bucket":2,"minecraft:spruce_planks":1,"minecraft:iron_pickaxe":1,"minecraft:oak_boat":2,"minecraft:calcite":5,"minecraft:wooden_shovel":1,"minecraft:birch_sapling":2,"minecraft:chest":10,"minecraft:egg":1,"minecraft:furnace":1,"minecraft:sheaf_pottery_sherd":9,"minecraft:dark_oak_sapling":8,"minecraft:raw_iron":5,"minecraft:stick":17,"minecraft:copper_ingot":2,"minecraft:bowl":2,"minecraft:torch":5,"minecraft:acacia_log":5,"minecraft:amethyst_cluster":1,"minecraft:porkchop":3,"minecraft:pointed_dripstone":2,"minecraft:diorite":4,"minecraft:prismarine_crystals":5,"minecraft:golden_chestplate":2,"minecraft:green_terracotta":3,"minecraft:dark_oak_planks":270,"minecraft:arrow":9,"minecraft:rotten_flesh":14,"minecraft:tropical_fish":2,"minecraft:deepslate_bricks":10,"minecraft:cyan_terracotta":6,"minecraft:mutton":1,"minecraft:rail":2,"minecraft:cod":2,"minecraft:snowball":12,"minecraft:white_wool":1,"minecraft:cobblestone":43,"minecraft:sponge":4,"minecraft:birch_log":23,"minecraft:dark_oak_button":25,"minecraft:water_bucket":3,"minecraft:andesite":8,"minecraft:leather":1,"minecraft:potato":69,"minecraft:birch_planks":18,"minecraft:mushroom_stew":2,"minecraft:flint":2,"minecraft:tuff":10,"minecraft:prismarine_bricks":79,"minecraft:oak_log":91,"minecraft:gunpowder":9,"minecraft:lapis_lazuli":46,"minecraft:paper":2,"minecraft:dirt":113,"minecraft:leather_boots":1,"minecraft:bone":7,"minecraft:apple":3,"minecraft:stone_bricks":39,"minecraft:bow":4,"minecraft:wheat_seeds":26,"minecraft:raw_gold":2,"minecraft:iron_ingot":70,"minecraft:stone_pickaxe":4,"minecraft:rabbit":1,"minecraft:moss_block":37,"minecraft:prismarine":4,"minecraft:stone_hoe":1,"minecraft:oak_planks":13,"minecraft:book":2,"minecraft:oak_slab":122,"minecraft:smooth_basalt":1,"minecraft:dark_oak_slab":10,"minecraft:birch_boat":3,"minecraft:sweet_berries":5,"minecraft:dripstone_block":11,"minecraft:gravel":13,"minecraft:dead_fire_coral_block":4,"minecraft:sand":7,"minecraft:spruce_sapling":1,"minecraft:ink_sac":6,"minecraft:spruce_log":4,"minecraft:dark_oak_log":15,"minecraft:spider_eye":2,"minecraft:dark_prismarine":14,"minecraft:blue_terracotta":1,"minecraft:diamond_axe":1,"minecraft:stone_axe":1,"minecraft:iron_helmet":1,"minecraft:dead_bubble_coral_block":1,"minecraft:dead_brain_coral_block":2,"minecraft:granite":6,"minecraft:bone_meal":27,"minecraft:golden_apple":1,"minecraft:rooted_dirt":21,"minecraft:oak_sapling":12,"minecraft:dark_oak_fence":20,"minecraft:coal":9,"minecraft:hopper":2},"minecraft:crafted":{"minecraft:oak_planks":376,"minecraft:birch_boat":1,"minecraft:birch_slab":18,"minecraft:dark_oak_fence":24,"minecraft:iron_axe":1,"minecraft:spruce_slab":12,"minecraft:melon_seeds":12,"minecraft:decorated_pot":5,"minecraft:chest":1,"minecraft:dark_oak_planks":60,"minecraft:oak_slab":462,"minecraft:crafting_table":3,"minecraft:spruce_planks":28,"minecraft:bowl":16,"minecraft:bucket":1,"minecraft:dark_oak_button":25,"minecraft:birch_planks":100,"minecraft:pumpkin_seeds":16,"minecraft:stone_axe":2,"minecraft:air":0,"minecraft:oak_boat":1,"minecraft:dark_oak_slab":300,"minecraft:wooden_hoe":1,"minecraft:stick":64,"minecraft:iron_ingot":35,"minecraft:oak_stairs":16,"minecraft:composter":1,"minecraft:acacia_planks":20,"minecraft:torch":16},"minecraft:mined":{"minecraft:dark_oak_planks":85,"minecraft:dark_prismarine":7,"minecraft:deepslate_tiles":5,"minecraft:tuff":8,"minecraft:spruce_planks":2,"minecraft:oak_sapling":3,"minecraft:farmland":1,"minecraft:sculk_vein":119,"minecraft:dark_oak_log":12,"minecraft:sea_lantern":10,"minecraft:granite":8,"minecraft:dark_oak_fence":20,"minecraft:grass_block":17,"minecraft:deepslate_bricks":8,"minecraft:tube_coral_block":1,"minecraft:rooted_dirt":2,"minecraft:moss_block":20,"minecraft:hopper":2,"minecraft:tall_seagrass":1,"minecraft:furnace":1,"minecraft:iron_ore":1,"minecraft:cobbled_deepslate":3,"minecraft:deepslate_lapis_ore":1,"minecraft:potatoes":23,"minecraft:deepslate_iron_ore":3,"minecraft:dirt_path":1,"minecraft:oak_stairs":15,"minecraft:stone":3,"minecraft:brain_coral_block":4,"minecraft:oak_slab":75,"minecraft:cyan_terracotta":1,"minecraft:powder_snow":1,"minecraft:clay":9,"minecraft:crafting_table":4,"minecraft:torch":1,"minecraft:sponge":2,"minecraft:calcite":3,"minecraft:chest":9,"minecraft:sculk_sensor":1,"minecraft:copper_ore":2,"minecraft:cobblestone":12,"minecraft:deepslate_coal_ore":1,"minecraft:dried_kelp_block":3,"minecraft:lapis_ore":2,"minecraft:prismarine":10,"minecraft:oak_planks":15,"minecraft:sculk":6,"minecraft:amethyst_block":4,"minecraft:prismarine_bricks":8,"minecraft:deepslate_copper_ore":4,"minecraft:birch_sapling":1,"minecraft:white_terracotta":2,"minecraft:birch_planks":18,"minecraft:blue_terracotta":2,"minecraft:dark_oak_slab":10,"minecraft:birch_log":17,"minecraft:wheat":9,"minecraft:ice":1,"minecraft:spruce_log":1,"minecraft:birch_leaves":2,"minecraft:coal_ore":4,"minecraft:oak_log":73,"minecraft:sand":9,"minecraft:gravel":14,"minecraft:dripstone_block":5,"minecraft:dirt":66,"minecraft:smooth_basalt":1,"minecraft:horn_coral_block":3,"minecraft:deepslate":6,"minecraft:oak_leaves":39,"minecraft:suspicious_gravel":12},"minecraft:killed_by":{"minecraft:player":7}},"DataVersion":3839}