{"stats":{"minecraft:killed":{"minecraft:skeleton":1,"minecraft:zombie":1},"minecraft:dropped":{"minecraft:water_bucket":3,"minecraft:dark_oak_button":25,"minecraft:mushroom_stew":5,"minecraft:diorite":1,"minecraft:mutton":2,"minecraft:rabbit":2,"minecraft:spruce_sapling":1,"minecraft:stone_bricks":39},"minecraft:used":{"minecraft:chest":2,"minecraft:decorated_pot":5,"minecraft:spruce_planks":11,"minecraft:wooden_shovel":10,"minecraft:stone_hoe":23,"minecraft:torch":18,"minecraft:dirt":249,"minecraft:hopper":2,"minecraft:tuff":2,"minecraft:granite":1,"minecraft:snowball":2,"minecraft:dark_oak_planks":111,"minecraft:flowering_azalea":2,"minecraft:iron_axe":113,"minecraft:oak_stairs":30,"minecraft:birch_sapling":5,"minecraft:dark_oak_slab":284,"minecraft:melon_seeds":9,"minecraft:sweet_berries":3,"minecraft:oak_sapling":16,"minecraft:egg":1,"minecraft:potato":36,"minecraft:cobbled_deepslate":5,"minecraft:wheat_seeds":14,"minecraft:water_bucket":31,"minecraft:amethyst_block":1,"minecraft:birch_planks":75,"minecraft:stone_pickaxe":42,"minecraft:oak_planks":68,"minecraft:birch_boat":4,"minecraft:composter":1,"minecraft:deepslate_bricks":4,"minecraft:oak_slab":528,"minecraft:crafting_table":5,"minecraft:mushroom_stew":9,"minecraft:pumpkin_seeds":17,"minecraft:deepslate_tiles":5,"minecraft:oak_log":5,"minecraft:wooden_hoe":59,"minecraft:birch_slab":17,"minecraft:spruce_sapling":5,"minecraft:stone_axe":226,"minecraft:cobblestone":5,"minecraft:dark_oak_fence":42,"minecraft:birch_log":3,"minecraft:bucket":31,"minecraft:oak_boat":2,"minecraft:bone_meal":19},"minecraft:broken":{"minecraft:stone_axe":1,"minecraft:wooden_hoe":1},"minecraft:custom":{"minecraft:mob_kills":2,"minecraft:inspect_hopper":4,"minecraft:interact_with_crafting_table":50,"minecraft:time_since_death":20865,"minecraft:damage_resisted":43,"minecraft:sprint_one_cm":204730,"minecraft:walk_one_cm":388044,"minecraft:drop":16,"minecraft:play_time":131606,"minecraft:deaths":2,"minecraft:sneak_time":36131,"minecraft:walk_under_water_one_cm":32237,"minecraft:boat_one_cm":5297,"minecraft:jump":822,"minecraft:walk_on_water_one_cm":14712,"minecraft:total_world_time":131606,"minecraft:interact_with_furnace":2,"minecraft:time_since_rest":20903,"minecraft:damage_taken":849,"minecraft:damage_dealt":646,"minecraft:swim_one_cm":24034,"minecraft:fly_one_cm":137983,"minecraft:open_chest":184,"minecraft:crouch_one_cm":150682,"minecraft:fall_one_cm":16175},"minecraft:picked_up":{"minecraft:crafting_table":3,"minecraft:wheat":4,"minecraft:clay_ball":4,"minecraft:oak_stairs":15,"minecraft:amethyst_block":10,"minecraft:string":1,"minecraft:raw_copper":5,"minecraft:deepslate_tiles":16,"minecraft:cobbled_deepslate":11,"minecraft:bucket":1,"minecraft:spruce_planks":1,"minecraft:oak_boat":2,"minecraft:calcite":2,"minecraft:birch_sapling":2,"minecraft:chest":6,"minecraft:egg":1,"minecraft:furnace":1,"minecraft:dark_oak_sapling":8,"minecraft:stick":10,"minecraft:torch":5,"minecraft:amethyst_cluster":1,"minecraft:porkchop":3,"minecraft:diorite":1,"minecraft:dark_oak_planks":270,"minecraft:rotten_flesh":2,"minecraft:deepslate_bricks":10,"minecraft:mutton":1,"minecraft:cod":1,"minecraft:snowball":12,"minecraft:white_wool":1,"minecraft:cobblestone":32,"minecraft:birch_log":23,"minecraft:dark_oak_button":25,"minecraft:water_bucket":3,"minecraft:leather":1,"minecraft:potato":34,"minecraft:birch_planks":18,"minecraft:flint":2,"minecraft:tuff":3,"minecraft:oak_log":88,"minecraft:lapis_lazuli":46,"minecraft:dirt":107,"minecraft:leather_boots":1,"minecraft:bone":2,"minecraft:apple":2,"minecraft:stone_bricks":39,"minecraft:bow":1,"minecraft:wheat_seeds":12,"minecraft:raw_gold":1,"minecraft:rabbit":1,"minecraft:moss_block":10,"minecraft:stone_hoe":1,"minecraft:oak_planks":13,"minecraft:oak_slab":122,"minecraft:smooth_basalt":1,"minecraft:dark_oak_slab":10,"minecraft:birch_boat":3,"minecraft:sweet_berries":5,"minecraft:dripstone_block":4,"minecraft:gravel":3,"minecraft:spruce_sapling":1,"minecraft:spruce_log":3,"minecraft:dark_oak_log":12,"minecraft:granite":3,"minecraft:bone_meal":27,"minecraft:rooted_dirt":5,"minecraft:oak_sapling":12,"minecraft:dark_oak_fence":18,"minecraft:hopper":2},"minecraft:crafted":{"minecraft:oak_planks":372,"minecraft:birch_boat":1,"minecraft:birch_slab":18,"minecraft:dark_oak_fence":24,"minecraft:iron_axe":1,"minecraft:melon_seeds":12,"minecraft:decorated_pot":5,"minecraft:chest":1,"minecraft:dark_oak_planks":48,"minecraft:oak_slab":462,"minecraft:crafting_table":3,"minecraft:spruce_planks":12,"minecraft:bowl":8,"minecraft:dark_oak_button":25,"minecraft:birch_planks":100,"minecraft:pumpkin_seeds":16,"minecraft:stone_axe":2,"minecraft:oak_boat":1,"minecraft:dark_oak_slab":276,"minecraft:wooden_hoe":1,"minecraft:stick":64,"minecraft:oak_stairs":16,"minecraft:composter":1,"minecraft:torch":16},"minecraft:mined":{"minecraft:dark_oak_planks":85,"minecraft:deepslate_tiles":5,"minecraft:tuff":1,"minecraft:spruce_planks":2,"minecraft:oak_sapling":3,"minecraft:farmland":1,"minecraft:sculk_vein":35,"minecraft:dark_oak_log":8,"minecraft:granite":1,"minecraft:dark_oak_fence":18,"minecraft:grass_block":16,"minecraft:deepslate_bricks":8,"minecraft:moss_block":1,"minecraft:hopper":2,"minecraft:tall_seagrass":1,"minecraft:furnace":1,"minecraft:cobbled_deepslate":2,"minecraft:potatoes":13,"minecraft:dirt_path":1,"minecraft:oak_stairs":15,"minecraft:oak_slab":75,"minecraft:crafting_table":3,"minecraft:torch":1,"minecraft:calcite":1,"minecraft:chest":5,"minecraft:cobblestone":12,"minecraft:oak_planks":15,"minecraft:sculk":1,"minecraft:amethyst_block":4,"minecraft:birch_sapling":1,"minecraft:white_terracotta":2,"minecraft:birch_planks":18,"minecraft:dark_oak_slab":10,"minecraft:birch_log":17,"minecraft:wheat":4,"minecraft:ice":1,"minecraft:birch_leaves":2,"minecraft:oak_log":70,"minecraft:gravel":2,"minecraft:dirt":63,"minecraft:oak_leaves":39}},"DataVersion":3839}