{"stats":{"minecraft:dropped":{"minecraft:mushroom_stew":5},"minecraft:used":{"minecraft:wooden_hoe":1,"minecraft:water_bucket":4,"minecraft:birch_planks":29,"minecraft:birch_sapling":4,"minecraft:composter":1,"minecraft:spruce_sapling":5,"minecraft:wooden_shovel":10,"minecraft:melon_seeds":9,"minecraft:stone_axe":16,"minecraft:dirt":8,"minecraft:crafting_table":1,"minecraft:oak_slab":166,"minecraft:mushroom_stew":1,"minecraft:oak_sapling":11,"minecraft:bucket":4,"minecraft:oak_boat":1,"minecraft:egg":1,"minecraft:potato":1,"minecraft:bone_meal":1,"minecraft:pumpkin_seeds":17},"minecraft:custom":{"minecraft:time_since_rest":34805,"minecraft:interact_with_furnace":1,"minecraft:sprint_one_cm":21146,"minecraft:damage_taken":284,"minecraft:walk_one_cm":125392,"minecraft:drop":5,"minecraft:damage_dealt":138,"minecraft:interact_with_crafting_table":16,"minecraft:fly_one_cm":14056,"minecraft:open_chest":98,"minecraft:crouch_one_cm":26794,"minecraft:play_time":35606,"minecraft:deaths":1,"minecraft:sneak_time":7035,"minecraft:walk_under_water_one_cm":1077,"minecraft:boat_one_cm":1589,"minecraft:jump":193,"minecraft:time_since_death":34762,"minecraft:walk_on_water_one_cm":933,"minecraft:total_world_time":35606,"minecraft:fall_one_cm":2508},"minecraft:picked_up":{"minecraft:birch_log":14,"minecraft:stick":3,"minecraft:oak_slab":71,"minecraft:clay_ball":4,"minecraft:water_bucket":1,"minecraft:birch_planks":14,"minecraft:gravel":3,"minecraft:flint":1,"minecraft:oak_log":29,"minecraft:string":1,"minecraft:dirt":51,"minecraft:bone_meal":1,"minecraft:rabbit":1,"minecraft:oak_sapling":5,"minecraft:mutton":1,"minecraft:birch_sapling":1,"minecraft:chest":1,"minecraft:white_wool":1,"minecraft:egg":1},"minecraft:crafted":{"minecraft:oak_boat":1,"minecraft:oak_planks":104,"minecraft:oak_slab":132,"minecraft:wooden_hoe":1,"minecraft:crafting_table":1,"minecraft:melon_seeds":12,"minecraft:stick":4,"minecraft:bowl":8,"minecraft:composter":1,"minecraft:pumpkin_seeds":16,"minecraft:birch_planks":36,"minecraft:stone_axe":1},"minecraft:mined":{"minecraft:tall_seagrass":1,"minecraft:birch_planks":14,"minecraft:oak_slab":6,"minecraft:oak_sapling":2,"minecraft:birch_log":7,"minecraft:grass_block":16,"minecraft:oak_log":11,"minecraft:chest":2,"minecraft:dirt_path":1,"minecraft:gravel":1,"minecraft:dirt":19}},"DataVersion":3839}