{"stats":{"minecraft:dropped":{"minecraft:mushroom_stew":5},"minecraft:used":{"minecraft:wooden_hoe":1,"minecraft:water_bucket":3,"minecraft:birch_planks":21,"minecraft:birch_sapling":1,"minecraft:composter":1,"minecraft:wooden_shovel":10,"minecraft:melon_seeds":3,"minecraft:dirt":8,"minecraft:crafting_table":1,"minecraft:oak_slab":147,"minecraft:mushroom_stew":1,"minecraft:oak_sapling":7,"minecraft:bucket":3,"minecraft:oak_boat":1,"minecraft:egg":1,"minecraft:potato":1,"minecraft:pumpkin_seeds":17},"minecraft:custom":{"minecraft:time_since_rest":22805,"minecraft:sprint_one_cm":14104,"minecraft:damage_taken":266,"minecraft:walk_one_cm":80977,"minecraft:drop":5,"minecraft:damage_dealt":54,"minecraft:interact_with_crafting_table":11,"minecraft:fly_one_cm":10014,"minecraft:open_chest":52,"minecraft:crouch_one_cm":24988,"minecraft:play_time":23606,"minecraft:deaths":1,"minecraft:sneak_time":6631,"minecraft:walk_under_water_one_cm":1077,"minecraft:boat_one_cm":1589,"minecraft:jump":111,"minecraft:time_since_death":22762,"minecraft:walk_on_water_one_cm":879,"minecraft:total_world_time":23606,"minecraft:fall_one_cm":836},"minecraft:picked_up":{"minecraft:birch_log":8,"minecraft:oak_slab":70,"minecraft:clay_ball":4,"minecraft:water_bucket":1,"minecraft:birch_planks":10,"minecraft:gravel":3,"minecraft:flint":1,"minecraft:oak_log":23,"minecraft:dirt":51,"minecraft:oak_sapling":3,"minecraft:chest":1,"minecraft:egg":1},"minecraft:crafted":{"minecraft:oak_boat":1,"minecraft:oak_planks":92,"minecraft:oak_slab":84,"minecraft:wooden_hoe":1,"minecraft:crafting_table":1,"minecraft:melon_seeds":2,"minecraft:stick":4,"minecraft:bowl":8,"minecraft:composter":1,"minecraft:pumpkin_seeds":16,"minecraft:birch_planks":36},"minecraft:mined":{"minecraft:birch_planks":10,"minecraft:oak_slab":5,"minecraft:oak_sapling":2,"minecraft:grass_block":16,"minecraft:oak_log":5,"minecraft:chest":2,"minecraft:dirt_path":1,"minecraft:dirt":16}},"DataVersion":3839}