{"stats":{"minecraft:custom":{"lootr:looted_stat":15,"minecraft:interact_with_crafting_table":100,"minecraft:leave_game":2,"minecraft:time_since_death":96775,"minecraft:sprint_one_cm":645260,"minecraft:drop":182,"minecraft:talked_to_villager":1,"minecraft:play_time":453437,"minecraft:deaths":7,"minecraft:jump":4865,"minecraft:walk_on_water_one_cm":22733,"minecraft:enchant_item":12,"minecraft:interact_with_furnace":39,"minecraft:sleep_in_bed":1,"minecraft:damage_dealt":8870,"minecraft:crouch_one_cm":218234,"minecraft:interact_with_smoker":9,"minecraft:horse_one_cm":555893,"minecraft:interact_with_smithing_table":1,"minecraft:mob_kills":53,"minecraft:damage_dealt_resisted":7691,"minecraft:climb_one_cm":5564,"minecraft:walk_one_cm":1168548,"minecraft:damage_dealt_absorbed":4491,"minecraft:sneak_time":56228,"minecraft:walk_under_water_one_cm":24453,"minecraft:total_world_time":453437,"minecraft:interact_with_grindstone":1,"minecraft:hex":0,"minecraft:time_since_rest":96798,"minecraft:damage_absorbed":2053,"minecraft:damage_taken":4667,"minecraft:swim_one_cm":76788,"minecraft:fly_one_cm":1085033,"minecraft:open_chest":187,"minecraft:fall_one_cm":168652},"minecraft:dropped":{"minecraft:orange_tulip":28,"amethyst_imbuement:gem_of_promise":1,"regions_unexplored:bleeding_heart":82,"minecraft:dirt":45,"minecraft:cornflower":11,"croptopia:sweetpotato_seed":2,"croptopia:barley_seed":3,"minecraft:sand":10,"regions_unexplored:felicia_daisy":2,"minecraft:gravel":43,"minecraft:white_tulip":55,"minecraft:cobbled_deepslate":16,"minecraft:wheat":1,"minecraft:rotten_flesh":19,"minecraft:diamond_shovel":1,"minecraft:poppy":1,"regions_unexplored:white_trillium":42,"regions_unexplored:red_lupine":15,"minecraft:skeleton_skull":1,"croptopia:broccoli_seed":1,"minecraft:leather_boots":1,"minecraft:ladder":3,"croptopia:barley":3,"basicweapons:iron_spear":1,"minecraft:egg":1,"regions_unexplored:tsubaki":37,"minecraft:bread":7,"regions_unexplored:fireweed":13,"croptopia:lettuce_seed":3,"minecraft:wheat_seeds":52,"minecraft:diamond_leggings":1,"clutter:copper_coin":4,"minecraft:cobblestone":815,"croptopia:orange":1,"croptopia:sweetpotato":1,"basicweapons:diamond_club":1,"minecraft:apple":9,"regions_unexplored:tassel":1,"minecraft:granite":5,"regions_unexplored:daisy":17,"minecraft:oxeye_daisy":3,"minecraft:diamond_horse_armor":2,"regions_unexplored:salmon_poppy_bush":74,"minecraft:torch":1,"mythic_charms:experience_nugget":21,"croptopia:lettuce":2,"regions_unexplored:purple_lupine":6,"variantshields:oak_diamond_shield":1,"minecraft:zombie_head":2,"minecraft:diamond_helmet":1,"minecraft:iron_leggings":1,"artifacts:feral_claws":1,"minecraft:dandelion":2,"regions_unexplored:waratah":55,"minecraft:creeper_head":2,"minecraft:stone_sword":2,"minecraft:raw_copper":16,"minecraft:tuff":1,"croptopia:cabbage_seed":1,"minecraft:iron_boots":1,"regions_unexplored:mauve_planks":2,"regions_unexplored:hyssop":68,"regions_unexplored:aster":2,"regions_unexplored:pink_lupine":15,"minecraft:spruce_fence":2,"minecraft:blast_furnace":1,"minecraft:potato":1,"minecraft:cobblestone_slab":1,"minecraft:cyan_wool":2,"extraspellattributes:goldquartzamulet":1,"minecraft:allium":62,"minecraft:diamond_chestplate":1,"minecraft:peony":3,"minecraft:spruce_trapdoor":1,"basicweapons:iron_quarterstaff":1,"minecraft:iron_chestplate":1,"minecraft:andesite":6,"minecraft:oak_sapling":1,"minecraft:diamond_boots":1,"minecraft:blue_orchid":18,"minecraft:red_tulip":3,"minecraft:calcite":10,"regions_unexplored:silt_dirt":40,"regions_unexplored:blue_lupine":33},"minecraft:killed":{"minecraft:witch":1,"graveyard:skeleton_creeper":1,"minecraft:spider":5,"minecraft:skeleton":11,"minecraft:chicken":1,"minecraft:pig":6,"minecraft:creeper":6,"minecraft:sheep":4,"minecraft:zombie":16,"minecraft:giant":1},"minecraft:mined":{"regions_unexplored:blue_lupine":71,"minecraft:oak_sapling":3,"minecraft:farmland":6,"croptopia:greenbean_crop":1,"minecraft:cherry_log":23,"minecraft:spruce_trapdoor":1,"extensivediamonds:deepslate_dark_diamond_ore":7,"mythicupgrades:citrine_crystal_block":12,"mythicupgrades:zircon_crystal_block":14,"minecraft:granite":5,"regions_unexplored:bleeding_heart":80,"minecraft:grass_block":1258,"regions_unexplored:white_trillium":46,"crystals_overhauled:celestite_ore":2,"minecraft:oxeye_daisy":6,"minecraft:magma_block":1,"extensivediamonds:deepslate_green_diamond_ore":33,"minecraft:iron_ore":34,"regions_unexplored:purple_lupine":3,"minecraft:deepslate_lapis_ore":4,"minecraft:enchanting_table":1,"minecraft:dirt_path":1,"minecraft:blue_orchid":38,"minecraft:orange_bed":1,"minecraft:deepslate_redstone_ore":3,"regions_unexplored:mauve_stairs":6,"regions_unexplored:red_lupine":19,"minecraft:smoker":1,"regions_unexplored:mauve_slab":3,"minecraft:soul_lantern":1,"minecraft:torch":12,"crystals_overhauled:saphire_ore":2,"croptopia:oat_crop":1,"minecraft:blast_furnace":1,"minecraft:calcite":10,"minecraft:chest":1,"minecraft:glass":1,"minecraft:cobblestone":3,"minecraft:cyan_bed":1,"extensivediamonds:deepslate_red_diamond_ore":8,"minecraft:wall_torch":9,"regions_unexplored:tsubaki":33,"minecraft:cyan_wool":2,"regions_unexplored:hyssop":52,"regions_unexplored:mauve_planks":105,"regions_unexplored:mauve_leaves":96,"minecraft:orange_tulip":35,"minecraft:grass":184,"minecraft:oak_log":18,"minecraft:dirt":792,"darkblades:dark_ore":8,"minecraft:smooth_basalt":8,"minecraft:oak_leaves":6,"minecraft:deepslate":334,"regions_unexplored:fireweed":29,"minecraft:tuff":27,"minecraft:deepslate_diamond_ore":46,"regions_unexplored:pink_lupine":20,"mythicupgrades:zircon_crystal_cluster":1,"minecraft:ladder":4,"minecraft:allium":72,"minecraft:spruce_fence":2,"regions_unexplored:aster":6,"croptopia:barley_crop":1,"minecraft:furnace":2,"minecraft:carrots":19,"runes:crafting_altar":1,"regions_unexplored:waratah":34,"croptopia:soybean_crop":1,"minecraft:andesite":6,"mythicmetals:tin_ore":7,"minecraft:peony":3,"minecraft:bookshelf":45,"minecraft:potatoes":1,"minecraft:deepslate_iron_ore":6,"minecraft:cobblestone_slab":1,"minecraft:vine":1,"minecraft:lantern":5,"regions_unexplored:medium_grass":189,"minecraft:bamboo_sapling":6,"minecraft:bamboo":1,"mythicupgrades:citrine_crystal_cluster":1,"minecraft:stone":1242,"minecraft:white_tulip":38,"minecraft:smithing_table":1,"croptopia:sweetpotato_crop":2,"minecraft:cornflower":19,"minecraft:crafting_table":2,"regions_unexplored:salmon_poppy_bush":52,"minecraft:tall_grass":12,"minecraft:copper_ore":14,"regions_unexplored:mauve_log":350,"regions_unexplored:daisy":17,"mythicmetals:deepslate_runite_ore":4,"minecraft:diorite":24,"spell_engine:spell_binding":1,"minecraft:coal_ore":52,"minecraft:cherry_leaves":1,"minecraft:zombie_head":1,"minecraft:gravel":103},"minecraft:killed_by":{"minecraft:zombie_villager":1,"minecraft:zombie":3,"minecraft:spider":2},"minecraft:picked_up":{"minecraft:wheat":1,"minecraft:flower_pot":1,"minecraft:creeper_head":4,"mythic_charms:deepslate_fragment":64,"minecraft:smithing_table":1,"regions_unexplored:silt_dirt":40,"croptopia:cabbage_seed":1,"travelersbackpack:diamond":1,"mythicupgrades:zircon_crystal_block":14,"minecraft:string":14,"croptopia:lettuce":2,"minecraft:raw_copper":52,"minecraft:zombie_head":9,"minecraft:diamond_leggings":1,"minecraft:cobbled_deepslate":80,"minecraft:white_tulip":55,"minecraft:calcite":10,"minecraft:cobblestone_slab":1,"minecraft:furnace":2,"minecraft:stick":76,"croptopia:barley_seed":3,"minecraft:torch":56,"minecraft:porkchop":22,"minecraft:cherry_log":23,"minecraft:diorite":24,"regions_unexplored:daisy":18,"minecraft:stone_sword":2,"minecraft:rotten_flesh":29,"regions_unexplored:tsubaki":43,"regions_unexplored:mauve_log":344,"minecraft:red_tulip":3,"clutter:cherries":2,"mythicupgrades:citrine_crystal_shard":6,"minecraft:cobblestone":1238,"croptopia:lettuce_seed":3,"minecraft:enchanting_table":1,"minecraft:magma_block":1,"minecraft:feather":5,"croptopia:broccoli_seed":1,"minecraft:andesite":6,"minecraft:brown_wool":1,"minecraft:smoker":1,"minecraft:potato":72,"minecraft:flint":10,"minecraft:tuff":1,"minecraft:lapis_lazuli":76,"minecraft:dirt":2077,"minecraft:lantern":14,"minecraft:leather_boots":1,"minecraft:bone":34,"croptopia:sweetpotato":2,"minecraft:bow":2,"minecraft:orange_tulip":30,"minecraft:wheat_seeds":88,"extensivediamonds:red_diamond":6,"basicweapons:diamond_club":1,"regions_unexplored:mauve_leaves":44,"minecraft:diamond_helmet":1,"minecraft:bamboo":22,"regions_unexplored:mauve_stairs":6,"minecraft:cooked_porkchop":2,"minecraft:sand":50,"minecraft:cyan_bed":1,"regions_unexplored:pink_lupine":19,"regions_unexplored:mauve_planks":106,"regions_unexplored:hyssop":72,"clutter:copper_coin":4,"minecraft:diamond":57,"minecraft:soul_lantern":1,"minecraft:granite":5,"minecraft:emerald":4,"minecraft:bread":7,"minecraft:oak_sapling":10,"minecraft:crafting_table":2,"minecraft:allium":62,"minecraft:chicken":2,"minecraft:ladder":7,"runes:crafting_altar":1,"croptopia:sweetpotato_seed":2,"regions_unexplored:white_trillium":42,"minecraft:diamond_horse_armor":2,"minecraft:cornflower":21,"artifacts:feral_claws":1,"minecraft:blue_orchid":30,"mythicupgrades:citrine_crystal_block":12,"darkbread:ender_bread":2,"minecraft:cyan_wool":2,"minecraft:player_head":1,"minecraft:poppy":1,"minecraft:chest":1,"minecraft:spruce_trapdoor":1,"minecraft:egg":1,"regions_unexplored:bleeding_heart":82,"minecraft:raw_iron":41,"minecraft:spruce_fence":2,"regions_unexplored:blue_lupine":69,"mythicmetals:raw_tin":10,"crystals_overhauled:saphire":5,"minecraft:carrot":126,"minecraft:redstone":2,"mythicmetals:raw_runite":7,"minecraft:diamond_chestplate":1,"minecraft:arrow":160,"mythic_charms:experience_nugget":115,"regions_unexplored:mauve_sapling":26,"minecraft:peony":3,"regions_unexplored:felicia_daisy":2,"minecraft:diamond_boots":1,"spell_engine:spell_binding":1,"minecraft:saddle":1,"minecraft:gold_ingot":4,"nyfsbp:carrot_banner_pattern":1,"regions_unexplored:purple_lupine":6,"minecraft:mutton":6,"minecraft:white_wool":3,"minecraft:skeleton_skull":6,"minecraft:bone_block":1,"minecraft:oxeye_daisy":5,"regions_unexplored:mauve_slab":3,"minecraft:oak_log":18,"regions_unexplored:red_lupine":25,"regions_unexplored:salmon_poppy_bush":74,"minecraft:gunpowder":6,"regions_unexplored:tassel":1,"extensivediamonds:green_diamond":33,"regions_unexplored:waratah":57,"minecraft:cooked_mutton":6,"regions_unexplored:aster":5,"minecraft:apple":15,"croptopia:barley":5,"minecraft:iron_ingot":25,"darkblades:dark_dust":16,"minecraft:book":129,"minecraft:smooth_basalt":8,"extensivediamonds:dark_diamond":7,"minecraft:dandelion":2,"minecraft:gravel":85,"minecraft:blast_furnace":1,"minecraft:spider_eye":24,"mythicupgrades:zircon_crystal_shard":4,"minecraft:firework_rocket":10,"minecraft:diamond_shovel":1,"regions_unexplored:fireweed":19,"croptopia:orange":1,"minecraft:cherry_sapling":1,"minecraft:baked_potato":22,"crystals_overhauled:celestite":2,"minecraft:coal":85},"minecraft:crafted":{"minecraft:oak_planks":60,"regions_unexplored:mauve_slab":30,"minecraft:cooked_chicken":2,"regions_unexplored:mauve_fence":3,"minecraft:diamond_shovel":4,"minecraft:bookshelf":18,"variantshields:oak_diamond_shield":2,"minecraft:cooked_mutton":6,"minecraft:glass":19,"minecraft:diamond_helmet":1,"minecraft:diamond_leggings":2,"minecraft:iron_boots":2,"minecraft:chest":11,"minecraft:stone_hoe":4,"azure-paxels:diamond_paxel":2,"minecraft:cooked_porkchop":22,"minecraft:diamond_axe":2,"minecraft:crafting_table":2,"minecraft:baked_potato":1,"minecraft:wooden_pickaxe":2,"regions_unexplored:mauve_door":6,"regions_unexplored:mauve_stairs":72,"minecraft:iron_chestplate":2,"archers:rapid_crossbow":5,"minecraft:diamond_pickaxe":4,"minecraft:stick":12,"minecraft:iron_ingot":6,"minecraft:iron_pickaxe":1,"minecraft:shears":2,"minecraft:stone_shovel":5,"minecraft:tripwire_hook":4,"minecraft:iron_nugget":27,"minecraft:furnace":2,"minecraft:bone_meal":72,"minecraft:glass_pane":96,"minecraft:lantern":4,"regions_unexplored:mauve_planks":1516,"minecraft:ladder":9,"minecraft:stone_pickaxe":12,"minecraft:diamond_boots":1,"minecraft:cooked_beef":4,"archers:royal_longbow":2,"minecraft:bucket":2,"minecraft:stone_axe":4,"minecraft:air":0,"minecraft:iron_shovel":2,"minecraft:iron_leggings":1,"minecraft:white_bed":2,"minecraft:torch":68,"minecraft:diamond_chestplate":1},"minecraft:used":{"minecraft:iron_shovel":175,"minecraft:ladder":8,"minecraft:chest":7,"travelersbackpack:diamond":3,"darkbread:ender_bread":8,"regions_unexplored:mauve_log":27,"minecraft:iron_chestplate":1,"minecraft:carrot":134,"regions_unexplored:mauve_sapling":26,"regions_unexplored:mauve_slab":13,"minecraft:obsidian":10,"minecraft:glass":1,"minecraft:lantern":5,"minecraft:magma_block":1,"minecraft:bow":10,"minecraft:furnace":3,"minecraft:oak_sapling":4,"minecraft:potato":57,"minecraft:stone_pickaxe":592,"minecraft:orange_tulip":2,"minecraft:wooden_pickaxe":9,"minecraft:diamond_axe":343,"minecraft:sugar_cane":11,"regions_unexplored:mauve_planks":1107,"darkbread:obsidian_bread":1,"minecraft:shears":44,"minecraft:zombie_head":1,"darkbread:green_bread":1,"minecraft:bread":8,"minecraft:cyan_bed":1,"regions_unexplored:mauve_stairs":38,"regions_unexplored:mauve_fence":3,"minecraft:gravel":4,"minecraft:diamond_sword":163,"minecraft:bone_meal":54,"minecraft:flint_and_steel":1,"minecraft:enchanting_table":1,"minecraft:stone_sword":66,"basicweapons:iron_dagger":111,"minecraft:stone_shovel":334,"azure-paxels:diamond_paxel":48,"minecraft:stone_hoe":155,"minecraft:cooked_chicken":2,"minecraft:torch":120,"minecraft:dirt":1924,"regions_unexplored:hyssop":4,"minecraft:bookshelf":9,"minecraft:bamboo":22,"regions_unexplored:mauve_leaves":12,"minecraft:cooked_beef":2,"minecraft:cobbled_deepslate":10,"regions_unexplored:blue_lupine":4,"minecraft:cooked_mutton":5,"minecraft:water_bucket":72,"regions_unexplored:mauve_door":2,"minecraft:bundle":2,"minecraft:baked_potato":1,"minecraft:leather_boots":1,"minecraft:crafting_table":4,"minecraft:white_bed":1,"minecraft:smoker":1,"minecraft:oak_log":3,"minecraft:flower_pot":1,"minecraft:diamond_pickaxe":1103,"minecraft:apple":7,"minecraft:diamond_shovel":1583,"minecraft:iron_pickaxe":250,"minecraft:stone_axe":236,"minecraft:cobblestone":57,"archers:royal_longbow":76,"minecraft:cooked_porkchop":21,"minecraft:bucket":72,"minecraft:glass_pane":40},"minecraft:broken":{"minecraft:iron_shovel":1,"minecraft:stone_pickaxe":4,"minecraft:diamond_pickaxe":1,"minecraft:stone_axe":2,"minecraft:stone_shovel":3,"minecraft:leather_boots":1,"minecraft:iron_pickaxe":1}},"DataVersion":3465}