{"stats":{"minecraft:killed":{"minecraft:skeleton":9,"minecraft:drowned":1,"minecraft:creeper":18,"minecraft:zombie":14},"minecraft:dropped":{"minecraft:water_bucket":3,"minecraft:dark_oak_button":25,"minecraft:mushroom_stew":5,"minecraft:diorite":1,"minecraft:mutton":2,"minecraft:rabbit":2,"minecraft:spruce_sapling":1,"minecraft:bowl":2,"minecraft:stone_bricks":39,"minecraft:arrow":1},"minecraft:used":{"minecraft:moss_block":33,"minecraft:stone_sword":35,"minecraft:chest":2,"minecraft:decorated_pot":5,"minecraft:spruce_planks":11,"minecraft:wooden_shovel":10,"minecraft:rotten_flesh":4,"minecraft:stone_hoe":109,"minecraft:torch":20,"minecraft:dirt":253,"minecraft:hopper":2,"minecraft:dead_brain_coral_block":1,"minecraft:axolotl_bucket":2,"minecraft:tuff":8,"minecraft:granite":1,"minecraft:snowball":2,"minecraft:dark_oak_planks":111,"minecraft:flowering_azalea":2,"minecraft:iron_axe":115,"minecraft:oak_stairs":30,"minecraft:birch_sapling":5,"minecraft:dark_oak_slab":284,"minecraft:melon_seeds":9,"minecraft:sweet_berries":3,"minecraft:oak_sapling":16,"minecraft:egg":1,"minecraft:potato":36,"minecraft:cobbled_deepslate":5,"minecraft:wheat_seeds":14,"minecraft:water_bucket":35,"minecraft:amethyst_block":1,"minecraft:birch_planks":75,"minecraft:stone_pickaxe":128,"minecraft:oak_planks":68,"minecraft:birch_boat":4,"minecraft:composter":1,"minecraft:deepslate_bricks":4,"minecraft:oak_slab":528,"minecraft:crafting_table":5,"minecraft:mushroom_stew":14,"minecraft:dripstone_block":3,"minecraft:pumpkin_seeds":17,"minecraft:deepslate_tiles":5,"minecraft:oak_log":5,"minecraft:wooden_hoe":59,"minecraft:birch_slab":17,"minecraft:gravel":1,"minecraft:spruce_sapling":5,"minecraft:stone_axe":226,"minecraft:cobblestone":5,"minecraft:dark_oak_fence":42,"minecraft:birch_log":3,"minecraft:bucket":37,"minecraft:oak_boat":2,"minecraft:bone_meal":19},"minecraft:broken":{"minecraft:stone_axe":1,"minecraft:wooden_hoe":1},"minecraft:custom":{"minecraft:mob_kills":42,"minecraft:inspect_hopper":4,"minecraft:interact_with_crafting_table":52,"minecraft:time_since_death":23556,"minecraft:damage_resisted":43,"minecraft:sprint_one_cm":233526,"minecraft:walk_one_cm":443091,"minecraft:drop":19,"minecraft:play_time":155606,"minecraft:deaths":3,"minecraft:sneak_time":40879,"minecraft:walk_under_water_one_cm":34502,"minecraft:boat_one_cm":5297,"minecraft:jump":1047,"minecraft:walk_on_water_one_cm":16558,"minecraft:total_world_time":155606,"minecraft:interact_with_furnace":2,"minecraft:time_since_rest":23590,"minecraft:damage_taken":1809,"minecraft:damage_dealt":1482,"minecraft:swim_one_cm":24464,"minecraft:fly_one_cm":178613,"minecraft:open_chest":195,"minecraft:crouch_one_cm":165254,"minecraft:fall_one_cm":27625},"minecraft:picked_up":{"minecraft:crafting_table":3,"minecraft:wheat":4,"minecraft:chicken":1,"minecraft:clay_ball":4,"minecraft:oak_stairs":15,"minecraft:dead_horn_coral_block":2,"minecraft:amethyst_block":10,"minecraft:string":5,"minecraft:iron_axe":1,"minecraft:raw_copper":39,"minecraft:deepslate_tiles":16,"minecraft:cobbled_deepslate":16,"minecraft:bucket":2,"minecraft:spruce_planks":1,"minecraft:oak_boat":2,"minecraft:calcite":5,"minecraft:wooden_shovel":1,"minecraft:birch_sapling":2,"minecraft:chest":8,"minecraft:egg":1,"minecraft:furnace":1,"minecraft:dark_oak_sapling":8,"minecraft:raw_iron":4,"minecraft:stick":10,"minecraft:torch":5,"minecraft:acacia_log":5,"minecraft:amethyst_cluster":1,"minecraft:porkchop":3,"minecraft:diorite":1,"minecraft:green_terracotta":3,"minecraft:dark_oak_planks":270,"minecraft:arrow":9,"minecraft:rotten_flesh":11,"minecraft:tropical_fish":2,"minecraft:deepslate_bricks":10,"minecraft:cyan_terracotta":5,"minecraft:mutton":1,"minecraft:cod":1,"minecraft:snowball":12,"minecraft:white_wool":1,"minecraft:cobblestone":39,"minecraft:birch_log":23,"minecraft:dark_oak_button":25,"minecraft:water_bucket":3,"minecraft:andesite":4,"minecraft:leather":1,"minecraft:potato":34,"minecraft:birch_planks":18,"minecraft:flint":2,"minecraft:tuff":10,"minecraft:oak_log":88,"minecraft:gunpowder":9,"minecraft:lapis_lazuli":46,"minecraft:dirt":112,"minecraft:leather_boots":1,"minecraft:bone":7,"minecraft:apple":2,"minecraft:stone_bricks":39,"minecraft:bow":2,"minecraft:wheat_seeds":12,"minecraft:raw_gold":2,"minecraft:stone_pickaxe":2,"minecraft:rabbit":1,"minecraft:moss_block":33,"minecraft:stone_hoe":1,"minecraft:oak_planks":13,"minecraft:oak_slab":122,"minecraft:smooth_basalt":1,"minecraft:dark_oak_slab":10,"minecraft:birch_boat":3,"minecraft:sweet_berries":5,"minecraft:dripstone_block":11,"minecraft:gravel":8,"minecraft:spruce_sapling":1,"minecraft:ink_sac":4,"minecraft:spruce_log":4,"minecraft:dark_oak_log":12,"minecraft:spider_eye":2,"minecraft:dead_brain_coral_block":1,"minecraft:granite":3,"minecraft:bone_meal":27,"minecraft:rooted_dirt":11,"minecraft:oak_sapling":12,"minecraft:dark_oak_fence":18,"minecraft:coal":8,"minecraft:hopper":2},"minecraft:crafted":{"minecraft:oak_planks":372,"minecraft:birch_boat":1,"minecraft:birch_slab":18,"minecraft:dark_oak_fence":24,"minecraft:iron_axe":1,"minecraft:melon_seeds":12,"minecraft:decorated_pot":5,"minecraft:chest":1,"minecraft:dark_oak_planks":48,"minecraft:oak_slab":462,"minecraft:crafting_table":3,"minecraft:spruce_planks":12,"minecraft:bowl":12,"minecraft:dark_oak_button":25,"minecraft:birch_planks":100,"minecraft:pumpkin_seeds":16,"minecraft:stone_axe":2,"minecraft:oak_boat":1,"minecraft:dark_oak_slab":276,"minecraft:wooden_hoe":1,"minecraft:stick":64,"minecraft:oak_stairs":16,"minecraft:composter":1,"minecraft:acacia_planks":20,"minecraft:torch":16},"minecraft:mined":{"minecraft:dark_oak_planks":85,"minecraft:dark_prismarine":1,"minecraft:deepslate_tiles":5,"minecraft:tuff":6,"minecraft:spruce_planks":2,"minecraft:oak_sapling":3,"minecraft:farmland":1,"minecraft:sculk_vein":119,"minecraft:dark_oak_log":8,"minecraft:granite":7,"minecraft:dark_oak_fence":18,"minecraft:grass_block":17,"minecraft:deepslate_bricks":8,"minecraft:tube_coral_block":1,"minecraft:rooted_dirt":2,"minecraft:moss_block":17,"minecraft:hopper":2,"minecraft:tall_seagrass":1,"minecraft:furnace":1,"minecraft:cobbled_deepslate":2,"minecraft:deepslate_lapis_ore":1,"minecraft:potatoes":13,"minecraft:deepslate_iron_ore":2,"minecraft:dirt_path":1,"minecraft:oak_stairs":15,"minecraft:stone":3,"minecraft:brain_coral_block":3,"minecraft:oak_slab":75,"minecraft:cyan_terracotta":1,"minecraft:powder_snow":1,"minecraft:crafting_table":3,"minecraft:torch":1,"minecraft:calcite":1,"minecraft:chest":5,"minecraft:sculk_sensor":1,"minecraft:copper_ore":1,"minecraft:cobblestone":12,"minecraft:deepslate_coal_ore":1,"minecraft:dried_kelp_block":2,"minecraft:lapis_ore":1,"minecraft:prismarine":2,"minecraft:oak_planks":15,"minecraft:sculk":6,"minecraft:amethyst_block":4,"minecraft:prismarine_bricks":5,"minecraft:deepslate_copper_ore":3,"minecraft:birch_sapling":1,"minecraft:white_terracotta":2,"minecraft:birch_planks":18,"minecraft:blue_terracotta":1,"minecraft:dark_oak_slab":10,"minecraft:birch_log":17,"minecraft:wheat":4,"minecraft:ice":1,"minecraft:birch_leaves":2,"minecraft:coal_ore":1,"minecraft:oak_log":70,"minecraft:gravel":7,"minecraft:dripstone_block":5,"minecraft:dirt":66,"minecraft:smooth_basalt":1,"minecraft:horn_coral_block":3,"minecraft:deepslate":6,"minecraft:oak_leaves":39,"minecraft:suspicious_gravel":5}},"DataVersion":3839}