{"stats":{"minecraft:dropped":{"minecraft:apple":1},"minecraft:mined":{"projectvibrantjourneys:cattail":5,"projectvibrantjourneys:rocks":2,"projectvibrantjourneys:twigs":5,"minecraft:grass_block":68,"projectvibrantjourneys:mossy_rocks":1,"minecraft:tall_grass":186,"minecraft:cobblestone":2,"projectvibrantjourneys:sandstone_rocks":1,"ecologics:coconut_log":17,"projectvibrantjourneys:fallen_leaves":3,"minecraft:oak_planks":15,"projectvibrantjourneys:light_brown_bark_mushroom":1,"minecraft:cobbled_deepslate":1,"minecraft:ice":1,"projectvibrantjourneys:bones":4,"minecraft:birch_leaves":5,"minecraft:grass":584,"projectvibrantjourneys:sandy_sprouts":1,"minecraft:oak_log":32,"projectvibrantjourneys:short_grass":123,"minecraft:sand":5,"minecraft:packed_ice":5,"projectvibrantjourneys:seashells":1,"minecraft:oak_leaves":2},"minecraft:killed":{"minecraft:pig":1,"hordes:drowned_player":1,"minecraft:zombie":10,"minecraft:drowned":2},"minecraft:killed_by":{"minecraft:player":3,"minecraft:zombie":4},"minecraft:broken":{"minecraft:wooden_shovel":1,"minecraft:wooden_axe":1},"minecraft:crafted":{"minecraft:oak_planks":124,"minecraft:wooden_shovel":1,"minecraft:crafting_table":2,"ecologics:coconut_planks":52,"minecraft:wooden_pickaxe":1,"minecraft:wooden_hoe":1,"minecraft:stick":4,"minecraft:wooden_axe":2},"minecraft:used":{"minecraft:wheat_seeds":22,"minecraft:birch_planks":2,"minecraft:oak_planks":54,"minecraft:ender_pearl":1,"minecraft:wooden_pickaxe":3,"minecraft:wooden_shovel":66,"minecraft:leather_boots":1,"minecraft:rotten_flesh":9,"minecraft:sand":5,"minecraft:crafting_table":3,"minecraft:wooden_axe":80,"minecraft:wooden_hoe":77,"projectvibrantjourneys:twigs":1,"minecraft:bread":9,"minecraft:soul_lantern":7,"minecraft:cobblestone":3,"ecologics:coconut_log":4},"minecraft:custom":{"minecraft:mob_kills":14,"minecraft:interact_with_crafting_table":4,"minecraft:leave_game":1,"minecraft:time_since_death":500,"minecraft:climb_one_cm":1401,"minecraft:time_since_rest":555,"minecraft:sprint_one_cm":119377,"minecraft:damage_taken":2482,"minecraft:walk_one_cm":256226,"minecraft:drop":1,"minecraft:damage_dealt":1093,"minecraft:swim_one_cm":12343,"minecraft:fly_one_cm":138021,"minecraft:player_kills":1,"minecraft:open_chest":15,"minecraft:crouch_one_cm":26152,"minecraft:play_time":60866,"minecraft:deaths":8,"minecraft:sneak_time":10158,"minecraft:walk_under_water_one_cm":8789,"minecraft:jump":748,"minecraft:walk_on_water_one_cm":24039,"minecraft:total_world_time":60866,"minecraft:fall_one_cm":23475},"minecraft:picked_up":{"minecraft:crafting_table":2,"projectvibrantjourneys:fallen_leaves":3,"minecraft:oak_log":31,"minecraft:gunpowder":4,"marbledsarsenal:cm6m_gas_mask":1,"minecraft:dirt":67,"minecraft:string":1,"minecraft:leather_boots":1,"minecraft:bone":11,"minecraft:blackstone":1,"minecraft:apple":1,"minecraft:wheat_seeds":111,"minecraft:cobbled_deepslate":3,"minecraft:oak_planks":16,"projectvibrantjourneys:light_brown_bark_mushroom":1,"minecraft:stick":9,"car:canola_seeds":28,"ecologics:coconut_seedling":3,"minecraft:porkchop":1,"pointblank:gunmetal_nugget":23,"minecraft:sand":5,"pointblank:m1911a1":1,"minecraft:rotten_flesh":13,"minecraft:slime_ball":1,"minecraft:soul_lantern":8,"ecologics:coconut_log":17,"projectvibrantjourneys:cattail":4,"minecraft:oak_sapling":9,"projectvibrantjourneys:twigs":3,"minecraft:cobblestone":4,"minecraft:ender_pearl":1}},"DataVersion":3465}