{"stats":{"minecraft:killed_by":{"minecraft:drowned":7,"minecraft:zombie":2,"minecraft:player":3},"minecraft:broken":{"minecraft:iron_shovel":1,"minecraft:stone_pickaxe":3,"minecraft:stone_axe":1,"minecraft:iron_sword":1,"minecraft:fishing_rod":1,"minecraft:stone_shovel":3,"minecraft:iron_axe":1,"minecraft:iron_pickaxe":3},"minecraft:used":{"alexsmobs:emu_egg":1,"minecraft:moss_carpet":4,"minecraft:iron_shovel":858,"minecraft:diamond_hoe":148,"minecraft:ladder":3,"minecraft:chest":7,"minecraft:shield":21,"minecraft:iron_sword":251,"minecraft:grass":1,"ecologics:coconut_planks":46,"minecraft:iron_chestplate":1,"minecraft:acacia_sapling":1,"minecraft:tuff":5,"minecraft:bow":155,"minecraft:warped_fungus":1,"minecraft:furnace":4,"minecraft:oak_sapling":5,"minecraft:egg":3,"immersive_aircraft:biplane":1,"max_armory:diamond_long_sword":119,"projectvibrantjourneys:acacia_hollow_log":3,"minecraft:stone_pickaxe":394,"minecraft:wooden_pickaxe":17,"minecraft:diamond_axe":20,"minecraft:sugar_cane":306,"minecraft:golden_apple":1,"minecraft:crossbow":48,"minecraft:bread":103,"minecraft:golden_helmet":1,"ecologics:coconut_slice":15,"minecraft:diamond_sword":92,"minecraft:coarse_dirt":9,"minecraft:oak_trapdoor":10,"marbledsarsenal:baseball_bat":5,"minecraft:flint_and_steel":16,"minecraft:armor_stand":1,"minecraft:stone_shovel":427,"minecraft:cooked_salmon":1,"minecraft:stone_hoe":56,"minecraft:torch":262,"minecraft:brewing_stand":1,"minecraft:dirt":1335,"projectvibrantjourneys:bark_mushroom":1,"ecologics:coconut_slab":864,"projectvibrantjourneys:fallen_leaves":46,"minecraft:iron_axe":235,"minecraft:iron_boots":1,"minecraft:crimson_planks":57,"projectvibrantjourneys:orange_bark_mushroom":1,"ecologics:coconut_seedling":24,"minecraft:acacia_planks":1,"minecraft:cobbled_deepslate":190,"projectvibrantjourneys:oak_hollow_log":5,"minecraft:iron_leggings":1,"minecraft:crimson_stem":1,"minecraft:wheat_seeds":435,"max_armory:iron_long_sword":20,"projectvibrantjourneys:sea_oats":2,"minecraft:crafting_table":8,"minecraft:red_bed":4,"minecraft:red_mushroom":1,"minecraft:campfire":1,"minecraft:oak_log":5,"alexsmobs:flying_fish":16,"minecraft:diamond_pickaxe":2193,"minecraft:diamond_shovel":45,"minecraft:iron_pickaxe":751,"minecraft:stone_axe":108,"minecraft:fishing_rod":44,"minecraft:cobblestone":98,"ecologics:coconut_log":25,"minecraft:glass_pane":108},"minecraft:mined":{"create:deepslate_zinc_ore":17,"minecraft:oak_sapling":2,"minecraft:brewing_stand":1,"minecraft:acacia_log":24,"minecraft:grass_block":940,"minecraft:tall_seagrass":1,"minecraft:iron_ore":68,"minecraft:cobbled_deepslate":110,"minecraft:fire":11,"minecraft:moss_carpet":2,"netherite_ore_mod:deepslate_ancient_debris_ore":2,"minecraft:dirt_path":57,"minecraft:deepslate_redstone_ore":17,"projectvibrantjourneys:sea_oats":5,"minecraft:red_bed":4,"minecraft:kelp_plant":1,"minecraft:torch":19,"projectvibrantjourneys:twigs":2,"minecraft:dead_bush":1,"projectvibrantjourneys:natural_cobweb":3,"minecraft:cobblestone":3,"projectvibrantjourneys:fallen_leaves":43,"minecraft:sugar_cane":244,"minecraft:wall_torch":22,"minecraft:seagrass":1,"minecraft:wheat":296,"projectvibrantjourneys:bones":2,"minecraft:warped_fungus":1,"minecraft:grass":122,"minecraft:oak_log":61,"projectvibrantjourneys:short_grass":64,"minecraft:sand":90,"minecraft:dirt":191,"minecraft:crimson_planks":1,"minecraft:oak_leaves":9,"minecraft:deepslate":2010,"create:zinc_ore":5,"minecraft:diamond_ore":2,"minecraft:tuff":142,"ecologics:coconut_planks":3,"minecraft:deepslate_diamond_ore":143,"minecraft:crimson_roots":2,"create:ochrum":6,"ecologics:coconut_log":158,"minecraft:kelp":3,"minecraft:moss_block":3,"minecraft:crimson_stem":18,"minecraft:hay_block":12,"minecraft:oak_trapdoor":2,"minecraft:furnace":32,"minecraft:gold_block":1,"minecraft:deepslate_iron_ore":50,"minecraft:stripped_oak_log":5,"minecraft:stone":499,"minecraft:acacia_leaves":10,"ecologics:coconut_slab":49,"minecraft:crafting_table":3,"minecraft:deepslate_gold_ore":52,"minecraft:lily_pad":9,"projectvibrantjourneys:acacia_hollow_log":4,"farmersdelight:wild_beetroots":1,"minecraft:coarse_dirt":15,"k_turrets:titanium_ore":13,"minecraft:coal_ore":137,"ecologics:hanging_coconut":1,"minecraft:gravel":6,"minecraft:dripstone_block":5,"minecraft:acacia_planks":7,"minecraft:gold_ore":15,"ecologics:coconut_seedling":6,"projectvibrantjourneys:oak_hollow_log":8},"minecraft:killed":{"alexsmobs:lobster":1,"minecraft:zombified_piglin":2,"minecraft:zombie_horse":1,"minecraft:zombie_villager":1,"alexsmobs:crimson_mosquito":1,"hordes:drowned_player":5,"minecraft:zombie":24,"hordes:zombie_player":2,"minecraft:drowned":114,"alexsmobs:flying_fish":4,"minecraft:wandering_trader":1,"minecraft:hoglin":2},"minecraft:crafted":{"minecraft:smooth_stone":5,"minecraft:oak_planks":128,"minecraft:stone":20,"minecraft:diamond_shovel":1,"max_armory:diamond_long_sword":1,"securitycraft:laser_block":1,"minecraft:glass":7,"minecraft:diamond_helmet":1,"minecraft:diamond_leggings":1,"minecraft:iron_boots":1,"minecraft:chest":7,"marbledsarsenal:baseball_bat":1,"max_armory:iron_long_sword":1,"minecraft:stone_hoe":1,"minecraft:arrow":192,"minecraft:diamond_axe":2,"minecraft:crafting_table":5,"minecraft:wooden_pickaxe":1,"minecraft:gold_block":7,"minecraft:campfire":1,"minecraft:iron_chestplate":1,"minecraft:book":6,"minecraft:paper":18,"minecraft:diamond_pickaxe":3,"minecraft:shield":2,"minecraft:stick":124,"minecraft:iron_ingot":127,"minecraft:iron_pickaxe":3,"minecraft:iron_block":6,"minecraft:gold_ingot":76,"securitycraft:universal_block_reinforcer_lvl1":1,"minecraft:stone_shovel":3,"minecraft:fishing_rod":1,"minecraft:smooth_stone_slab":6,"ecologics:coconut_planks":548,"minecraft:diamond_hoe":1,"minecraft:furnace":3,"minecraft:diamond_block":12,"minecraft:oak_trapdoor":8,"minecraft:glass_pane":112,"minecraft:diamond":9,"minecraft:iron_axe":1,"minecraft:ladder":6,"ecologics:coconut_slab":876,"minecraft:stone_pickaxe":3,"minecraft:diamond_boots":1,"minecraft:redstone_block":10,"minecraft:wheat":108,"minecraft:crimson_planks":80,"minecraft:diamond_sword":1,"max_armory:handle":2,"minecraft:iron_sword":1,"minecraft:cooked_salmon":2,"minecraft:stripped_oak_wood":3,"minecraft:stone_axe":1,"minecraft:bread":121,"minecraft:air":0,"minecraft:golden_apple":1,"minecraft:iron_shovel":7,"minecraft:iron_leggings":1,"minecraft:armor_stand":1,"minecraft:acacia_planks":96,"minecraft:torch":252,"minecraft:diamond_chestplate":1},"minecraft:dropped":{"minecraft:iron_sword":1,"minecraft:moss_block":2,"minecraft:diamond_axe":1,"minecraft:lapis_lazuli":68,"minecraft:oak_log":21,"ecologics:coconut_slice":12,"minecraft:dirt":9,"projectvibrantjourneys:fallen_leaves":3,"minecraft:crimson_roots":3,"alexsmobs:flying_fish":3,"minecraft:bone_meal":1,"marbledsarsenal:baseball_bat":1,"projectvibrantjourneys:bark_mushroom":1,"minecraft:cobbled_deepslate":448,"minecraft:wheat":6,"minecraft:rotten_flesh":11,"minecraft:oak_planks":46,"minecraft:diamond_shovel":3,"minecraft:leather_boots":2,"minecraft:bread":10,"minecraft:stone_hoe":1,"minecraft:wheat_seeds":24,"minecraft:golden_helmet":3,"minecraft:diamond_leggings":1,"minecraft:cobblestone":37,"minecraft:book":2,"minecraft:coal":41,"minecraft:stick":13,"minecraft:pufferfish":1,"minecraft:torch":83,"minecraft:iron_leggings":5,"minecraft:iron_axe":3,"minecraft:iron_shovel":4,"minecraft:lily_pad":1,"create:raw_zinc":6,"ecologics:coconut_planks":53,"alexsmobs:acacia_blossom":1,"minecraft:coarse_dirt":5,"minecraft:bowl":1,"minecraft:tuff":64,"minecraft:iron_boots":5,"minecraft:diamond_sword":1,"minecraft:shield":2,"alexsmobs:lobster_tail":2,"minecraft:iron_chestplate":6,"minecraft:diamond_pickaxe":1,"minecraft:bow":1},"minecraft:picked_up":{"minecraft:iron_chestplate":9,"minecraft:wheat":265,"max_armory:iron_long_sword":1,"minecraft:diamond_sword":4,"minecraft:potion":1,"minecraft:crimson_planks":1,"minecraft:brewing_stand":1,"minecraft:string":10,"minecraft:iron_leggings":8,"minecraft:pufferfish":3,"alexsmobs:blood_sac":1,"minecraft:diamond_leggings":3,"minecraft:gold_nugget":1,"minecraft:cobbled_deepslate":1567,"minecraft:iron_boots":11,"ecologics:crab_claw":1,"minecraft:furnace":1,"minecraft:golden_helmet":6,"minecraft:stick":49,"minecraft:acacia_log":24,"minecraft:torch":204,"ecologics:coconut_seedling":39,"minecraft:porkchop":5,"minecraft:rotten_flesh":97,"minecraft:tropical_fish":1,"create:ochrum":6,"ecologics:coconut_log":181,"minecraft:iron_block":5,"alexsmobs:emu_egg":1,"minecraft:cod":16,"alexsmobs:lobster_tail":2,"alexsmobs:flying_fish":31,"minecraft:cobblestone":536,"minecraft:nautilus_shell":1,"ecologics:coconut_planks":58,"projectvibrantjourneys:fallen_leaves":54,"minecraft:tuff":136,"create:raw_zinc":21,"projectvibrantjourneys:oak_hollow_log":8,"minecraft:lapis_lazuli":99,"minecraft:dirt":1439,"minecraft:leather_boots":2,"minecraft:bone":4,"minecraft:acacia_planks":13,"minecraft:bow":3,"pointblank:hs12":3,"minecraft:wheat_seeds":823,"minecraft:raw_gold":67,"pointblank:ammo12gauge":9,"minecraft:diamond_helmet":1,"minecraft:moss_block":3,"minecraft:stone_hoe":1,"minecraft:oak_planks":80,"car:canola_seeds":7,"ecologics:coconut_husk":6,"minecraft:sand":87,"minecraft:ink_sac":2,"minecraft:diamond":160,"minecraft:crossbow":1,"minecraft:bone_meal":1,"minecraft:emerald":6,"minecraft:bread":51,"minecraft:oak_sapling":30,"minecraft:crimson_roots":3,"minecraft:diamond_pickaxe":3,"minecraft:crafting_table":3,"minecraft:coarse_dirt":15,"minecraft:brown_mushroom":1,"ecologics:seashell":1,"minecraft:gold_block":1,"minecraft:shield":2,"minecraft:acacia_door":1,"minecraft:oak_trapdoor":2,"minecraft:red_bed":4,"minecraft:moss_carpet":4,"minecraft:iron_axe":4,"immersive_aircraft:biplane":1,"minecraft:flint_and_steel":1,"minecraft:iron_shovel":3,"ecologics:coconut_slab":56,"minecraft:sugar_cane":335,"minecraft:egg":3,"minecraft:raw_iron":118,"ecologics:coconut_slice":60,"minecraft:copper_ingot":12,"projectvibrantjourneys:bark_mushroom":7,"minecraft:bowl":2,"pointblank:gunmetal_nugget":192,"minecraft:redstone":60,"minecraft:diamond_chestplate":2,"minecraft:arrow":32,"netherite_ore_mod:large_ancient_shard":1,"minecraft:beetroot_seeds":1,"minecraft:diamond_boots":1,"k_turrets:raw_titanium":13,"minecraft:hay_block":12,"minecraft:gold_ingot":10,"minecraft:stripped_oak_log":5,"minecraft:crimson_stem":21,"minecraft:salmon":8,"minecraft:leather":3,"alexsmobs:acacia_blossom":1,"minecraft:red_mushroom":3,"minecraft:oak_log":61,"minecraft:lily_pad":16,"minecraft:golden_boots":3,"minecraft:gunpowder":2,"projectvibrantjourneys:sea_oats":4,"minecraft:apple":1,"minecraft:kelp":4,"minecraft:iron_ingot":10,"minecraft:acacia_sapling":10,"minecraft:iron_sword":2,"projectvibrantjourneys:light_brown_bark_mushroom":2,"minecraft:warped_fungus":1,"projectvibrantjourneys:acacia_hollow_log":4,"minecraft:dripstone_block":5,"minecraft:spider_eye":1,"netherite_ore_mod:ancientdebrispiece":1,"minecraft:diamond_shovel":6,"minecraft:slime_ball":1,"minecraft:diamond_axe":1,"projectvibrantjourneys:orange_bark_mushroom":5,"minecraft:coal":190},"minecraft:custom":{"minecraft:interact_with_crafting_table":135,"minecraft:bell_ring":9,"minecraft:leave_game":7,"minecraft:time_since_death":32673,"minecraft:sprint_one_cm":899956,"minecraft:damage_blocked_by_shield":721,"minecraft:drop":110,"minecraft:talked_to_villager":9,"minecraft:play_time":546261,"minecraft:deaths":15,"minecraft:jump":6524,"minecraft:interact_with_brewingstand":2,"minecraft:walk_on_water_one_cm":66264,"minecraft:enchant_item":17,"minecraft:interact_with_furnace":103,"minecraft:traded_with_villager":12,"minecraft:sleep_in_bed":14,"minecraft:damage_dealt":24408,"minecraft:player_kills":1,"minecraft:crouch_one_cm":311186,"minecraft:horse_one_cm":284,"minecraft:mob_kills":158,"minecraft:damage_dealt_resisted":1378,"minecraft:climb_one_cm":539,"minecraft:walk_one_cm":1434414,"minecraft:sneak_time":82760,"minecraft:walk_under_water_one_cm":123033,"minecraft:boat_one_cm":137892,"minecraft:total_world_time":546261,"minecraft:time_since_rest":32719,"minecraft:damage_taken":5507,"minecraft:swim_one_cm":252526,"minecraft:fly_one_cm":1497257,"minecraft:open_chest":398,"minecraft:fish_caught":28,"minecraft:fall_one_cm":78073}},"DataVersion":3465}