{"stats":{"minecraft:dropped":{"minecraft:mushroom_stew":5,"minecraft:diorite":1,"minecraft:mutton":2,"minecraft:rabbit":1,"minecraft:spruce_sapling":1},"minecraft:used":{"minecraft:wheat_seeds":6,"minecraft:water_bucket":11,"minecraft:birch_planks":33,"minecraft:decorated_pot":5,"minecraft:birch_boat":1,"minecraft:composter":1,"minecraft:wooden_shovel":10,"minecraft:stone_hoe":2,"minecraft:torch":13,"minecraft:dirt":98,"minecraft:oak_slab":416,"minecraft:crafting_table":3,"minecraft:mushroom_stew":5,"minecraft:snowball":2,"minecraft:pumpkin_seeds":17,"minecraft:wooden_hoe":59,"minecraft:oak_stairs":30,"minecraft:birch_sapling":5,"minecraft:dark_oak_slab":78,"minecraft:spruce_sapling":5,"minecraft:melon_seeds":9,"minecraft:stone_axe":95,"minecraft:oak_sapling":15,"minecraft:dark_oak_fence":29,"minecraft:bucket":10,"minecraft:oak_boat":2,"minecraft:egg":1,"minecraft:potato":19,"minecraft:bone_meal":19},"minecraft:broken":{"minecraft:wooden_hoe":1},"minecraft:custom":{"minecraft:interact_with_furnace":1,"minecraft:interact_with_crafting_table":34,"minecraft:time_since_death":70762,"minecraft:time_since_rest":70805,"minecraft:sprint_one_cm":120603,"minecraft:damage_taken":394,"minecraft:walk_one_cm":250415,"minecraft:drop":10,"minecraft:damage_dealt":178,"minecraft:fly_one_cm":58365,"minecraft:open_chest":120,"minecraft:crouch_one_cm":78284,"minecraft:play_time":71606,"minecraft:deaths":1,"minecraft:sneak_time":16851,"minecraft:walk_under_water_one_cm":1347,"minecraft:boat_one_cm":2655,"minecraft:jump":373,"minecraft:walk_on_water_one_cm":1569,"minecraft:total_world_time":71606,"minecraft:fall_one_cm":6179},"minecraft:picked_up":{"minecraft:birch_log":14,"minecraft:wheat":1,"minecraft:crafting_table":1,"minecraft:water_bucket":1,"minecraft:clay_ball":4,"minecraft:leather":1,"minecraft:oak_stairs":15,"minecraft:potato":17,"minecraft:birch_planks":17,"minecraft:flint":2,"minecraft:oak_log":37,"minecraft:dirt":78,"minecraft:string":1,"minecraft:wheat_seeds":4,"minecraft:oak_boat":2,"minecraft:rabbit":1,"minecraft:chest":1,"minecraft:birch_sapling":2,"minecraft:stone_hoe":1,"minecraft:egg":1,"minecraft:dark_oak_sapling":7,"minecraft:oak_slab":105,"minecraft:stick":9,"minecraft:dark_oak_slab":2,"minecraft:torch":1,"minecraft:gravel":3,"minecraft:spruce_sapling":1,"minecraft:diorite":1,"minecraft:dark_oak_log":8,"minecraft:dark_oak_planks":128,"minecraft:bone_meal":20,"minecraft:oak_sapling":10,"minecraft:dark_oak_fence":5,"minecraft:mutton":1,"minecraft:cod":1,"minecraft:snowball":2,"minecraft:white_wool":1},"minecraft:crafted":{"minecraft:oak_slab":318,"minecraft:oak_planks":196,"minecraft:crafting_table":2,"minecraft:birch_boat":1,"minecraft:bowl":8,"minecraft:dark_oak_button":25,"minecraft:birch_planks":60,"minecraft:pumpkin_seeds":16,"minecraft:stone_axe":1,"minecraft:oak_boat":1,"minecraft:dark_oak_fence":24,"minecraft:dark_oak_slab":78,"minecraft:wooden_hoe":1,"minecraft:melon_seeds":12,"minecraft:stick":60,"minecraft:decorated_pot":5,"minecraft:oak_stairs":16,"minecraft:composter":1,"minecraft:dark_oak_planks":32,"minecraft:torch":12},"minecraft:mined":{"minecraft:oak_slab":51,"minecraft:oak_sapling":3,"minecraft:farmland":1,"minecraft:dark_oak_log":7,"minecraft:crafting_table":1,"minecraft:torch":1,"minecraft:dark_oak_fence":5,"minecraft:grass_block":16,"minecraft:chest":2,"minecraft:birch_sapling":1,"minecraft:birch_planks":17,"minecraft:tall_seagrass":1,"minecraft:dark_oak_slab":2,"minecraft:birch_log":7,"minecraft:wheat":1,"minecraft:ice":1,"minecraft:potatoes":8,"minecraft:oak_log":19,"minecraft:dirt_path":1,"minecraft:oak_stairs":15,"minecraft:gravel":1,"minecraft:dirt":46,"minecraft:oak_leaves":8}},"DataVersion":3839}