{"stats":{"minecraft:dropped":{"minecraft:water_bucket":3,"minecraft:dark_oak_button":25,"minecraft:mushroom_stew":5,"minecraft:diorite":1,"minecraft:mutton":2,"minecraft:rabbit":2,"minecraft:stone_bricks":39,"minecraft:spruce_sapling":1},"minecraft:used":{"minecraft:wheat_seeds":6,"minecraft:water_bucket":21,"minecraft:birch_planks":75,"minecraft:stone_pickaxe":4,"minecraft:decorated_pot":5,"minecraft:birch_boat":4,"minecraft:composter":1,"minecraft:wooden_shovel":10,"minecraft:stone_hoe":3,"minecraft:torch":17,"minecraft:dirt":98,"minecraft:oak_slab":416,"minecraft:crafting_table":4,"minecraft:mushroom_stew":7,"minecraft:tuff":1,"minecraft:snowball":2,"minecraft:pumpkin_seeds":17,"minecraft:dark_oak_planks":36,"minecraft:wooden_hoe":59,"minecraft:oak_stairs":30,"minecraft:birch_sapling":5,"minecraft:dark_oak_slab":284,"minecraft:spruce_sapling":5,"minecraft:melon_seeds":9,"minecraft:stone_axe":172,"minecraft:oak_sapling":15,"minecraft:dark_oak_fence":42,"minecraft:bucket":22,"minecraft:oak_boat":2,"minecraft:egg":1,"minecraft:potato":19,"minecraft:bone_meal":19},"minecraft:broken":{"minecraft:stone_axe":1,"minecraft:wooden_hoe":1},"minecraft:custom":{"minecraft:interact_with_furnace":1,"minecraft:interact_with_crafting_table":42,"minecraft:time_since_death":94762,"minecraft:time_since_rest":94805,"minecraft:sprint_one_cm":172552,"minecraft:damage_taken":424,"minecraft:walk_one_cm":320633,"minecraft:drop":16,"minecraft:damage_dealt":323,"minecraft:fly_one_cm":100958,"minecraft:open_chest":146,"minecraft:crouch_one_cm":101670,"minecraft:play_time":95606,"minecraft:deaths":1,"minecraft:sneak_time":23171,"minecraft:walk_under_water_one_cm":5852,"minecraft:boat_one_cm":5297,"minecraft:jump":582,"minecraft:walk_on_water_one_cm":3675,"minecraft:total_world_time":95606,"minecraft:fall_one_cm":10701},"minecraft:picked_up":{"minecraft:birch_log":20,"minecraft:wheat":1,"minecraft:crafting_table":2,"minecraft:dark_oak_button":25,"minecraft:water_bucket":3,"minecraft:clay_ball":4,"minecraft:leather":1,"minecraft:oak_stairs":15,"minecraft:potato":17,"minecraft:birch_planks":18,"minecraft:flint":2,"minecraft:tuff":1,"minecraft:oak_log":47,"minecraft:amethyst_block":2,"minecraft:dirt":79,"minecraft:string":1,"minecraft:stone_bricks":39,"minecraft:apple":1,"minecraft:wheat_seeds":4,"minecraft:cobbled_deepslate":3,"minecraft:bucket":1,"minecraft:oak_boat":2,"minecraft:calcite":1,"minecraft:rabbit":1,"minecraft:chest":4,"minecraft:birch_sapling":2,"minecraft:stone_hoe":1,"minecraft:egg":1,"minecraft:dark_oak_sapling":8,"minecraft:oak_slab":105,"minecraft:stick":10,"minecraft:dark_oak_slab":10,"minecraft:birch_boat":3,"minecraft:sweet_berries":1,"minecraft:torch":1,"minecraft:amethyst_cluster":1,"minecraft:gravel":3,"minecraft:spruce_sapling":1,"minecraft:diorite":1,"minecraft:dark_oak_log":12,"minecraft:dark_oak_planks":192,"minecraft:granite":1,"minecraft:bone_meal":20,"minecraft:oak_sapling":10,"minecraft:dark_oak_fence":18,"minecraft:mutton":1,"minecraft:cod":1,"minecraft:snowball":2,"minecraft:white_wool":1},"minecraft:crafted":{"minecraft:oak_slab":318,"minecraft:oak_planks":212,"minecraft:crafting_table":2,"minecraft:birch_boat":1,"minecraft:bowl":8,"minecraft:dark_oak_button":25,"minecraft:birch_planks":100,"minecraft:pumpkin_seeds":16,"minecraft:stone_axe":2,"minecraft:oak_boat":1,"minecraft:dark_oak_fence":24,"minecraft:dark_oak_slab":276,"minecraft:wooden_hoe":1,"minecraft:melon_seeds":12,"minecraft:stick":60,"minecraft:decorated_pot":5,"minecraft:oak_stairs":16,"minecraft:composter":1,"minecraft:dark_oak_planks":48,"minecraft:torch":16},"minecraft:mined":{"minecraft:dark_oak_planks":35,"minecraft:oak_slab":51,"minecraft:tuff":1,"minecraft:oak_sapling":3,"minecraft:farmland":1,"minecraft:dark_oak_log":8,"minecraft:crafting_table":2,"minecraft:torch":1,"minecraft:dark_oak_fence":18,"minecraft:grass_block":16,"minecraft:calcite":1,"minecraft:chest":2,"minecraft:amethyst_block":2,"minecraft:birch_sapling":1,"minecraft:birch_planks":18,"minecraft:tall_seagrass":1,"minecraft:dark_oak_slab":10,"minecraft:birch_log":13,"minecraft:wheat":1,"minecraft:ice":1,"minecraft:potatoes":8,"minecraft:oak_log":30,"minecraft:dirt_path":1,"minecraft:oak_stairs":15,"minecraft:gravel":1,"minecraft:dirt":50,"minecraft:oak_leaves":8}},"DataVersion":3839}