{"stats":{"minecraft:dropped":{"minecraft:water_bucket":3,"minecraft:dark_oak_button":25,"minecraft:mushroom_stew":5,"minecraft:diorite":1,"minecraft:mutton":2,"minecraft:rabbit":2,"minecraft:stone_bricks":39,"minecraft:spruce_sapling":1},"minecraft:used":{"minecraft:wheat_seeds":9,"minecraft:water_bucket":25,"minecraft:birch_planks":75,"minecraft:stone_pickaxe":12,"minecraft:oak_planks":32,"minecraft:decorated_pot":5,"minecraft:birch_boat":4,"minecraft:composter":1,"minecraft:wooden_shovel":10,"minecraft:stone_hoe":23,"minecraft:torch":17,"minecraft:dirt":184,"minecraft:oak_slab":485,"minecraft:crafting_table":5,"minecraft:mushroom_stew":9,"minecraft:tuff":1,"minecraft:snowball":2,"minecraft:pumpkin_seeds":17,"minecraft:dark_oak_planks":83,"minecraft:wooden_hoe":59,"minecraft:oak_stairs":30,"minecraft:birch_sapling":5,"minecraft:dark_oak_slab":284,"minecraft:spruce_sapling":5,"minecraft:melon_seeds":9,"minecraft:stone_axe":212,"minecraft:oak_sapling":15,"minecraft:dark_oak_fence":42,"minecraft:bucket":25,"minecraft:oak_boat":2,"minecraft:egg":1,"minecraft:potato":23,"minecraft:bone_meal":19},"minecraft:broken":{"minecraft:stone_axe":1,"minecraft:wooden_hoe":1},"minecraft:custom":{"minecraft:interact_with_furnace":1,"minecraft:interact_with_crafting_table":46,"minecraft:time_since_death":106762,"minecraft:time_since_rest":106805,"minecraft:sprint_one_cm":188941,"minecraft:damage_taken":524,"minecraft:walk_one_cm":341240,"minecraft:drop":16,"minecraft:damage_dealt":323,"minecraft:swim_one_cm":16948,"minecraft:fly_one_cm":118009,"minecraft:open_chest":146,"minecraft:crouch_one_cm":123871,"minecraft:play_time":107606,"minecraft:deaths":1,"minecraft:sneak_time":28599,"minecraft:walk_under_water_one_cm":23389,"minecraft:boat_one_cm":5297,"minecraft:jump":670,"minecraft:walk_on_water_one_cm":6850,"minecraft:total_world_time":107606,"minecraft:fall_one_cm":14408},"minecraft:picked_up":{"minecraft:birch_log":20,"minecraft:wheat":2,"minecraft:crafting_table":2,"minecraft:dark_oak_button":25,"minecraft:water_bucket":3,"minecraft:clay_ball":4,"minecraft:leather":1,"minecraft:oak_stairs":15,"minecraft:potato":21,"minecraft:birch_planks":18,"minecraft:flint":2,"minecraft:tuff":1,"minecraft:oak_log":56,"minecraft:amethyst_block":2,"minecraft:dirt":104,"minecraft:string":1,"minecraft:bone":2,"minecraft:stone_bricks":39,"minecraft:apple":2,"minecraft:wheat_seeds":7,"minecraft:cobbled_deepslate":6,"minecraft:bucket":1,"minecraft:oak_boat":2,"minecraft:calcite":1,"minecraft:rabbit":1,"minecraft:oak_planks":8,"minecraft:chest":4,"minecraft:birch_sapling":2,"minecraft:stone_hoe":1,"minecraft:furnace":1,"minecraft:egg":1,"minecraft:dark_oak_sapling":8,"minecraft:oak_slab":114,"minecraft:stick":10,"minecraft:dark_oak_slab":10,"minecraft:birch_boat":3,"minecraft:sweet_berries":1,"minecraft:torch":3,"minecraft:amethyst_cluster":1,"minecraft:gravel":3,"minecraft:porkchop":3,"minecraft:spruce_log":3,"minecraft:spruce_sapling":1,"minecraft:diorite":1,"minecraft:dark_oak_log":12,"minecraft:dark_oak_planks":230,"minecraft:granite":1,"minecraft:bone_meal":27,"minecraft:oak_sapling":10,"minecraft:dark_oak_fence":18,"minecraft:mutton":1,"minecraft:cod":1,"minecraft:snowball":12,"minecraft:white_wool":1,"minecraft:cobblestone":17},"minecraft:crafted":{"minecraft:oak_slab":390,"minecraft:oak_planks":256,"minecraft:crafting_table":3,"minecraft:birch_boat":1,"minecraft:bowl":8,"minecraft:dark_oak_button":25,"minecraft:birch_planks":100,"minecraft:pumpkin_seeds":16,"minecraft:stone_axe":2,"minecraft:oak_boat":1,"minecraft:dark_oak_fence":24,"minecraft:dark_oak_slab":276,"minecraft:wooden_hoe":1,"minecraft:melon_seeds":12,"minecraft:stick":60,"minecraft:decorated_pot":5,"minecraft:oak_stairs":16,"minecraft:composter":1,"minecraft:dark_oak_planks":48,"minecraft:torch":16},"minecraft:mined":{"minecraft:dark_oak_planks":45,"minecraft:oak_slab":66,"minecraft:tuff":1,"minecraft:oak_sapling":3,"minecraft:farmland":1,"minecraft:sculk_vein":21,"minecraft:dark_oak_log":8,"minecraft:crafting_table":2,"minecraft:torch":1,"minecraft:granite":1,"minecraft:dark_oak_fence":18,"minecraft:grass_block":16,"minecraft:calcite":1,"minecraft:chest":3,"minecraft:cobblestone":4,"minecraft:oak_planks":8,"minecraft:sculk":1,"minecraft:amethyst_block":2,"minecraft:white_terracotta":2,"minecraft:birch_sapling":1,"minecraft:birch_planks":18,"minecraft:tall_seagrass":1,"minecraft:dark_oak_slab":10,"minecraft:furnace":1,"minecraft:birch_log":13,"minecraft:wheat":2,"minecraft:ice":1,"minecraft:birch_leaves":2,"minecraft:potatoes":9,"minecraft:oak_log":36,"minecraft:dirt_path":1,"minecraft:oak_stairs":15,"minecraft:gravel":1,"minecraft:dirt":59,"minecraft:oak_leaves":27}},"DataVersion":3839}