{"stats":{"minecraft:dropped":{"minecraft:stone_hoe":1,"minecraft:iron_sword":1,"minecraft:moss_block":2,"minecraft:wheat_seeds":24,"minecraft:lapis_lazuli":68,"minecraft:golden_helmet":3,"minecraft:oak_log":21,"ecologics:coconut_slice":6,"minecraft:cobblestone":37,"minecraft:book":2,"minecraft:coal":6,"minecraft:pufferfish":1,"minecraft:stick":13,"minecraft:dirt":9,"minecraft:torch":21,"minecraft:crimson_roots":2,"alexsmobs:flying_fish":2,"minecraft:iron_leggings":3,"minecraft:bone_meal":1,"minecraft:iron_axe":1,"minecraft:iron_shovel":1,"minecraft:lily_pad":1,"marbledsarsenal:baseball_bat":1,"projectvibrantjourneys:bark_mushroom":1,"create:raw_zinc":6,"alexsmobs:acacia_blossom":1,"minecraft:coarse_dirt":5,"minecraft:cobbled_deepslate":448,"minecraft:bowl":1,"minecraft:tuff":64,"minecraft:wheat":6,"minecraft:rotten_flesh":9,"minecraft:oak_planks":6,"minecraft:iron_boots":3,"minecraft:diamond_shovel":2,"minecraft:shield":1,"alexsmobs:lobster_tail":2,"minecraft:iron_chestplate":3,"minecraft:leather_boots":1,"minecraft:bow":1},"minecraft:mined":{"create:zinc_ore":3,"minecraft:diamond_ore":2,"create:deepslate_zinc_ore":15,"minecraft:tuff":131,"minecraft:oak_sapling":2,"ecologics:coconut_planks":3,"minecraft:deepslate_diamond_ore":57,"minecraft:brewing_stand":1,"minecraft:acacia_log":24,"minecraft:grass_block":763,"minecraft:crimson_roots":1,"ecologics:coconut_log":119,"minecraft:moss_block":3,"minecraft:kelp":3,"minecraft:hay_block":12,"minecraft:oak_trapdoor":2,"minecraft:furnace":32,"minecraft:iron_ore":68,"minecraft:fire":11,"minecraft:cobbled_deepslate":110,"minecraft:moss_carpet":2,"minecraft:gold_block":1,"minecraft:dirt_path":55,"minecraft:deepslate_iron_ore":37,"minecraft:stripped_oak_log":5,"minecraft:stone":362,"minecraft:deepslate_redstone_ore":17,"minecraft:acacia_leaves":10,"minecraft:red_bed":4,"projectvibrantjourneys:sea_oats":5,"ecologics:coconut_slab":40,"minecraft:kelp_plant":1,"minecraft:crafting_table":3,"minecraft:torch":5,"projectvibrantjourneys:twigs":2,"minecraft:dead_bush":1,"projectvibrantjourneys:natural_cobweb":3,"minecraft:cobblestone":1,"minecraft:deepslate_gold_ore":13,"minecraft:lily_pad":9,"projectvibrantjourneys:fallen_leaves":43,"minecraft:sugar_cane":226,"projectvibrantjourneys:acacia_hollow_log":4,"minecraft:wall_torch":8,"minecraft:seagrass":1,"farmersdelight:wild_beetroots":1,"minecraft:coarse_dirt":14,"minecraft:wheat":143,"projectvibrantjourneys:bones":2,"k_turrets:titanium_ore":13,"minecraft:grass":120,"minecraft:coal_ore":137,"minecraft:oak_log":61,"ecologics:hanging_coconut":1,"projectvibrantjourneys:short_grass":62,"minecraft:gravel":6,"minecraft:sand":90,"minecraft:dripstone_block":2,"minecraft:dirt":176,"minecraft:acacia_planks":7,"minecraft:gold_ore":6,"projectvibrantjourneys:oak_hollow_log":8,"ecologics:coconut_seedling":5,"minecraft:oak_leaves":9,"minecraft:deepslate":1494},"minecraft:killed":{"alexsmobs:lobster":1,"minecraft:zombified_piglin":1,"hordes:zombie_player":1,"minecraft:drowned":38,"alexsmobs:flying_fish":4,"minecraft:zombie_villager":1,"minecraft:wandering_trader":1,"hordes:drowned_player":2,"minecraft:zombie":18},"minecraft:killed_by":{"minecraft:player":2,"minecraft:drowned":2},"minecraft:broken":{"minecraft:iron_shovel":1,"minecraft:stone_pickaxe":3,"minecraft:stone_axe":1,"minecraft:iron_pickaxe":3,"minecraft:fishing_rod":1,"minecraft:stone_shovel":3},"minecraft:crafted":{"minecraft:smooth_stone":3,"minecraft:oak_planks":128,"minecraft:stone_shovel":3,"minecraft:fishing_rod":1,"minecraft:smooth_stone_slab":6,"ecologics:coconut_planks":416,"minecraft:furnace":3,"minecraft:stone":3,"minecraft:diamond_shovel":1,"minecraft:glass_pane":16,"minecraft:oak_trapdoor":8,"securitycraft:laser_block":1,"minecraft:glass":7,"minecraft:diamond_helmet":1,"minecraft:diamond_leggings":1,"minecraft:iron_boots":1,"minecraft:iron_axe":1,"minecraft:ladder":6,"ecologics:coconut_slab":738,"minecraft:stone_pickaxe":3,"minecraft:chest":6,"minecraft:diamond_boots":1,"marbledsarsenal:baseball_bat":1,"minecraft:redstone_block":1,"minecraft:stone_hoe":1,"minecraft:wheat":108,"minecraft:diamond_sword":1,"minecraft:diamond_axe":1,"minecraft:crafting_table":5,"minecraft:wooden_pickaxe":1,"minecraft:iron_sword":1,"minecraft:stripped_oak_wood":3,"minecraft:campfire":1,"minecraft:stone_axe":1,"minecraft:bread":78,"minecraft:air":0,"minecraft:book":6,"minecraft:iron_chestplate":1,"minecraft:paper":18,"minecraft:golden_apple":1,"minecraft:diamond_pickaxe":2,"minecraft:shield":2,"minecraft:stick":108,"minecraft:iron_ingot":77,"minecraft:iron_pickaxe":3,"minecraft:iron_shovel":7,"minecraft:gold_ingot":9,"minecraft:iron_leggings":1,"minecraft:armor_stand":1,"minecraft:acacia_planks":96,"minecraft:torch":156,"securitycraft:universal_block_reinforcer_lvl1":1,"minecraft:diamond_chestplate":1},"minecraft:used":{"alexsmobs:emu_egg":1,"marbledsarsenal:baseball_bat":5,"minecraft:oak_trapdoor":10,"minecraft:armor_stand":1,"minecraft:iron_shovel":687,"minecraft:flint_and_steel":16,"minecraft:stone_shovel":427,"minecraft:ladder":3,"minecraft:chest":6,"minecraft:shield":21,"minecraft:iron_sword":250,"ecologics:coconut_planks":34,"minecraft:grass":1,"minecraft:stone_hoe":56,"minecraft:torch":171,"minecraft:brewing_stand":1,"minecraft:dirt":1134,"projectvibrantjourneys:bark_mushroom":1,"minecraft:acacia_sapling":1,"minecraft:tuff":5,"ecologics:coconut_slab":735,"projectvibrantjourneys:fallen_leaves":46,"minecraft:iron_axe":177,"projectvibrantjourneys:orange_bark_mushroom":1,"minecraft:bow":11,"minecraft:oak_sapling":5,"minecraft:furnace":4,"minecraft:egg":3,"immersive_aircraft:biplane":1,"ecologics:coconut_seedling":19,"minecraft:cobbled_deepslate":109,"minecraft:acacia_planks":1,"projectvibrantjourneys:oak_hollow_log":5,"projectvibrantjourneys:acacia_hollow_log":3,"minecraft:iron_leggings":1,"minecraft:wheat_seeds":193,"minecraft:stone_pickaxe":394,"minecraft:wooden_pickaxe":17,"minecraft:sugar_cane":235,"minecraft:golden_apple":1,"projectvibrantjourneys:sea_oats":2,"minecraft:red_bed":4,"minecraft:crafting_table":8,"minecraft:red_mushroom":1,"minecraft:campfire":1,"alexsmobs:flying_fish":1,"minecraft:oak_log":5,"minecraft:diamond_pickaxe":1355,"minecraft:diamond_shovel":40,"minecraft:iron_pickaxe":751,"minecraft:bread":74,"minecraft:stone_axe":108,"minecraft:golden_helmet":1,"ecologics:coconut_slice":11,"minecraft:fishing_rod":44,"minecraft:cobblestone":38,"ecologics:coconut_log":15,"minecraft:moss_carpet":4,"minecraft:coarse_dirt":9},"minecraft:custom":{"minecraft:mob_kills":67,"minecraft:interact_with_crafting_table":95,"minecraft:bell_ring":9,"minecraft:damage_dealt_resisted":277,"minecraft:leave_game":4,"minecraft:time_since_death":14708,"minecraft:climb_one_cm":518,"minecraft:sprint_one_cm":692357,"minecraft:walk_one_cm":1087544,"minecraft:damage_blocked_by_shield":721,"minecraft:drop":78,"minecraft:talked_to_villager":7,"minecraft:play_time":394176,"minecraft:sneak_time":58071,"minecraft:deaths":6,"minecraft:walk_under_water_one_cm":75033,"minecraft:boat_one_cm":124977,"minecraft:interact_with_brewingstand":1,"minecraft:jump":4841,"minecraft:walk_on_water_one_cm":49005,"minecraft:enchant_item":10,"minecraft:total_world_time":394176,"minecraft:interact_with_furnace":47,"minecraft:sleep_in_bed":13,"minecraft:time_since_rest":14775,"minecraft:damage_taken":2418,"minecraft:damage_dealt":12474,"minecraft:swim_one_cm":160040,"minecraft:fly_one_cm":1087391,"minecraft:open_chest":200,"minecraft:crouch_one_cm":233934,"minecraft:fish_caught":28,"minecraft:fall_one_cm":60746,"minecraft:horse_one_cm":284},"minecraft:picked_up":{"minecraft:coarse_dirt":14,"minecraft:iron_chestplate":4,"minecraft:crafting_table":3,"minecraft:wheat":135,"minecraft:brown_mushroom":1,"ecologics:seashell":1,"minecraft:gold_block":1,"minecraft:potion":1,"minecraft:brewing_stand":1,"minecraft:shield":1,"minecraft:string":5,"minecraft:oak_trapdoor":2,"minecraft:red_bed":4,"minecraft:moss_carpet":4,"minecraft:acacia_door":1,"minecraft:iron_axe":2,"immersive_aircraft:biplane":1,"minecraft:flint_and_steel":1,"minecraft:iron_leggings":4,"minecraft:pufferfish":3,"minecraft:cobbled_deepslate":1051,"ecologics:coconut_slab":47,"minecraft:sugar_cane":300,"minecraft:iron_boots":4,"minecraft:furnace":1,"ecologics:crab_claw":1,"minecraft:egg":3,"minecraft:golden_helmet":5,"minecraft:stick":45,"minecraft:raw_iron":105,"ecologics:coconut_slice":48,"minecraft:copper_ingot":5,"projectvibrantjourneys:bark_mushroom":7,"minecraft:bowl":1,"minecraft:torch":66,"ecologics:coconut_seedling":34,"minecraft:acacia_log":24,"pointblank:gunmetal_nugget":82,"minecraft:redstone":60,"minecraft:arrow":32,"minecraft:rotten_flesh":49,"minecraft:tropical_fish":1,"minecraft:beetroot_seeds":1,"k_turrets:raw_titanium":13,"ecologics:coconut_log":138,"minecraft:hay_block":12,"alexsmobs:emu_egg":1,"minecraft:cod":16,"alexsmobs:lobster_tail":2,"alexsmobs:flying_fish":15,"minecraft:cobblestone":401,"minecraft:stripped_oak_log":5,"minecraft:nautilus_shell":1,"minecraft:salmon":8,"projectvibrantjourneys:fallen_leaves":49,"ecologics:coconut_planks":5,"alexsmobs:acacia_blossom":1,"minecraft:red_mushroom":3,"minecraft:tuff":125,"create:raw_zinc":17,"minecraft:oak_log":61,"minecraft:lily_pad":16,"minecraft:golden_boots":2,"minecraft:gunpowder":2,"projectvibrantjourneys:oak_hollow_log":8,"projectvibrantjourneys:sea_oats":4,"minecraft:lapis_lazuli":83,"minecraft:dirt":1249,"minecraft:bone":3,"minecraft:acacia_planks":11,"minecraft:apple":1,"minecraft:kelp":4,"minecraft:bow":3,"minecraft:wheat_seeds":444,"minecraft:raw_gold":19,"minecraft:iron_ingot":2,"minecraft:moss_block":3,"minecraft:stone_hoe":1,"minecraft:iron_sword":2,"minecraft:oak_planks":10,"minecraft:acacia_sapling":10,"projectvibrantjourneys:light_brown_bark_mushroom":2,"projectvibrantjourneys:acacia_hollow_log":4,"car:canola_seeds":6,"minecraft:dripstone_block":2,"minecraft:sand":87,"ecologics:coconut_husk":6,"minecraft:diamond_shovel":3,"minecraft:slime_ball":1,"minecraft:diamond":60,"minecraft:bone_meal":1,"minecraft:bread":29,"projectvibrantjourneys:orange_bark_mushroom":5,"minecraft:oak_sapling":30,"minecraft:coal":155,"minecraft:crimson_roots":2,"minecraft:diamond_pickaxe":1}},"DataVersion":3465}