{"stats":{"minecraft:picked_up":{"minecraft:birch_log":217,"minecraft:birch_door":2,"minecraft:crafting_table":4,"minecraft:allium":2,"minecraft:feather":3,"minecraft:chicken":3,"minecraft:birch_slab":6,"minecraft:red_mushroom":3,"minecraft:potato":40,"minecraft:birch_planks":16,"minecraft:oak_log":7,"minecraft:cornflower":8,"minecraft:dirt":782,"minecraft:blue_bed":5,"minecraft:red_bed":1,"minecraft:lantern":1,"minecraft:birch_fence":14,"minecraft:apple":8,"minecraft:wheat_seeds":161,"minecraft:bucket":1,"twigs:pebble":6,"minecraft:iron_ingot":5,"minecraft:rose_bush":1,"minecraft:poppy":9,"minecraft:egg":1,"twigs:twig":15,"delightful:green_tea_leaf":6,"minecraft:birch_sapling":36,"minecraft:book":3,"minecraft:oak_slab":2,"minecraft:pumpkin":4,"minecraft:dandelion":2,"minecraft:sand":12,"minecraft:porkchop":7,"minecraft:birch_stairs":5,"minecraft:rotten_flesh":3,"farmersdelight:onion":1,"minecraft:carved_pumpkin":2,"minecraft:coal":6,"minecraft:bread":44,"minecraft:oak_sapling":5,"minecraft:mutton":6,"twigs:tangerine_seashell":1,"minecraft:white_wool":4,"minecraft:cobblestone":35,"minecraft:oxeye_daisy":2},"minecraft:killed":{"minecraft:pig":3,"minecraft:iron_golem":1,"minecraft:skeleton":1,"minecraft:sheep":4,"minecraft:zombie":1,"minecraft:chicken":3},"minecraft:used":{"minecraft:cooked_mutton":3,"minecraft:wheat_seeds":101,"minecraft:water_bucket":10,"minecraft:rose_bush":1,"minecraft:stone_pickaxe":16,"minecraft:birch_planks":155,"minecraft:stone_shovel":926,"minecraft:baked_potato":2,"minecraft:poppy":1,"minecraft:wooden_pickaxe":33,"minecraft:stone_hoe":133,"minecraft:blue_bed":5,"minecraft:torch":2,"minecraft:dirt":725,"minecraft:crafting_table":6,"minecraft:red_bed":1,"minecraft:allium":2,"minecraft:birch_fence":55,"minecraft:birch_door":4,"minecraft:oak_log":3,"minecraft:wooden_axe":66,"minecraft:apple":2,"minecraft:oxeye_daisy":1,"minecraft:birch_slab":16,"minecraft:birch_sapling":29,"minecraft:lantern":1,"minecraft:bread":20,"minecraft:chicken":3,"minecraft:stone_axe":288,"minecraft:furnace":1,"minecraft:bucket":11,"minecraft:birch_log":75,"minecraft:egg":1,"alexsmobs:animal_dictionary":2,"minecraft:potato":59,"twigs:pebble":6,"minecraft:stone_sword":4,"quark:birch_chest":1,"minecraft:birch_stairs":101},"minecraft:broken":{"minecraft:stone_axe":2,"minecraft:wooden_axe":1,"minecraft:stone_shovel":4,"minecraft:stone_hoe":1},"minecraft:custom":{"minecraft:interact_with_furnace":22,"minecraft:mob_kills":13,"minecraft:interact_with_crafting_table":41,"minecraft:open_barrel":3,"minecraft:leave_game":1,"minecraft:time_since_death":116271,"minecraft:sleep_in_bed":10,"minecraft:climb_one_cm":426,"minecraft:time_since_rest":12561,"minecraft:sprint_one_cm":198202,"minecraft:damage_taken":1296,"minecraft:walk_one_cm":489985,"minecraft:drop":21,"minecraft:damage_dealt":2140,"minecraft:swim_one_cm":7098,"minecraft:fly_one_cm":344629,"minecraft:open_chest":4,"minecraft:crouch_one_cm":66148,"minecraft:play_time":116271,"minecraft:sneak_time":15094,"minecraft:walk_under_water_one_cm":2719,"minecraft:jump":1576,"minecraft:walk_on_water_one_cm":13562,"minecraft:total_world_time":116271,"minecraft:fall_one_cm":51720},"minecraft:mined":{"minecraft:birch_stairs":5,"minecraft:oak_slab":2,"twigs:pebble":4,"minecraft:red_bed":1,"minecraft:cornflower":10,"minecraft:carved_pumpkin":2,"minecraft:crafting_table":4,"minecraft:grass_block":625,"minecraft:poppy":8,"minecraft:rose_bush":2,"minecraft:tall_grass":68,"minecraft:birch_slab":2,"minecraft:oxeye_daisy":4,"minecraft:blue_bed":3,"minecraft:birch_sapling":5,"minecraft:birch_planks":16,"farmersdelight:wild_onions":2,"diagonalfences:minecraft/birch_fence":13,"minecraft:birch_log":224,"twigs:tangerine_seashell":1,"minecraft:pumpkin":4,"minecraft:grass":1248,"minecraft:coal_ore":7,"minecraft:bookshelf":1,"minecraft:potatoes":11,"minecraft:oak_log":7,"minecraft:dirt_path":3,"minecraft:sand":16,"minecraft:dirt":78,"minecraft:stone":38,"minecraft:oak_leaves":3,"minecraft:fern":20},"minecraft:crafted":{"minecraft:oak_planks":16,"minecraft:stone_shovel":5,"quark:birch_chest":1,"minecraft:cooked_porkchop":7,"minecraft:crafting_table":2,"minecraft:baked_potato":15,"minecraft:wooden_pickaxe":1,"minecraft:birch_slab":18,"minecraft:furnace":1,"minecraft:bucket":1,"minecraft:birch_planks":424,"minecraft:stone_axe":4,"minecraft:cooked_mutton":6,"minecraft:air":0,"minecraft:shield":1,"minecraft:birch_fence":45,"minecraft:stick":64,"minecraft:stone_pickaxe":1,"minecraft:wooden_axe":1,"minecraft:stone_sword":1,"minecraft:birch_door":3,"minecraft:torch":4,"minecraft:stone_hoe":2,"minecraft:birch_stairs":104},"minecraft:dropped":{"minecraft:water_bucket":1,"minecraft:oak_slab":2,"minecraft:stone_axe":1,"minecraft:wheat_seeds":2,"minecraft:rotten_flesh":2,"minecraft:birch_slab":4,"twigs:tangerine_seashell":1,"minecraft:stick":2,"minecraft:oxeye_daisy":1,"minecraft:dirt":6,"minecraft:birch_fence":1,"minecraft:birch_door":1,"minecraft:bucket":1}},"DataVersion":3465}