{"stats":{"minecraft:custom":{"lootr:looted_stat":26,"minecraft:interact_with_crafting_table":89,"minecraft:leave_game":3,"minecraft:time_since_death":6747,"minecraft:damage_resisted":216,"minecraft:sprint_one_cm":830975,"minecraft:damage_blocked_by_shield":30,"minecraft:drop":116,"minecraft:talked_to_villager":19,"minecraft:play_time":448390,"minecraft:deaths":6,"minecraft:jump":6350,"minecraft:interact_with_brewingstand":3,"minecraft:walk_on_water_one_cm":29963,"minecraft:enchant_item":4,"minecraft:interact_with_furnace":46,"minecraft:sleep_in_bed":5,"minecraft:damage_dealt":40963,"minecraft:crouch_one_cm":32507,"minecraft:horse_one_cm":113374,"minecraft:interact_with_smithing_table":4,"minecraft:mob_kills":216,"minecraft:interact_with_anvil":17,"minecraft:interact_with_campfire":16,"minecraft:damage_dealt_resisted":34285,"minecraft:climb_one_cm":4061,"minecraft:walk_one_cm":1133124,"minecraft:damage_dealt_absorbed":16572,"minecraft:sneak_time":12168,"minecraft:walk_under_water_one_cm":40357,"minecraft:boat_one_cm":881,"minecraft:interact_with_blast_furnace":2,"minecraft:total_world_time":448390,"minecraft:tune_noteblock":1,"minecraft:interact_with_grindstone":3,"minecraft:hex":0,"minecraft:time_since_rest":6777,"minecraft:damage_taken":11522,"minecraft:damage_absorbed":243,"minecraft:swim_one_cm":33348,"minecraft:fly_one_cm":1318602,"minecraft:open_chest":187,"minecraft:fall_one_cm":252826},"minecraft:dropped":{"minecraft:diamond":2,"minecraft:lantern":1,"minecraft:leather":1,"minecraft:iron_horse_armor":1,"regions_unexplored:maple_planks":4,"minecraft:item_frame":2,"minecraft:flint":2,"minecraft:dirt":43,"minecraft:sunflower":3,"minecraft:sand":7,"minecraft:iron_pickaxe":1,"minecraft:cherry_door":1,"minecraft:gold_ingot":4,"minecraft:bone":14,"minecraft:birch_sapling":2,"minecraft:rotten_flesh":54,"minecraft:diamond_shovel":1,"regions_unexplored:mauve_shrub":1,"minecraft:acacia_stairs":1,"minecraft:carrot":3,"patchouli:guide_book":1,"minecraft:poppy":2,"minecraft:gunpowder":4,"minecraft:leather_boots":3,"amethyst_imbuement:beryl_copper_ingot":1,"minecraft:arrow":130,"minecraft:quartz":4,"basicweapons:iron_spear":1,"regions_unexplored:tsubaki":1,"amethyst_imbuement:glistering_tome":1,"minecraft:iron_ingot":8,"minecraft:bread":7,"regions_unexplored:fireweed":1,"minecraft:wheat_seeds":14,"minecraft:tnt":1,"minecraft:diamond_leggings":1,"minecraft:feather":5,"basicweapons:diamond_club":1,"minecraft:apple":9,"minecraft:copper_ingot":1,"minecraft:spruce_door":1,"minecraft:grass_block":1,"minecraft:diamond_horse_armor":1,"regions_unexplored:salmon_poppy_bush":1,"minecraft:torch":33,"mythic_charms:experience_nugget":17,"minecraft:rose_bush":3,"minecraft:diamond_helmet":1,"darkbread:ender_bread":3,"minecraft:pumpkin":1,"minecraft:mud":1,"biomemakeover:button_mushrooms_music_disk":1,"minecraft:chipped_anvil":3,"artifacts:feral_claws":2,"minecraft:string":4,"regions_unexplored:waratah":1,"minecraft:moss_carpet":2,"travelersbackpack:diamond":2,"minecraft:player_head":1,"minecraft:stone_sword":2,"minecraft:stone_shovel":1,"minecraft:chicken":2,"regions_unexplored:aster":1,"minecraft:allium":3,"minecraft:diamond_chestplate":1,"minecraft:spruce_planks":3,"minecraft:bundle":1,"basicweapons:iron_quarterstaff":2,"minecraft:diamond_boots":1,"minecraft:blue_orchid":2,"regions_unexplored:silt_dirt":2},"minecraft:killed":{"graveyard:skeleton_creeper":8,"minecraft:spider":17,"minecraft:skeleton":33,"clutter:beaver":1,"minecraft:bee":24,"minecraft:chicken":2,"minecraft:pig":4,"minecraft:zombie_villager":2,"minecraft:iron_golem":2,"minecraft:creeper":30,"minecraft:sheep":9,"minecraft:zombie":73,"minecraft:mooshroom":2,"minecraft:cow":3,"minecraft:giant":2,"minecraft:enderman":2},"minecraft:mined":{"minecraft:spruce_planks":1,"minecraft:farmland":1,"regions_unexplored:maple_log":67,"minecraft:cherry_log":55,"minecraft:brewing_stand":1,"regions_unexplored:bleeding_heart":1,"minecraft:granite":1,"minecraft:grass_block":62,"regions_unexplored:purple_coneflower":2,"minecraft:smooth_stone":7,"minecraft:dark_oak_trapdoor":2,"minecraft:anvil":1,"regions_unexplored:mauve_wall_sign":4,"croptopia:apple_crop":1,"minecraft:potted_cornflower":1,"regions_unexplored:mauve_shrub":1,"regions_unexplored:silt_grass_block":2,"regions_unexplored:mauve_sapling":1,"minecraft:jungle_trapdoor":3,"minecraft:amethyst_cluster":1,"minecraft:clay":35,"minecraft:torch":10,"minecraft:jungle_stairs":1,"minecraft:chest":10,"minecraft:sugar_cane":4,"regions_unexplored:meadow_sage":1,"minecraft:cyan_bed":2,"minecraft:bricks":51,"minecraft:seagrass":1,"minecraft:chain":1,"minecraft:birch_log":8,"minecraft:wheat":1,"regions_unexplored:mauve_leaves":1,"minecraft:grass":7,"minecraft:oak_log":133,"minecraft:sand":58,"minecraft:dirt":17,"minecraft:oak_leaves":2,"minecraft:spruce_fence":14,"minecraft:allium":1,"minecraft:brick_stairs":1,"minecraft:brown_mushroom_block":1,"regions_unexplored:maple_leaves":4,"minecraft:hay_block":38,"minecraft:acacia_stairs":1,"minecraft:orange_stained_glass_pane":6,"minecraft:bookshelf":72,"minecraft:lantern":9,"minecraft:stripped_acacia_log":6,"regions_unexplored:medium_grass":6,"minecraft:bamboo":1,"minecraft:stone":151,"minecraft:cherry_stairs":5,"minecraft:pink_terracotta":22,"minecraft:glass_pane":1,"minecraft:spruce_door":1,"minecraft:crafting_table":1,"regions_unexplored:silt_dirt":1,"minecraft:tall_grass":1,"regions_unexplored:mauve_log":109,"minecraft:birch_planks":2,"spell_engine:spell_binding":1,"minecraft:spruce_log":6,"perfectplushies:reindeer_plushie":2,"minecraft:quartz_pillar":20,"minecraft:bee_nest":5,"minecraft:coal_ore":1,"regions_unexplored:silver_birch_log":1,"minecraft:terracotta":43,"minecraft:chipped_anvil":2,"minecraft:fern":1},"minecraft:killed_by":{"minecraft:creeper":1,"minecraft:zombie":1},"minecraft:picked_up":{"minecraft:wheat":1,"minecraft:creeper_head":32,"minecraft:anvil":1,"minecraft:diamond_sword":2,"regions_unexplored:silt_dirt":43,"minecraft:brewing_stand":1,"minecraft:string":48,"minecraft:dark_oak_trapdoor":2,"travelersbackpack:diamond":2,"variantshields:oak_diamond_shield":1,"minecraft:zombie_head":75,"minecraft:diamond_leggings":1,"minecraft:smooth_stone":7,"bosses_of_mass_destruction:soul_star":2,"minecraft:spruce_planks":1,"minecraft:iron_pickaxe":1,"minecraft:stick":40,"minecraft:torch":12,"minecraft:porkchop":13,"minecraft:cherry_log":54,"minecraft:pink_terracotta":22,"minecraft:stone_sword":1,"minecraft:rotten_flesh":257,"regions_unexplored:tsubaki":1,"regions_unexplored:mauve_log":100,"minecraft:cobblestone":191,"minecraft:birch_log":8,"minecraft:feather":5,"minecraft:cooked_beef":7,"minecraft:potato":55,"minecraft:flint":4,"minecraft:lapis_lazuli":21,"minecraft:cherry_door":1,"minecraft:dirt":160,"minecraft:lantern":12,"minecraft:leather_boots":2,"minecraft:bone":89,"minecraft:chipped_anvil":5,"minecraft:bow":8,"minecraft:wheat_seeds":20,"basicweapons:diamond_club":1,"minecraft:diamond_helmet":1,"minecraft:bamboo":16,"minecraft:cooked_porkchop":13,"minecraft:sand":59,"minecraft:cyan_bed":2,"minecraft:grass_block":1,"minecraft:acacia_stairs":1,"minecraft:stripped_acacia_log":4,"perfectplushies:reindeer_plushie":2,"minecraft:diamond":14,"minecraft:spruce_boat":5,"regions_unexplored:mauve_sign":4,"minecraft:granite":1,"minecraft:bread":7,"minecraft:bricks":51,"minecraft:mud":1,"minecraft:crafting_table":1,"minecraft:allium":3,"minecraft:chicken":2,"minecraft:clay_ball":112,"minecraft:diamond_horse_armor":1,"minecraft:chain":1,"minecraft:cornflower":1,"minecraft:jungle_trapdoor":3,"minecraft:moss_carpet":2,"artifacts:feral_claws":2,"croptopia:bellpepper_seed":2,"minecraft:item_frame":2,"minecraft:blue_orchid":2,"graveyard:corruption":1,"minecraft:beef":12,"regions_unexplored:mauve_shrub":1,"minecraft:player_head":1,"minecraft:poppy":2,"minecraft:sugar_cane":5,"minecraft:chest":10,"minecraft:birch_sapling":2,"minecraft:raw_iron":1,"minecraft:cherry_stairs":5,"minecraft:spruce_fence":14,"minecraft:quartz_pillar":19,"minecraft:carrot":63,"regions_unexplored:purple_coneflower":2,"minecraft:tnt":3,"mythic_charms:experience_nugget":98,"minecraft:arrow":200,"minecraft:diamond_chestplate":1,"regions_unexplored:mauve_sapling":16,"minecraft:jungle_stairs":1,"minecraft:diamond_boots":1,"minecraft:hay_block":38,"spell_engine:spell_binding":1,"minecraft:brick_stairs":1,"minecraft:white_wool":9,"minecraft:mutton":11,"minecraft:skeleton_skull":31,"basicweapons:iron_quarterstaff":1,"minecraft:bone_block":2,"regions_unexplored:eucalyptus_log":3,"minecraft:leather":3,"minecraft:birch_planks":2,"minecraft:oak_log":127,"regions_unexplored:salmon_poppy_bush":1,"minecraft:gunpowder":20,"biomemakeover:button_mushrooms_music_disk":1,"regions_unexplored:waratah":1,"regions_unexplored:aster":1,"minecraft:apple":14,"minecraft:iron_ingot":79,"minecraft:book":210,"minecraft:pumpkin":1,"runes:arcane_stone":1,"minecraft:amethyst_shard":4,"minecraft:spruce_log":6,"minecraft:spruce_door":1,"minecraft:spider_eye":104,"minecraft:firework_rocket":98,"regions_unexplored:fireweed":1,"runes:frost_stone":1,"regions_unexplored:maple_log":61,"minecraft:gray_wool":1,"minecraft:terracotta":42,"minecraft:coal":2,"minecraft:ender_pearl":6},"minecraft:crafted":{"minecraft:brick":112,"minecraft:smooth_stone":78,"minecraft:oak_planks":300,"minecraft:cherry_slab":12,"regions_unexplored:maple_planks":224,"minecraft:stone":86,"minecraft:diamond_shovel":1,"minecraft:bookshelf":20,"minecraft:glass":28,"minecraft:bow":1,"minecraft:iron_boots":1,"immersive_aircraft:hull":3,"minecraft:chest":35,"minecraft:bricks":56,"minecraft:cherry_fence":18,"minecraft:crafting_table":13,"minecraft:spruce_planks":24,"basicweapons:diamond_club":1,"minecraft:birch_planks":32,"minecraft:campfire":1,"immersive_aircraft:propeller":1,"minecraft:iron_chestplate":1,"minecraft:diamond_pickaxe":2,"minecraft:charcoal":1,"minecraft:shield":1,"minecraft:stick":28,"minecraft:iron_pickaxe":6,"simplyswords:diamond_halberd":1,"minecraft:shears":1,"minecraft:cherry_planks":228,"minecraft:stone_shovel":2,"minecraft:fishing_rod":2,"minecraft:iron_nugget":9,"immersive_aircraft:sail":2,"minecraft:furnace":7,"minecraft:white_carpet":12,"minecraft:glass_pane":128,"regions_unexplored:mauve_planks":144,"minecraft:iron_axe":4,"minecraft:cherry_stairs":12,"minecraft:stone_pickaxe":2,"minecraft:spruce_boat":2,"minecraft:wheat":684,"minecraft:diamond_sword":1,"minecraft:enchanting_table":1,"regions_unexplored:mauve_sign":12,"minecraft:bread":228,"minecraft:air":0,"regions_unexplored:eucalyptus_planks":12,"immersive_aircraft:gyrodyne":1,"minecraft:iron_shovel":2,"minecraft:cherry_door":6,"minecraft:iron_leggings":2,"minecraft:torch":64},"minecraft:used":{"regions_unexplored:silt_dirt":41,"minecraft:iron_shovel":36,"minecraft:chest":28,"minecraft:shield":1,"minecraft:stone":8,"darkbread:ender_bread":17,"travelersbackpack:diamond":4,"minecraft:rotten_flesh":2,"minecraft:carrot":44,"regions_unexplored:mauve_sapling":13,"minecraft:pink_terracotta":12,"minecraft:spruce_boat":6,"minecraft:bricks":75,"minecraft:quartz_pillar":16,"minecraft:lantern":5,"darkblades:dark_slushy":3,"minecraft:furnace":4,"minecraft:potato":16,"regions_unexplored:mauve_sign":10,"minecraft:stone_pickaxe":16,"minecraft:oak_planks":109,"minecraft:ender_pearl":3,"travelersbackpack:iron_golem":2,"simplyswords:diamond_halberd":384,"minecraft:sand":1,"regions_unexplored:mauve_planks":1,"darkbread:obsidian_bread":5,"minecraft:firework_rocket":4,"minecraft:cyan_bed":2,"minecraft:bread":29,"immersive_aircraft:gyrodyne":1,"minecraft:enchanting_table":1,"minecraft:stone_sword":25,"minecraft:stone_shovel":58,"minecraft:spruce_planks":4,"regions_unexplored:maple_planks":60,"minecraft:torch":7,"minecraft:brewing_stand":1,"minecraft:dirt":103,"minecraft:chipped_anvil":2,"minecraft:bookshelf":11,"minecraft:iron_axe":516,"minecraft:cherry_slab":2,"minecraft:bamboo":3,"minecraft:cooked_beef":6,"minecraft:cherry_fence":4,"minecraft:cherry_log":11,"minecraft:iron_leggings":1,"minecraft:birch_planks":27,"minecraft:bundle":1,"basicweapons:diamond_club":415,"minecraft:cherry_planks":52,"minecraft:terracotta":31,"minecraft:crafting_table":14,"minecraft:campfire":1,"minecraft:diamond_pickaxe":37,"minecraft:apple":17,"minecraft:cherry_door":3,"perfectplushies:reindeer_plushie":3,"minecraft:iron_pickaxe":270,"minecraft:cobblestone":25,"minecraft:cherry_stairs":10,"minecraft:cooked_porkchop":6,"minecraft:glass_pane":57,"minecraft:smooth_stone":84},"minecraft:broken":{"minecraft:iron_axe":1,"minecraft:iron_pickaxe":1}},"DataVersion":3465}