{"stats":{"minecraft:killed":{"minecraft:spider":11,"minecraft:skeleton":57,"minecraft:fox":3,"minecraft:wolf":1,"minecraft:rabbit":3,"minecraft:creeper":64,"minecraft:goat":2,"minecraft:zombie":57,"minecraft:stray":1,"minecraft:enderman":1},"minecraft:dropped":{"minecraft:water_bucket":3,"minecraft:stone_hoe":1,"minecraft:iron_ingot":3,"minecraft:moss_block":6,"minecraft:candle":2,"minecraft:oak_log":15,"minecraft:diamond":1,"minecraft:apple":1,"minecraft:dark_oak_button":25,"minecraft:golden_apple":1,"minecraft:mushroom_stew":6,"minecraft:host_armor_trim_smithing_template":1,"minecraft:dirt":64,"minecraft:bone_meal":16,"minecraft:dark_oak_planks":192,"minecraft:birch_log":8,"minecraft:bucket":3,"minecraft:bone":4,"minecraft:stone_sword":2,"minecraft:bowl":3,"minecraft:rotten_flesh":5,"minecraft:trident":1,"minecraft:gunpowder":8,"minecraft:howl_pottery_sherd":3,"minecraft:oak_sapling":1,"minecraft:bow":1,"minecraft:wooden_pickaxe":1},"minecraft:used":{"minecraft:stone_sword":79,"minecraft:blue_terracotta":3,"minecraft:carved_pumpkin":2,"minecraft:tropical_fish":1,"minecraft:stone_shovel":55,"minecraft:spruce_planks":37,"minecraft:chest":15,"minecraft:decorated_pot":3,"minecraft:white_terracotta":22,"minecraft:stone":5,"minecraft:rotten_flesh":2,"minecraft:wooden_shovel":48,"minecraft:stone_hoe":19,"minecraft:torch":32,"minecraft:dirt":46,"minecraft:hopper":5,"minecraft:prismarine_bricks":4,"minecraft:axolotl_bucket":3,"minecraft:granite":12,"minecraft:snowball":13,"minecraft:polished_diorite":66,"minecraft:dark_oak_planks":653,"minecraft:stone_brick_slab":97,"minecraft:iron_axe":373,"minecraft:birch_sapling":1,"minecraft:dark_oak_slab":4,"minecraft:stone_bricks":50,"minecraft:smooth_basalt":21,"minecraft:raw_copper_block":9,"minecraft:dark_oak_boat":1,"minecraft:bow":28,"minecraft:sweet_berries":9,"minecraft:furnace":1,"minecraft:oak_sapling":4,"minecraft:cobbled_deepslate":33,"minecraft:pumpkin":2,"minecraft:dark_oak_sapling":33,"minecraft:calcite":55,"minecraft:water_bucket":31,"minecraft:diorite":6,"minecraft:amethyst_block":29,"minecraft:snow_block":4,"minecraft:birch_planks":7,"minecraft:stone_pickaxe":207,"minecraft:prismarine":1,"minecraft:oak_planks":8,"minecraft:wooden_pickaxe":12,"minecraft:diamond_axe":9,"minecraft:golden_apple":1,"minecraft:glow_berries":1,"minecraft:dark_oak_trapdoor":61,"minecraft:terracotta":18,"minecraft:oak_slab":1,"minecraft:crafting_table":1,"minecraft:mushroom_stew":28,"minecraft:cod":1,"minecraft:shears":2,"minecraft:deepslate_tiles":12,"minecraft:gray_terracotta":8,"minecraft:iron_pickaxe":80,"minecraft:spruce_trapdoor":7,"minecraft:polished_granite":28,"minecraft:spruce_sapling":1,"minecraft:gravel":2,"minecraft:stone_axe":14,"minecraft:wooden_sword":17,"minecraft:heartbreak_pottery_sherd":3,"minecraft:cobblestone":56,"minecraft:andesite":41,"minecraft:bucket":34,"minecraft:bone_meal":47},"minecraft:custom":{"minecraft:mob_kills":200,"minecraft:inspect_hopper":1,"minecraft:interact_with_crafting_table":38,"minecraft:time_since_death":402,"minecraft:sprint_one_cm":264513,"minecraft:walk_one_cm":650578,"minecraft:drop":71,"minecraft:play_time":191828,"minecraft:deaths":17,"minecraft:sneak_time":26803,"minecraft:walk_under_water_one_cm":36984,"minecraft:boat_one_cm":1273,"minecraft:jump":1777,"minecraft:walk_on_water_one_cm":17083,"minecraft:total_world_time":191828,"minecraft:interact_with_furnace":47,"minecraft:time_since_rest":476,"minecraft:damage_taken":6187,"minecraft:damage_absorbed":40,"minecraft:damage_dealt":8203,"minecraft:player_kills":17,"minecraft:swim_one_cm":7970,"minecraft:fly_one_cm":273071,"minecraft:open_chest":222,"minecraft:crouch_one_cm":96506,"minecraft:fall_one_cm":34203},"minecraft:picked_up":{"minecraft:crafting_table":1,"minecraft:clay_ball":172,"minecraft:amethyst_block":26,"minecraft:string":13,"minecraft:dark_oak_trapdoor":61,"minecraft:raw_copper":221,"minecraft:iron_axe":1,"minecraft:wooden_sword":1,"minecraft:explorer_pottery_sherd":5,"minecraft:deepslate_tiles":2,"minecraft:candle":18,"minecraft:cobbled_deepslate":28,"minecraft:bucket":3,"minecraft:spruce_planks":1,"minecraft:calcite":30,"minecraft:iron_pickaxe":4,"minecraft:chest":14,"minecraft:birch_sapling":1,"minecraft:spruce_trapdoor":13,"minecraft:raw_copper_block":3,"minecraft:tipped_arrow":1,"minecraft:dark_oak_sapling":20,"minecraft:stick":12,"minecraft:raw_iron":31,"minecraft:sheaf_pottery_sherd":7,"minecraft:raw_gold_block":2,"minecraft:torch":23,"minecraft:bowl":5,"minecraft:diorite":47,"minecraft:trident":3,"minecraft:prismarine_crystals":36,"minecraft:green_terracotta":10,"minecraft:rabbit_foot":1,"minecraft:dark_oak_planks":27,"minecraft:howl_pottery_sherd":7,"minecraft:stone_sword":11,"minecraft:arrow":17,"minecraft:salmon_bucket":2,"minecraft:rotten_flesh":35,"minecraft:tropical_fish":1,"minecraft:decorated_pot":4,"minecraft:deepslate_bricks":10,"minecraft:carved_pumpkin":2,"minecraft:white_terracotta":11,"minecraft:glow_berries":1,"minecraft:mutton":1,"minecraft:host_armor_trim_smithing_template":1,"minecraft:sponge":1,"minecraft:cod":1,"minecraft:snowball":52,"minecraft:heartbreak_pottery_sherd":16,"minecraft:cobblestone":118,"minecraft:birch_log":21,"minecraft:feather":3,"minecraft:dark_oak_button":25,"minecraft:salmon":1,"minecraft:glow_ink_sac":6,"minecraft:water_bucket":5,"minecraft:andesite":22,"minecraft:potato":1,"minecraft:birch_planks":1,"minecraft:ice":4,"minecraft:mushroom_stew":8,"minecraft:flint":2,"minecraft:tuff":10,"minecraft:prismarine_bricks":41,"minecraft:oak_log":52,"minecraft:gunpowder":24,"minecraft:lapis_lazuli":82,"minecraft:dirt":202,"minecraft:disc_fragment_5":1,"minecraft:polished_granite":8,"minecraft:bone":39,"minecraft:apple":1,"minecraft:stone_bricks":42,"minecraft:bow":4,"minecraft:raw_gold":11,"minecraft:rabbit_hide":7,"minecraft:stone_pickaxe":8,"minecraft:rabbit":8,"minecraft:moss_block":7,"minecraft:prismarine":22,"minecraft:stone_hoe":1,"minecraft:oak_slab":41,"minecraft:glow_lichen":3,"minecraft:smooth_basalt":4,"minecraft:dark_oak_slab":4,"minecraft:pumpkin":3,"minecraft:sweet_berries":9,"minecraft:stone_brick_slab":8,"minecraft:axolotl_bucket":2,"minecraft:dripstone_block":2,"minecraft:gravel":46,"minecraft:dead_fire_coral_block":1,"minecraft:sand":2,"minecraft:amethyst_shard":4,"minecraft:sea_lantern":8,"minecraft:spruce_sapling":6,"minecraft:spruce_log":27,"minecraft:grass_block":1,"minecraft:spider_eye":4,"minecraft:dark_oak_log":290,"minecraft:leather_helmet":1,"minecraft:dark_prismarine":4,"minecraft:pumpkin_seeds":8,"minecraft:blue_terracotta":1,"minecraft:stone_axe":2,"minecraft:diamond":1,"minecraft:polished_diorite":16,"minecraft:diamond_axe":1,"minecraft:dead_brain_coral_block":2,"minecraft:granite":17,"minecraft:bone_meal":7,"minecraft:golden_apple":2,"minecraft:rooted_dirt":11,"minecraft:oak_sapling":14,"minecraft:coal":19,"minecraft:hopper":1,"minecraft:diamond_pickaxe":1},"minecraft:crafted":{"minecraft:oak_planks":116,"minecraft:stone_shovel":1,"minecraft:dark_oak_boat":1,"minecraft:furnace":1,"minecraft:dark_oak_trapdoor":60,"minecraft:stone":101,"minecraft:bone_meal":66,"minecraft:raw_copper_block":6,"minecraft:hopper":4,"minecraft:stone_brick_slab":96,"minecraft:bow":1,"minecraft:polished_diorite":64,"minecraft:iron_axe":2,"minecraft:stone_pickaxe":2,"minecraft:chest":5,"minecraft:dark_oak_planks":1160,"minecraft:stone_hoe":1,"minecraft:stone_bricks":96,"minecraft:crafting_table":1,"minecraft:spruce_planks":80,"minecraft:wooden_pickaxe":1,"minecraft:bowl":8,"minecraft:polished_granite":20,"minecraft:bucket":1,"minecraft:birch_planks":16,"minecraft:stone_axe":1,"minecraft:air":0,"minecraft:spruce_trapdoor":10,"minecraft:dark_oak_slab":6,"minecraft:charcoal":9,"minecraft:raw_gold":18,"minecraft:stick":24,"minecraft:iron_ingot":29,"minecraft:iron_pickaxe":1,"minecraft:snow_block":8,"minecraft:gold_ingot":18,"minecraft:torch":36,"minecraft:shears":1},"minecraft:mined":{"minecraft:dark_oak_planks":14,"minecraft:spruce_planks":1,"minecraft:oak_sapling":1,"minecraft:dark_oak_leaves":23,"minecraft:sculk_vein":59,"minecraft:dark_oak_log":302,"minecraft:carved_pumpkin":2,"minecraft:spruce_trapdoor":3,"minecraft:granite":9,"minecraft:grass_block":49,"minecraft:decorated_pot":7,"minecraft:polished_diorite":5,"minecraft:spruce_leaves":28,"minecraft:hopper":1,"minecraft:moss_block":2,"minecraft:dark_oak_trapdoor":1,"minecraft:iron_ore":15,"minecraft:snow":55,"minecraft:andesite":13,"minecraft:pumpkin":1,"minecraft:stone":35,"minecraft:podzol":13,"minecraft:stone_brick_slab":1,"minecraft:polished_granite":12,"minecraft:clay":9,"minecraft:torch":5,"minecraft:calcite":11,"minecraft:chest":7,"minecraft:cobblestone":1,"minecraft:copper_ore":17,"minecraft:prismarine":1,"minecraft:sculk":3,"minecraft:diorite":14,"minecraft:wall_torch":1,"minecraft:amethyst_block":10,"minecraft:white_terracotta":8,"minecraft:birch_planks":1,"minecraft:blue_terracotta":1,"minecraft:dark_oak_slab":1,"minecraft:birch_log":9,"minecraft:blue_ice":1,"minecraft:spruce_log":9,"minecraft:coal_ore":5,"minecraft:oak_log":20,"minecraft:gravel":24,"minecraft:dirt":27,"minecraft:smooth_basalt":2,"minecraft:raw_copper_block":3,"minecraft:stone_bricks":3,"minecraft:gold_ore":1,"minecraft:oak_leaves":23,"minecraft:suspicious_gravel":4},"minecraft:killed_by":{"minecraft:player":7}},"DataVersion":3839}