{"stats":{"minecraft:picked_up":{"minecraft:crafting_table":1,"minecraft:allium":5,"minecraft:azure_bluet":2,"illagerinvasion:platinum_chunk":1,"minecraft:brown_mushroom":1,"minecraft:cornflower":18,"minecraft:red_bed":6,"minecraft:raw_copper":20,"minecraft:oak_sign":1,"minecraft:bucket":2,"delightful:acorn":13,"twigs:pebble":20,"minecraft:poppy":5,"delightful:green_tea_leaf":11,"minecraft:birch_sapling":17,"minecraft:egg":2,"minecraft:stick":7,"minecraft:raw_iron":2,"minecraft:oak_fence":2,"minecraft:diorite":2,"minecraft:peony":1,"farmersdelight:onion":1,"minecraft:mutton":2,"minecraft:white_wool":1,"minecraft:cobblestone":439,"minecraft:oxeye_daisy":5,"minecraft:birch_log":98,"minecraft:water_bucket":1,"minecraft:copper_block":7,"minecraft:red_mushroom":4,"minecraft:flint":4,"minecraft:oak_log":307,"minecraft:yellow_bed":5,"minecraft:dirt":444,"minecraft:blue_bed":2,"minecraft:apple":8,"minecraft:stone_bricks":4,"minecraft:wheat_seeds":127,"twigs:twig":51,"minecraft:oak_planks":1,"minecraft:book":24,"minecraft:oak_slab":2,"minecraft:stone_brick_slab":3,"minecraft:dandelion":29,"minecraft:gravel":41,"quark:oak_chest":2,"minecraft:stone_axe":1,"minecraft:granite":7,"minecraft:birch_sign":1,"minecraft:emerald":2,"minecraft:oak_sapling":56},"minecraft:killed":{"minecraft:sheep":1,"minecraft:pillager":1},"minecraft:used":{"minecraft:oak_fence":44,"minecraft:oak_trapdoor":7,"minecraft:stone_shovel":447,"minecraft:oak_sign":7,"minecraft:stone":2,"minecraft:stone_hoe":91,"minecraft:stick":2,"minecraft:torch":8,"minecraft:dirt":88,"minecraft:oak_fence_gate":4,"minecraft:stone_brick_slab":72,"minecraft:stone_bricks":150,"minecraft:furnace":2,"minecraft:wheat_seeds":19,"minecraft:water_bucket":9,"minecraft:stone_pickaxe":455,"minecraft:oak_planks":140,"minecraft:wooden_pickaxe":18,"minecraft:composter":2,"minecraft:fletching_table":2,"farmersdelight:onion":18,"minecraft:crafting_table":9,"minecraft:red_bed":5,"minecraft:birch_sign":6,"minecraft:oak_log":12,"minecraft:apple":14,"minecraft:bread":19,"minecraft:gravel":33,"minecraft:stone_axe":501,"minecraft:cobblestone":20,"minecraft:bucket":8,"minecraft:yellow_bed":5,"quark:oak_chest":11,"twigs:pebble":11,"delightful:acorn":11},"minecraft:broken":{"minecraft:stone_pickaxe":3,"minecraft:stone_axe":3,"minecraft:stone_shovel":3},"minecraft:mined":{"minecraft:granite":7,"minecraft:grass_block":321,"minecraft:oxeye_daisy":5,"minecraft:oak_wall_sign":1,"minecraft:iron_ore":2,"minecraft:azure_bluet":2,"minecraft:bookshelf":8,"minecraft:birch_wall_sign":1,"minecraft:stone":427,"twigs:pebble":3,"minecraft:red_bed":5,"quark:oak_chest":2,"minecraft:stone_brick_slab":2,"minecraft:dandelion":31,"minecraft:crafting_table":1,"minecraft:cornflower":15,"diagonalfences:minecraft/oak_fence":2,"minecraft:poppy":5,"minecraft:cobblestone":10,"minecraft:tall_grass":55,"minecraft:copper_ore":5,"minecraft:oak_planks":1,"minecraft:diorite":2,"minecraft:blue_bed":2,"minecraft:birch_log":99,"minecraft:yellow_bed":5,"minecraft:copper_block":7,"minecraft:grass":955,"minecraft:oak_log":317,"minecraft:gravel":45,"minecraft:dirt":94,"minecraft:stone_bricks":4,"minecraft:oak_leaves":2,"minecraft:fern":2},"minecraft:custom":{"minecraft:mob_kills":2,"minecraft:interact_with_crafting_table":50,"minecraft:leave_game":1,"minecraft:time_since_death":116635,"minecraft:climb_one_cm":562,"minecraft:sprint_one_cm":353478,"minecraft:walk_one_cm":443798,"minecraft:drop":44,"minecraft:talked_to_villager":17,"minecraft:play_time":116635,"minecraft:sneak_time":4401,"minecraft:walk_under_water_one_cm":558,"minecraft:jump":2247,"minecraft:walk_on_water_one_cm":4393,"minecraft:total_world_time":116635,"minecraft:interact_with_furnace":37,"minecraft:traded_with_villager":70,"minecraft:sleep_in_bed":10,"minecraft:time_since_rest":12437,"minecraft:damage_taken":520,"minecraft:damage_dealt":450,"minecraft:swim_one_cm":2777,"minecraft:fly_one_cm":546425,"minecraft:open_chest":21,"minecraft:crouch_one_cm":13893,"minecraft:fall_one_cm":68072},"minecraft:crafted":{"minecraft:oak_planks":1180,"minecraft:stone_shovel":4,"minecraft:oak_sign":6,"minecraft:furnace":2,"minecraft:stone":238,"minecraft:oak_trapdoor":8,"minecraft:stone_brick_slab":96,"minecraft:stone_pickaxe":4,"minecraft:stone_hoe":1,"minecraft:stone_bricks":236,"minecraft:oak_fence":96,"minecraft:birch_sign":6,"minecraft:oak_slab":30,"minecraft:emerald":34,"minecraft:crafting_table":8,"minecraft:wooden_pickaxe":1,"minecraft:copper_ingot":63,"minecraft:fletching_table":2,"minecraft:birch_planks":144,"minecraft:stone_axe":3,"minecraft:bread":216,"minecraft:air":0,"minecraft:oak_fence_gate":4,"minecraft:charcoal":62,"minecraft:stick":1216,"quark:oak_chest":9,"minecraft:composter":2,"minecraft:torch":28},"minecraft:dropped":{"minecraft:bread":158,"minecraft:wheat_seeds":3,"minecraft:feather":1,"delightful:green_tea_leaf":2,"minecraft:apple":9,"twigs:pebble":3,"minecraft:dirt":193,"minecraft:red_bed":1,"minecraft:cornflower":3,"delightful:acorn":1,"minecraft:bucket":2,"minecraft:blue_bed":2,"twigs:twig":9,"minecraft:dandelion":1,"alexsmobs:animal_dictionary":1,"minecraft:poppy":2,"minecraft:peony":1,"minecraft:oak_sapling":6,"minecraft:wooden_pickaxe":1}},"DataVersion":3465}