{"stats":{"minecraft:mined":{"minecraft:cobblestone_stairs":1,"minecraft:crafting_table":1,"minecraft:grass_block":1,"minecraft:copper_ore":1,"biomesoplenty:tundra_shrub":1,"minecraft:wall_torch":1,"minecraft:purple_bed":1,"minecraft:furnace":1,"minecraft:sweet_berry_bush":1,"minecraft:snow":19,"minecraft:pumpkin":9,"biomesoplenty:fir_log":74,"minecraft:grass":4,"minecraft:oak_log":19,"minecraft:dirt":7,"minecraft:stone":55,"minecraft:oak_leaves":4},"minecraft:crafted":{"minecraft:cooked_beef":6,"minecraft:oak_planks":64,"minecraft:wooden_shovel":1,"minecraft:crafting_table":3,"minecraft:wooden_pickaxe":1,"minecraft:furnace":1,"minecraft:stone_axe":1,"minecraft:air":0,"minecraft:oak_boat":2,"minecraft:stick":8,"minecraft:stone_pickaxe":1},"minecraft:dropped":{"biomesoplenty:fir_log":32,"minecraft:wheat_seeds":1,"minecraft:cobblestone":21,"minecraft:dirt":1,"minecraft:snowball":2,"minecraft:wooden_pickaxe":1},"minecraft:picked_up":{"minecraft:crafting_table":1,"minecraft:cooked_beef":1,"minecraft:leather":7,"biomesoplenty:fir_log":63,"minecraft:oak_log":18,"minecraft:cobblestone_stairs":1,"minecraft:dirt":8,"minecraft:wheat_seeds":2,"minecraft:beef":12,"minecraft:oak_planks":37,"minecraft:furnace":1,"minecraft:pumpkin":9,"minecraft:sweet_berries":39,"minecraft:torch":1,"minecraft:stone_sword":1,"minecraft:purple_bed":1,"born_in_chaos_v1:spiny_shell":4,"minecraft:snowball":19,"minecraft:cobblestone":53},"minecraft:custom":{"minecraft:interact_with_furnace":9,"minecraft:mob_kills":7,"minecraft:interact_with_crafting_table":11,"minecraft:tune_noteblock":3,"minecraft:damage_dealt_resisted":2,"minecraft:interact_with_grindstone":1,"minecraft:leave_game":1,"minecraft:time_since_death":49734,"minecraft:sleep_in_bed":5,"minecraft:time_since_rest":5501,"minecraft:sprint_one_cm":84755,"minecraft:damage_taken":502,"minecraft:walk_one_cm":155086,"minecraft:drop":7,"minecraft:damage_dealt":1305,"minecraft:swim_one_cm":4068,"minecraft:talked_to_villager":1,"minecraft:fly_one_cm":193657,"minecraft:open_chest":4,"minecraft:crouch_one_cm":2693,"minecraft:play_time":49734,"minecraft:sneak_time":715,"minecraft:walk_under_water_one_cm":487,"minecraft:boat_one_cm":38642,"minecraft:jump":835,"minecraft:walk_on_water_one_cm":1220,"minecraft:total_world_time":49734,"minecraft:fall_one_cm":20213},"minecraft:killed":{"born_in_chaos_v1:thornshell_crab":2,"minecraft:cow":4},"minecraft:used":{"minecraft:stone_sword":1,"minecraft:stone_pickaxe":31,"minecraft:oak_planks":5,"minecraft:wooden_pickaxe":29,"minecraft:wooden_shovel":22,"minecraft:torch":1,"minecraft:dirt":6,"minecraft:crafting_table":4,"minecraft:snowball":17,"minecraft:stone_axe":118,"minecraft:sweet_berries":14,"minecraft:furnace":2,"minecraft:oak_boat":2,"minecraft:cooked_beef":6}},"DataVersion":3465}