{"stats":{"minecraft:killed":{"minecraft:rabbit":3,"minecraft:goat":2,"minecraft:zombie":1,"minecraft:stray":1},"minecraft:dropped":{"minecraft:stone_hoe":1,"minecraft:water_bucket":1,"minecraft:oak_log":15,"minecraft:bowl":1,"minecraft:host_armor_trim_smithing_template":1,"minecraft:mushroom_stew":2,"minecraft:dirt":64,"minecraft:wooden_pickaxe":1,"minecraft:birch_log":8},"minecraft:used":{"minecraft:snow_block":2,"minecraft:carved_pumpkin":1,"minecraft:birch_planks":3,"minecraft:stone_shovel":36,"minecraft:stone_pickaxe":160,"minecraft:chest":7,"minecraft:wooden_pickaxe":12,"minecraft:wooden_shovel":48,"minecraft:stone_hoe":19,"minecraft:dirt":17,"minecraft:mushroom_stew":3,"minecraft:shears":1,"minecraft:snowball":13,"minecraft:stone_brick_slab":78,"minecraft:birch_sapling":1,"minecraft:stone_axe":7,"minecraft:oak_sapling":4,"minecraft:furnace":1,"minecraft:pumpkin":1},"minecraft:custom":{"minecraft:interact_with_furnace":14,"minecraft:mob_kills":7,"minecraft:interact_with_crafting_table":12,"minecraft:time_since_death":43843,"minecraft:time_since_rest":43874,"minecraft:sprint_one_cm":19302,"minecraft:damage_taken":354,"minecraft:walk_one_cm":188161,"minecraft:drop":15,"minecraft:damage_dealt":785,"minecraft:fly_one_cm":16340,"minecraft:open_chest":48,"minecraft:crouch_one_cm":19065,"minecraft:play_time":47828,"minecraft:deaths":1,"minecraft:sneak_time":8781,"minecraft:jump":247,"minecraft:walk_on_water_one_cm":49,"minecraft:total_world_time":47828,"minecraft:fall_one_cm":2926},"minecraft:picked_up":{"minecraft:birch_log":18,"minecraft:feather":3,"minecraft:andesite":18,"minecraft:clay_ball":72,"minecraft:water_bucket":1,"minecraft:mushroom_stew":5,"minecraft:flint":2,"minecraft:oak_log":46,"minecraft:amethyst_block":14,"minecraft:dirt":163,"minecraft:string":3,"minecraft:raw_copper":99,"minecraft:bone":2,"minecraft:rabbit_hide":5,"minecraft:calcite":14,"minecraft:rabbit":8,"minecraft:birch_sapling":1,"minecraft:chest":11,"minecraft:tipped_arrow":1,"minecraft:raw_iron":19,"minecraft:smooth_basalt":2,"minecraft:pumpkin":3,"minecraft:gravel":30,"minecraft:amethyst_shard":4,"minecraft:diorite":20,"minecraft:spruce_log":1,"minecraft:rabbit_foot":1,"minecraft:leather_helmet":1,"minecraft:pumpkin_seeds":4,"minecraft:arrow":1,"minecraft:rotten_flesh":2,"minecraft:carved_pumpkin":1,"minecraft:granite":11,"minecraft:white_terracotta":6,"minecraft:oak_sapling":1,"minecraft:host_armor_trim_smithing_template":1,"minecraft:mutton":1,"minecraft:coal":14,"minecraft:snowball":34,"minecraft:cobblestone":61},"minecraft:crafted":{"minecraft:oak_planks":76,"minecraft:stone_shovel":1,"minecraft:wooden_pickaxe":1,"minecraft:furnace":1,"minecraft:stone":40,"minecraft:birch_planks":16,"minecraft:stone_axe":1,"minecraft:air":0,"minecraft:stone_brick_slab":78,"minecraft:stick":12,"minecraft:stone_pickaxe":2,"minecraft:snow_block":4,"minecraft:stone_hoe":1,"minecraft:stone_bricks":40,"minecraft:shears":1},"minecraft:mined":{"minecraft:podzol":12,"minecraft:oak_sapling":1,"minecraft:carved_pumpkin":1,"minecraft:clay":9,"minecraft:granite":6,"minecraft:grass_block":42,"minecraft:calcite":6,"minecraft:chest":5,"minecraft:copper_ore":12,"minecraft:diorite":7,"minecraft:amethyst_block":6,"minecraft:white_terracotta":3,"minecraft:blue_terracotta":1,"minecraft:birch_log":9,"minecraft:iron_ore":12,"minecraft:snow":36,"minecraft:spruce_log":1,"minecraft:andesite":10,"minecraft:pumpkin":1,"minecraft:oak_log":19,"minecraft:coal_ore":5,"minecraft:gravel":17,"minecraft:dirt":14,"minecraft:smooth_basalt":1,"minecraft:stone":30}},"DataVersion":3839}