{"stats":{"minecraft:killed":{"minecraft:fox":3,"minecraft:wolf":1,"minecraft:rabbit":3,"minecraft:goat":2,"minecraft:zombie":3,"minecraft:stray":1},"minecraft:dropped":{"minecraft:water_bucket":3,"minecraft:stone_hoe":1,"minecraft:iron_ingot":3,"minecraft:candle":2,"minecraft:oak_log":15,"minecraft:diamond":1,"minecraft:apple":1,"minecraft:dark_oak_button":25,"minecraft:mushroom_stew":4,"minecraft:host_armor_trim_smithing_template":1,"minecraft:dirt":64,"minecraft:bone_meal":16,"minecraft:dark_oak_planks":192,"minecraft:birch_log":8,"minecraft:bucket":3,"minecraft:bowl":1,"minecraft:howl_pottery_sherd":3,"minecraft:oak_sapling":1,"minecraft:wooden_pickaxe":1},"minecraft:used":{"minecraft:carved_pumpkin":2,"minecraft:stone_shovel":55,"minecraft:chest":15,"minecraft:decorated_pot":3,"minecraft:white_terracotta":3,"minecraft:stone":5,"minecraft:wooden_shovel":48,"minecraft:stone_hoe":19,"minecraft:torch":1,"minecraft:dirt":39,"minecraft:hopper":1,"minecraft:granite":2,"minecraft:snowball":13,"minecraft:polished_diorite":37,"minecraft:dark_oak_planks":173,"minecraft:stone_brick_slab":91,"minecraft:iron_axe":161,"minecraft:birch_sapling":1,"minecraft:dark_oak_slab":4,"minecraft:stone_bricks":50,"minecraft:smooth_basalt":14,"minecraft:furnace":1,"minecraft:oak_sapling":4,"minecraft:cobbled_deepslate":29,"minecraft:pumpkin":2,"minecraft:dark_oak_sapling":16,"minecraft:calcite":20,"minecraft:water_bucket":15,"minecraft:diorite":4,"minecraft:snow_block":4,"minecraft:birch_planks":7,"minecraft:stone_pickaxe":180,"minecraft:wooden_pickaxe":12,"minecraft:crafting_table":1,"minecraft:mushroom_stew":9,"minecraft:shears":2,"minecraft:iron_pickaxe":80,"minecraft:polished_granite":25,"minecraft:stone_axe":7,"minecraft:wooden_sword":7,"minecraft:heartbreak_pottery_sherd":3,"minecraft:cobblestone":35,"minecraft:andesite":13,"minecraft:bucket":15,"minecraft:bone_meal":25},"minecraft:custom":{"minecraft:mob_kills":13,"minecraft:interact_with_crafting_table":29,"minecraft:time_since_death":14767,"minecraft:sprint_one_cm":112967,"minecraft:walk_one_cm":348803,"minecraft:drop":53,"minecraft:play_time":107828,"minecraft:deaths":5,"minecraft:sneak_time":17112,"minecraft:walk_under_water_one_cm":8824,"minecraft:boat_one_cm":1273,"minecraft:jump":730,"minecraft:walk_on_water_one_cm":5114,"minecraft:total_world_time":107828,"minecraft:interact_with_furnace":34,"minecraft:time_since_rest":14827,"minecraft:damage_taken":1571,"minecraft:damage_dealt":1301,"minecraft:swim_one_cm":5545,"minecraft:fly_one_cm":112516,"minecraft:open_chest":127,"minecraft:crouch_one_cm":52612,"minecraft:fall_one_cm":12783},"minecraft:picked_up":{"minecraft:crafting_table":1,"minecraft:clay_ball":72,"minecraft:amethyst_block":23,"minecraft:string":3,"minecraft:dark_oak_trapdoor":60,"minecraft:raw_copper":166,"minecraft:wooden_sword":1,"minecraft:deepslate_tiles":2,"minecraft:candle":2,"minecraft:bucket":2,"minecraft:calcite":24,"minecraft:iron_pickaxe":1,"minecraft:chest":13,"minecraft:birch_sapling":1,"minecraft:spruce_trapdoor":10,"minecraft:raw_copper_block":3,"minecraft:tipped_arrow":1,"minecraft:dark_oak_sapling":10,"minecraft:stick":5,"minecraft:raw_iron":24,"minecraft:sheaf_pottery_sherd":7,"minecraft:raw_gold_block":2,"minecraft:bowl":1,"minecraft:diorite":46,"minecraft:rabbit_foot":1,"minecraft:dark_oak_planks":19,"minecraft:howl_pottery_sherd":7,"minecraft:arrow":1,"minecraft:rotten_flesh":3,"minecraft:decorated_pot":3,"minecraft:carved_pumpkin":2,"minecraft:white_terracotta":11,"minecraft:mutton":1,"minecraft:host_armor_trim_smithing_template":1,"minecraft:snowball":52,"minecraft:heartbreak_pottery_sherd":16,"minecraft:cobblestone":113,"minecraft:birch_log":19,"minecraft:feather":3,"minecraft:dark_oak_button":25,"minecraft:water_bucket":4,"minecraft:andesite":19,"minecraft:ice":4,"minecraft:mushroom_stew":6,"minecraft:flint":2,"minecraft:oak_log":48,"minecraft:dirt":192,"minecraft:disc_fragment_5":1,"minecraft:polished_granite":5,"minecraft:bone":2,"minecraft:apple":1,"minecraft:stone_bricks":42,"minecraft:raw_gold":6,"minecraft:rabbit_hide":7,"minecraft:rabbit":8,"minecraft:oak_slab":6,"minecraft:glow_lichen":3,"minecraft:smooth_basalt":4,"minecraft:dark_oak_slab":2,"minecraft:pumpkin":3,"minecraft:stone_brick_slab":5,"minecraft:gravel":38,"minecraft:amethyst_shard":4,"minecraft:spruce_sapling":3,"minecraft:spruce_log":10,"minecraft:grass_block":1,"minecraft:dark_oak_log":140,"minecraft:leather_helmet":1,"minecraft:pumpkin_seeds":8,"minecraft:blue_terracotta":1,"minecraft:diamond":1,"minecraft:polished_diorite":14,"minecraft:granite":15,"minecraft:bone_meal":7,"minecraft:oak_sapling":11,"minecraft:coal":18},"minecraft:crafted":{"minecraft:oak_planks":76,"minecraft:stone_shovel":1,"minecraft:furnace":1,"minecraft:dark_oak_trapdoor":60,"minecraft:stone":101,"minecraft:bone_meal":48,"minecraft:hopper":1,"minecraft:stone_brick_slab":96,"minecraft:polished_diorite":36,"minecraft:iron_axe":1,"minecraft:stone_pickaxe":2,"minecraft:dark_oak_planks":560,"minecraft:stone_hoe":1,"minecraft:stone_bricks":96,"minecraft:crafting_table":1,"minecraft:spruce_planks":44,"minecraft:wooden_pickaxe":1,"minecraft:bowl":4,"minecraft:polished_granite":20,"minecraft:bucket":1,"minecraft:birch_planks":16,"minecraft:stone_axe":1,"minecraft:air":0,"minecraft:spruce_trapdoor":10,"minecraft:dark_oak_slab":6,"minecraft:raw_gold":18,"minecraft:stick":16,"minecraft:iron_ingot":15,"minecraft:iron_pickaxe":1,"minecraft:snow_block":8,"minecraft:gold_ingot":18,"minecraft:shears":1},"minecraft:mined":{"minecraft:dark_oak_planks":4,"minecraft:oak_sapling":1,"minecraft:dark_oak_leaves":7,"minecraft:dark_oak_log":146,"minecraft:carved_pumpkin":2,"minecraft:granite":7,"minecraft:grass_block":49,"minecraft:decorated_pot":6,"minecraft:polished_diorite":1,"minecraft:iron_ore":15,"minecraft:snow":55,"minecraft:andesite":11,"minecraft:pumpkin":1,"minecraft:stone":35,"minecraft:podzol":13,"minecraft:polished_granite":5,"minecraft:clay":9,"minecraft:calcite":10,"minecraft:chest":7,"minecraft:cobblestone":1,"minecraft:copper_ore":17,"minecraft:diorite":14,"minecraft:amethyst_block":9,"minecraft:white_terracotta":8,"minecraft:blue_terracotta":1,"minecraft:birch_log":9,"minecraft:blue_ice":1,"minecraft:spruce_log":3,"minecraft:coal_ore":5,"minecraft:oak_log":19,"minecraft:gravel":24,"minecraft:dirt":23,"minecraft:smooth_basalt":2,"minecraft:raw_copper_block":3,"minecraft:stone_bricks":3,"minecraft:gold_ore":1,"minecraft:oak_leaves":23,"minecraft:suspicious_gravel":4}},"DataVersion":3839}