{"stats":{"minecraft:mined":{"regions_unexplored:stone_bud":1,"regions_unexplored:red_maple_leaves":4,"regions_unexplored:maple_log":7},"minecraft:custom":{"minecraft:time_since_rest":5912,"minecraft:crouch_one_cm":34,"minecraft:sprint_one_cm":2037,"minecraft:play_time":5912,"minecraft:walk_one_cm":7243,"minecraft:sneak_time":35,"minecraft:drop":6,"minecraft:jump":18,"minecraft:time_since_death":5912,"minecraft:total_world_time":5912,"minecraft:hex":0,"minecraft:fall_one_cm":909,"minecraft:fly_one_cm":2796},"minecraft:used":{"minecraft:bundle":1},"minecraft:picked_up":{"minecraft:bundle":1,"minecraft:stick":4,"minecraft:leather_boots":1,"minecraft:stone_sword":1,"minecraft:apple":9,"minecraft:torch":1,"regions_unexplored:maple_log":7,"minecraft:bread":7},"minecraft:dropped":{"minecraft:bread":7,"minecraft:apple":9,"minecraft:stone_sword":1,"minecraft:torch":1,"minecraft:bundle":1,"minecraft:leather_boots":1}},"DataVersion":3465}