{"stats":{"minecraft:killed":{"minecraft:wolf":1,"minecraft:rabbit":3,"minecraft:goat":2,"minecraft:zombie":1,"minecraft:stray":1},"minecraft:dropped":{"minecraft:stone_hoe":1,"minecraft:water_bucket":1,"minecraft:iron_ingot":3,"minecraft:oak_log":15,"minecraft:bowl":1,"minecraft:host_armor_trim_smithing_template":1,"minecraft:mushroom_stew":2,"minecraft:dirt":64,"minecraft:howl_pottery_sherd":3,"minecraft:oak_sapling":1,"minecraft:bone_meal":16,"minecraft:wooden_pickaxe":1,"minecraft:dark_oak_planks":128,"minecraft:birch_log":8},"minecraft:used":{"minecraft:snow_block":4,"minecraft:carved_pumpkin":2,"minecraft:birch_planks":7,"minecraft:stone_shovel":55,"minecraft:stone_pickaxe":172,"minecraft:decorated_pot":3,"minecraft:chest":7,"minecraft:wooden_pickaxe":12,"minecraft:white_terracotta":3,"minecraft:wooden_shovel":48,"minecraft:stone_hoe":19,"minecraft:dirt":30,"minecraft:crafting_table":1,"minecraft:mushroom_stew":5,"minecraft:shears":2,"minecraft:snowball":13,"minecraft:stone_brick_slab":78,"minecraft:iron_axe":73,"minecraft:birch_sapling":1,"minecraft:iron_pickaxe":71,"minecraft:stone_axe":7,"minecraft:wooden_sword":7,"minecraft:heartbreak_pottery_sherd":3,"minecraft:oak_sapling":4,"minecraft:furnace":1,"minecraft:bone_meal":11,"minecraft:pumpkin":2,"minecraft:dark_oak_sapling":8},"minecraft:custom":{"minecraft:interact_with_furnace":20,"minecraft:mob_kills":8,"minecraft:interact_with_crafting_table":17,"minecraft:time_since_death":18235,"minecraft:time_since_rest":18260,"minecraft:sprint_one_cm":55535,"minecraft:damage_taken":1134,"minecraft:walk_one_cm":266268,"minecraft:drop":40,"minecraft:damage_dealt":940,"minecraft:fly_one_cm":45317,"minecraft:open_chest":98,"minecraft:crouch_one_cm":23929,"minecraft:play_time":71828,"minecraft:deaths":4,"minecraft:sneak_time":10115,"minecraft:jump":399,"minecraft:walk_on_water_one_cm":49,"minecraft:total_world_time":71828,"minecraft:fall_one_cm":5329},"minecraft:picked_up":{"minecraft:birch_log":19,"minecraft:crafting_table":1,"minecraft:feather":3,"minecraft:andesite":19,"minecraft:clay_ball":72,"minecraft:water_bucket":1,"minecraft:ice":2,"minecraft:mushroom_stew":5,"minecraft:flint":2,"minecraft:oak_log":46,"minecraft:amethyst_block":22,"minecraft:dirt":184,"minecraft:string":3,"minecraft:disc_fragment_5":1,"minecraft:raw_copper":127,"minecraft:wooden_sword":1,"minecraft:bone":2,"minecraft:raw_gold":1,"minecraft:rabbit_hide":7,"minecraft:calcite":20,"minecraft:iron_pickaxe":1,"minecraft:rabbit":8,"minecraft:birch_sapling":1,"minecraft:chest":13,"minecraft:raw_copper_block":3,"minecraft:glow_lichen":3,"minecraft:dark_oak_sapling":4,"minecraft:sheaf_pottery_sherd":7,"minecraft:tipped_arrow":1,"minecraft:oak_slab":6,"minecraft:raw_iron":24,"minecraft:smooth_basalt":4,"minecraft:raw_gold_block":2,"minecraft:pumpkin":3,"minecraft:gravel":38,"minecraft:amethyst_shard":4,"minecraft:spruce_sapling":2,"minecraft:diorite":42,"minecraft:grass_block":1,"minecraft:spruce_log":8,"minecraft:dark_oak_log":65,"minecraft:rabbit_foot":1,"minecraft:leather_helmet":1,"minecraft:howl_pottery_sherd":7,"minecraft:pumpkin_seeds":8,"minecraft:arrow":1,"minecraft:blue_terracotta":1,"minecraft:rotten_flesh":2,"minecraft:decorated_pot":3,"minecraft:carved_pumpkin":2,"minecraft:granite":14,"minecraft:white_terracotta":11,"minecraft:oak_sapling":3,"minecraft:host_armor_trim_smithing_template":1,"minecraft:mutton":1,"minecraft:coal":17,"minecraft:snowball":52,"minecraft:cobblestone":73,"minecraft:heartbreak_pottery_sherd":14},"minecraft:crafted":{"minecraft:oak_planks":76,"minecraft:stone_shovel":1,"minecraft:crafting_table":1,"minecraft:spruce_planks":44,"minecraft:wooden_pickaxe":1,"minecraft:bowl":4,"minecraft:furnace":1,"minecraft:dark_oak_trapdoor":20,"minecraft:stone":72,"minecraft:bone_meal":48,"minecraft:birch_planks":16,"minecraft:stone_axe":1,"minecraft:air":0,"minecraft:spruce_trapdoor":10,"minecraft:stone_brick_slab":78,"minecraft:iron_axe":1,"minecraft:raw_gold":18,"minecraft:stick":16,"minecraft:iron_pickaxe":1,"minecraft:iron_ingot":9,"minecraft:stone_pickaxe":2,"minecraft:snow_block":8,"minecraft:gold_ingot":18,"minecraft:dark_oak_planks":260,"minecraft:stone_hoe":1,"minecraft:stone_bricks":72,"minecraft:shears":1},"minecraft:mined":{"minecraft:podzol":13,"minecraft:oak_sapling":1,"minecraft:dark_oak_leaves":4,"minecraft:dark_oak_log":66,"minecraft:carved_pumpkin":2,"minecraft:clay":9,"minecraft:granite":7,"minecraft:grass_block":49,"minecraft:calcite":10,"minecraft:decorated_pot":6,"minecraft:chest":7,"minecraft:copper_ore":17,"minecraft:diorite":10,"minecraft:amethyst_block":9,"minecraft:white_terracotta":8,"minecraft:blue_terracotta":1,"minecraft:birch_log":9,"minecraft:iron_ore":15,"minecraft:snow":55,"minecraft:blue_ice":1,"minecraft:spruce_log":3,"minecraft:andesite":11,"minecraft:pumpkin":1,"minecraft:oak_log":19,"minecraft:coal_ore":5,"minecraft:gravel":24,"minecraft:dirt":21,"minecraft:smooth_basalt":2,"minecraft:raw_copper_block":3,"minecraft:stone":35,"minecraft:gold_ore":1,"minecraft:oak_leaves":1,"minecraft:suspicious_gravel":4}},"DataVersion":3839}