{"stat.pickup.minecraft.sand":6,"stat.walkOneCm":34956,"stat.killEntity.quark:crab":2,"stat.craftItem.minecraft.planks":4,"stat.useItem.minecraft.egg":2,"stat.leaveGame":2,"stat.pickup.harvestcraft.queenbeeitem":1,"stat.damageTaken":315,"stat.pickup.minecraft.feather":1,"stat.craftItem.minecraft.crafting_table":1,"stat.mobKills":2,"stat.mineBlock.minecraft.log":2,"stat.pickup.chococraft.gysahl_green_seeds":19,"stat.pickup.minecraft.log":2,"stat.flyOneCm":23873,"stat.pickup.minecraft.wheat_seeds":2,"stat.drop":1,"stat.jump":159,"stat.mineBlock.minecraft.sand":6,"stat.pickup.minecraft.egg":2,"stat.swimOneCm":90,"stat.playOneMinute":13381,"stat.mineBlock.harvestcraft.beehive":1,"stat.fallOneCm":3142,"stat.pickup.quark.crab_leg":1,"stat.sneakTime":1,"stat.damageDealt":304,"stat.timeSinceDeath":13381,"stat.pickup.chococraft.gysahl_green":10,"stat.useItem.chococraft.gysahl_green":7,"stat.sprintOneCm":15292,"stat.mineBlock.minecraft.tallgrass":6,"stat.diveOneCm":88,"stat.drop.harvestcraft.queenbeeitem":1}