{"stats":{"minecraft:used":{"minecraft:wooden_axe":36,"minecraft:apple":8,"minecraft:stone_sword":88,"minecraft:bundle":1,"minecraft:bread":8,"minecraft:wooden_pickaxe":2,"minecraft:leather_boots":1,"clutter:pig_plushie":1,"regions_unexplored:larch_planks":180,"minecraft:crafting_table":4,"minecraft:skeleton_skull":2,"clutter:sheep_plushie":1},"minecraft:killed":{"minecraft:skeleton":2,"minecraft:zombie":2,"minecraft:iron_golem":1},"minecraft:picked_up":{"minecraft:stick":7,"minecraft:crafting_table":1,"regions_unexplored:larch_planks":38,"minecraft:torch":1,"minecraft:potato":1,"minecraft:gravel":1,"minecraft:carrot":1,"minecraft:lapis_lazuli":1,"minecraft:leather_boots":1,"minecraft:zombie_head":2,"minecraft:stone_sword":1,"minecraft:bone":6,"minecraft:arrow":20,"minecraft:rotten_flesh":8,"minecraft:apple":9,"minecraft:wheat_seeds":1,"minecraft:iron_ingot":3,"regions_unexplored:larch_log":53,"minecraft:bread":7,"regions_unexplored:larch_shrub":1,"minecraft:skeleton_skull":2,"minecraft:cobblestone":10,"regions_unexplored:golden_larch_sapling":1},"minecraft:killed_by":{"minecraft:creeper":3,"minecraft:spider":1},"minecraft:dropped":{"minecraft:gravel":1,"amethyst_imbuement:glistering_tome":1,"minecraft:bread":7,"minecraft:stone_sword":1,"minecraft:torch":1,"minecraft:bundle":1,"regions_unexplored:larch_planks":38,"minecraft:leather_boots":1,"minecraft:zombie_head":2,"minecraft:apple":9,"patchouli:guide_book":2},"minecraft:mined":{"regions_unexplored:larch_branch":1,"regions_unexplored:golden_larch_leaves":13,"regions_unexplored:larch_leaves":24,"minecraft:crafting_table":1,"minecraft:grass":2,"regions_unexplored:peat_grass_block":1,"regions_unexplored:larch_log":53},"minecraft:crafted":{"minecraft:crafting_table":3,"minecraft:stick":16,"minecraft:wooden_pickaxe":2,"minecraft:wooden_axe":2,"regions_unexplored:larch_planks":236},"minecraft:custom":{"minecraft:time_since_rest":33028,"lootr:looted_stat":13,"minecraft:sprint_one_cm":49268,"minecraft:damage_absorbed":121,"minecraft:damage_taken":1833,"minecraft:walk_one_cm":92759,"minecraft:mob_kills":5,"minecraft:drop":13,"minecraft:damage_dealt":1600,"minecraft:damage_dealt_absorbed":359,"minecraft:interact_with_crafting_table":5,"minecraft:swim_one_cm":2434,"minecraft:fly_one_cm":67846,"minecraft:talked_to_villager":5,"minecraft:play_time":57833,"minecraft:crouch_one_cm":3315,"minecraft:deaths":4,"minecraft:sneak_time":2207,"minecraft:walk_under_water_one_cm":2130,"minecraft:jump":603,"minecraft:damage_dealt_resisted":2295,"minecraft:interact_with_blast_furnace":1,"minecraft:leave_game":9,"minecraft:time_since_death":32992,"minecraft:walk_on_water_one_cm":7330,"minecraft:total_world_time":57833,"minecraft:damage_resisted":136,"minecraft:hex":0,"minecraft:fall_one_cm":21372}},"DataVersion":3465}