{"stats":{"minecraft:killed_by":{"man:managgresive":1,"endofherobrine:villager":2},"minecraft:killed":{"fight_or_die:springer":2,"born_in_chaos_v1:thornshell_crab":2,"minecraft:zombie":1,"born_in_chaos_v1:corpse_fish":1,"minecraft:cow":4},"minecraft:picked_up":{"minecraft:crafting_table":1,"minecraft:wheat":21,"minecraft:dark_oak_button":4,"minecraft:cooked_beef":1,"minecraft:ladder":6,"minecraft:leather":14,"minecraft:wooden_pickaxe":2,"biomesoplenty:orange_autumn_sapling":3,"biomesoplenty:fir_log":94,"minecraft:oak_log":110,"minecraft:cobblestone_stairs":4,"minecraft:dirt":15,"minecraft:wheat_seeds":61,"biomesoplenty:fir_planks":56,"minecraft:stone_pickaxe":3,"minecraft:beef":12,"minecraft:wooden_shovel":3,"minecraft:oak_planks":38,"minecraft:furnace":1,"minecraft:book":54,"minecraft:pumpkin":36,"minecraft:sweet_berries":161,"minecraft:torch":4,"minecraft:note_block":166,"minecraft:spruce_log":1,"minecraft:dark_oak_log":114,"minecraft:stone_sword":6,"minecraft:purple_bed":4,"minecraft:rotten_flesh":8,"dixtas_armory:wooden_katana":2,"minecraft:stone_axe":3,"minecraft:spruce_sign":3,"born_in_chaos_v1:spiny_shell":8,"minecraft:bread":18,"born_in_chaos_v1:rotten_fish":3,"minecraft:dark_oak_wood":3,"minecraft:snowball":19,"minecraft:white_wool":2,"minecraft:cobblestone":95},"minecraft:crafted":{"minecraft:cooked_beef":6,"minecraft:oak_planks":64,"minecraft:wooden_shovel":1,"minecraft:crafting_table":4,"minecraft:wooden_pickaxe":3,"minecraft:furnace":1,"minecraft:stone_axe":2,"minecraft:bread":13,"minecraft:air":0,"biomesoplenty:fir_planks":60,"minecraft:oak_boat":2,"minecraft:stick":16,"minecraft:stone_pickaxe":2},"minecraft:dropped":{"biomesoplenty:fir_log":48,"minecraft:sweet_berries":3,"minecraft:wheat_seeds":1,"minecraft:oak_log":1,"minecraft:cobblestone":39,"man:cassette_1safetyinstructions":1,"minecraft:dirt":1,"minecraft:snowball":2,"minecraft:stone_pickaxe":1,"minecraft:wooden_pickaxe":3},"minecraft:custom":{"minecraft:interact_with_furnace":9,"minecraft:mob_kills":12,"minecraft:tune_noteblock":29,"minecraft:interact_with_crafting_table":18,"minecraft:bell_ring":5,"minecraft:damage_dealt_resisted":7,"minecraft:interact_with_grindstone":1,"minecraft:leave_game":2,"minecraft:time_since_death":2403,"minecraft:sleep_in_bed":7,"minecraft:climb_one_cm":6379,"minecraft:time_since_rest":2428,"minecraft:sprint_one_cm":124709,"minecraft:damage_taken":1676,"minecraft:walk_one_cm":265310,"minecraft:drop":17,"minecraft:damage_dealt":2212,"minecraft:play_noteblock":60,"minecraft:swim_one_cm":4068,"minecraft:talked_to_villager":11,"minecraft:fly_one_cm":267803,"minecraft:open_chest":5,"minecraft:crouch_one_cm":2847,"minecraft:play_time":82597,"minecraft:deaths":3,"minecraft:sneak_time":964,"minecraft:walk_under_water_one_cm":726,"minecraft:boat_one_cm":38642,"minecraft:jump":1253,"minecraft:walk_on_water_one_cm":1596,"minecraft:total_world_time":82597,"minecraft:fall_one_cm":28327},"minecraft:mined":{"biomesoplenty:orange_autumn_leaves":1,"minecraft:cobblestone_stairs":1,"minecraft:dark_oak_log":38,"minecraft:crafting_table":1,"minecraft:torch":1,"minecraft:note_block":56,"minecraft:dark_oak_wood":1,"minecraft:grass_block":3,"minecraft:copper_ore":1,"minecraft:cobblestone":6,"minecraft:oak_planks":1,"biomesoplenty:tundra_shrub":7,"minecraft:wall_torch":1,"minecraft:purple_bed":1,"minecraft:furnace":1,"minecraft:wheat":24,"minecraft:snow":19,"minecraft:sweet_berry_bush":1,"minecraft:spruce_log":1,"minecraft:pumpkin":9,"biomesoplenty:fir_log":74,"minecraft:grass":8,"minecraft:bookshelf":6,"minecraft:oak_log":51,"minecraft:dirt":9,"minecraft:stone":72,"minecraft:oak_leaves":4,"minecraft:fern":1},"minecraft:broken":{"minecraft:stone_axe":1},"minecraft:used":{"minecraft:wheat_seeds":24,"minecraft:stone_sword":15,"minecraft:stone_pickaxe":52,"minecraft:oak_planks":5,"dixtas_armory:wooden_katana":2,"minecraft:wooden_pickaxe":33,"biomesoplenty:fir_planks":5,"minecraft:wooden_shovel":26,"minecraft:torch":1,"minecraft:dirt":9,"minecraft:crafting_table":5,"minecraft:note_block":1,"minecraft:spruce_log":1,"minecraft:snowball":17,"minecraft:oak_log":2,"minecraft:bread":3,"minecraft:stone_axe":250,"minecraft:cobblestone":4,"minecraft:sweet_berries":55,"minecraft:furnace":2,"minecraft:oak_boat":2,"minecraft:cooked_beef":6}},"DataVersion":3465}