{"stats":{"minecraft:killed":{"minecraft:spider":11,"minecraft:skeleton":83,"minecraft:fox":3,"minecraft:wolf":1,"minecraft:creeper":79,"minecraft:pillager":1,"minecraft:goat":2,"minecraft:zombie":74,"minecraft:stray":1,"minecraft:evoker":1,"minecraft:vindicator":1,"minecraft:husk":6,"minecraft:rabbit":3,"minecraft:enderman":1},"minecraft:dropped":{"minecraft:candle":2,"minecraft:moss_block":6,"minecraft:oak_log":15,"minecraft:diamond":1,"minecraft:dark_oak_button":25,"minecraft:host_armor_trim_smithing_template":1,"minecraft:dirt":64,"minecraft:bone_meal":16,"minecraft:dark_oak_planks":192,"minecraft:birch_log":8,"minecraft:bone":4,"minecraft:rotten_flesh":5,"minecraft:trident":1,"minecraft:gunpowder":8,"minecraft:stone_hoe":1,"minecraft:water_bucket":3,"minecraft:iron_ingot":3,"minecraft:apple":1,"minecraft:golden_apple":1,"minecraft:mushroom_stew":6,"minecraft:bucket":3,"minecraft:stone_sword":2,"minecraft:bowl":3,"minecraft:howl_pottery_sherd":3,"minecraft:oak_sapling":1,"minecraft:bow":1,"minecraft:wooden_pickaxe":1},"minecraft:used":{"minecraft:blue_terracotta":3,"minecraft:decorated_pot":4,"minecraft:chest":15,"minecraft:white_terracotta":22,"minecraft:stone":5,"minecraft:rotten_flesh":4,"minecraft:axolotl_bucket":3,"minecraft:snowball":13,"minecraft:birch_sapling":1,"minecraft:music_disc_chirp":1,"minecraft:dark_oak_slab":4,"minecraft:stone_bricks":50,"minecraft:bow":47,"minecraft:dark_oak_boat":1,"minecraft:hay_block":4,"minecraft:sweet_berries":9,"minecraft:oak_sapling":4,"minecraft:furnace":1,"minecraft:dark_oak_sapling":33,"minecraft:diorite":6,"minecraft:stone_pickaxe":219,"minecraft:prismarine":1,"minecraft:oak_planks":24,"minecraft:wooden_pickaxe":12,"minecraft:sandstone":1,"minecraft:diamond_axe":9,"minecraft:golden_apple":1,"minecraft:glow_berries":1,"minecraft:dark_oak_trapdoor":61,"minecraft:sand":1,"minecraft:mushroom_stew":42,"minecraft:shears":2,"minecraft:deepslate_tiles":12,"minecraft:red_sandstone":2,"minecraft:red_terracotta":1,"minecraft:polished_granite":28,"minecraft:gravel":2,"minecraft:wooden_sword":17,"minecraft:andesite":41,"minecraft:bone_meal":47,"minecraft:trident":5,"minecraft:stone_sword":91,"minecraft:carved_pumpkin":2,"minecraft:tropical_fish":1,"minecraft:stone_shovel":55,"minecraft:spruce_planks":37,"minecraft:wooden_shovel":48,"minecraft:stone_hoe":19,"minecraft:torch":32,"minecraft:dirt":46,"minecraft:hopper":5,"minecraft:prismarine_bricks":4,"minecraft:granite":12,"minecraft:polished_diorite":66,"minecraft:stone_brick_slab":97,"minecraft:dark_oak_planks":653,"minecraft:iron_axe":373,"minecraft:totem_of_undying":1,"minecraft:smooth_basalt":21,"minecraft:raw_copper_block":9,"minecraft:cobbled_deepslate":33,"minecraft:pumpkin":2,"minecraft:calcite":61,"minecraft:water_bucket":31,"minecraft:amethyst_block":29,"minecraft:snow_block":4,"minecraft:birch_planks":17,"minecraft:terracotta":18,"minecraft:oak_slab":1,"minecraft:crafting_table":1,"minecraft:cod":1,"minecraft:gray_terracotta":8,"minecraft:diamond_pickaxe":113,"minecraft:iron_pickaxe":80,"minecraft:spruce_trapdoor":7,"minecraft:spruce_sapling":1,"minecraft:stone_axe":14,"minecraft:heartbreak_pottery_sherd":3,"minecraft:cobblestone":56,"minecraft:bucket":34},"minecraft:custom":{"minecraft:interact_with_crafting_table":40,"minecraft:time_since_death":15194,"minecraft:sprint_one_cm":290782,"minecraft:drop":71,"minecraft:talked_to_villager":1,"minecraft:play_time":227828,"minecraft:deaths":21,"minecraft:jump":2175,"minecraft:walk_on_water_one_cm":17083,"minecraft:interact_with_furnace":47,"minecraft:play_record":1,"minecraft:damage_dealt":9652,"minecraft:player_kills":19,"minecraft:crouch_one_cm":101899,"minecraft:mob_kills":267,"minecraft:inspect_hopper":3,"minecraft:walk_one_cm":759570,"minecraft:sneak_time":29138,"minecraft:walk_under_water_one_cm":36984,"minecraft:boat_one_cm":1273,"minecraft:total_world_time":227828,"minecraft:time_since_rest":15232,"minecraft:damage_taken":8002,"minecraft:damage_absorbed":40,"minecraft:swim_one_cm":7970,"minecraft:fly_one_cm":309464,"minecraft:open_chest":256,"minecraft:fall_one_cm":40432},"minecraft:picked_up":{"minecraft:amethyst_block":26,"minecraft:dark_oak_trapdoor":61,"minecraft:string":13,"minecraft:dead_tube_coral_block":4,"minecraft:raw_copper":247,"minecraft:explorer_pottery_sherd":5,"minecraft:deepslate_tiles":2,"minecraft:red_sand":36,"minecraft:cobbled_deepslate":28,"minecraft:bucket":3,"minecraft:spruce_planks":2,"minecraft:calcite":36,"minecraft:iron_pickaxe":4,"minecraft:tipped_arrow":1,"minecraft:stick":16,"minecraft:sheaf_pottery_sherd":7,"minecraft:brown_terracotta":7,"minecraft:torch":23,"minecraft:acacia_log":12,"minecraft:diorite":47,"minecraft:green_terracotta":10,"minecraft:rabbit_foot":1,"minecraft:stone_sword":13,"minecraft:rotten_flesh":40,"minecraft:tropical_fish":1,"minecraft:salmon_bucket":3,"minecraft:carved_pumpkin":2,"minecraft:white_terracotta":20,"minecraft:host_armor_trim_smithing_template":1,"minecraft:snowball":52,"minecraft:cod":1,"minecraft:cobblestone":120,"minecraft:sponge":2,"minecraft:birch_log":21,"minecraft:feather":6,"minecraft:water_bucket":5,"minecraft:andesite":22,"minecraft:potato":1,"minecraft:flint":2,"minecraft:tuff":10,"minecraft:prismarine_bricks":42,"minecraft:lapis_lazuli":91,"minecraft:dirt":206,"minecraft:disc_fragment_5":1,"minecraft:polished_granite":8,"minecraft:bone":47,"minecraft:bow":5,"minecraft:raw_gold":11,"minecraft:rabbit":8,"minecraft:moss_block":7,"minecraft:prismarine":27,"minecraft:stone_hoe":1,"minecraft:oak_planks":9,"minecraft:glow_lichen":3,"minecraft:axolotl_bucket":2,"minecraft:sand":39,"minecraft:grass_block":1,"minecraft:red_terracotta":2,"minecraft:dark_oak_log":290,"minecraft:mossy_cobblestone":1,"minecraft:dark_prismarine":4,"minecraft:blue_terracotta":2,"minecraft:diamond":2,"minecraft:dead_brain_coral_block":3,"minecraft:granite":17,"minecraft:bone_meal":7,"minecraft:golden_apple":2,"minecraft:emerald":5,"minecraft:rooted_dirt":11,"minecraft:oak_sapling":14,"minecraft:diamond_pickaxe":1,"minecraft:crafting_table":1,"minecraft:clay_ball":328,"minecraft:iron_axe":1,"minecraft:wooden_sword":1,"minecraft:candle":18,"minecraft:birch_sapling":1,"minecraft:chest":17,"minecraft:spruce_trapdoor":13,"minecraft:raw_copper_block":3,"minecraft:dark_oak_sapling":21,"minecraft:raw_iron":38,"minecraft:sandstone":19,"minecraft:raw_gold_block":2,"minecraft:bowl":7,"minecraft:trident":5,"minecraft:redstone":27,"minecraft:prismarine_crystals":36,"minecraft:dark_oak_planks":27,"minecraft:howl_pottery_sherd":7,"minecraft:arrow":33,"minecraft:decorated_pot":5,"minecraft:deepslate_bricks":10,"minecraft:hay_block":12,"minecraft:yellow_terracotta":2,"minecraft:totem_of_undying":1,"minecraft:glow_berries":1,"minecraft:mutton":1,"minecraft:heartbreak_pottery_sherd":16,"minecraft:dark_oak_button":25,"minecraft:glow_ink_sac":6,"minecraft:salmon":1,"minecraft:birch_planks":1,"minecraft:ice":4,"minecraft:mushroom_stew":10,"minecraft:oak_log":53,"minecraft:gunpowder":29,"minecraft:orange_terracotta":11,"minecraft:stone_bricks":42,"minecraft:apple":1,"minecraft:red_sandstone":21,"minecraft:rabbit_hide":7,"minecraft:stone_pickaxe":11,"minecraft:music_disc_chirp":1,"minecraft:oak_slab":41,"minecraft:dark_oak_slab":4,"minecraft:smooth_basalt":4,"minecraft:pumpkin":3,"minecraft:sweet_berries":9,"minecraft:stone_brick_slab":8,"minecraft:dripstone_block":3,"minecraft:gravel":48,"minecraft:dead_fire_coral_block":6,"minecraft:amethyst_shard":4,"minecraft:spruce_sapling":6,"minecraft:spruce_log":27,"minecraft:spider_eye":4,"minecraft:sea_lantern":8,"minecraft:leather_helmet":1,"minecraft:archer_pottery_sherd":4,"minecraft:pumpkin_seeds":8,"minecraft:polished_diorite":16,"minecraft:stone_axe":2,"minecraft:dead_bubble_coral_block":2,"minecraft:diamond_axe":1,"minecraft:terracotta":5,"minecraft:coal":27,"minecraft:hopper":1},"minecraft:crafted":{"minecraft:oak_planks":120,"minecraft:dark_oak_boat":1,"minecraft:stone":101,"minecraft:hopper":4,"minecraft:stone_brick_slab":96,"minecraft:bow":1,"minecraft:chest":5,"minecraft:stone_hoe":1,"minecraft:stone_bricks":96,"minecraft:crafting_table":1,"minecraft:spruce_planks":80,"minecraft:wooden_pickaxe":1,"minecraft:birch_planks":16,"minecraft:spruce_trapdoor":10,"minecraft:dark_oak_slab":6,"minecraft:charcoal":9,"minecraft:stick":24,"minecraft:iron_pickaxe":1,"minecraft:iron_ingot":29,"minecraft:snow_block":8,"minecraft:gold_ingot":18,"minecraft:shears":1,"minecraft:stone_shovel":1,"minecraft:furnace":1,"minecraft:dark_oak_trapdoor":60,"minecraft:bone_meal":66,"minecraft:raw_copper_block":6,"minecraft:polished_diorite":64,"minecraft:iron_axe":2,"minecraft:stone_pickaxe":2,"minecraft:dark_oak_planks":1160,"minecraft:bowl":20,"minecraft:polished_granite":20,"minecraft:bucket":1,"minecraft:stone_axe":1,"minecraft:air":0,"minecraft:raw_gold":18,"minecraft:torch":36},"minecraft:mined":{"minecraft:dark_oak_planks":14,"minecraft:spruce_planks":2,"minecraft:oak_sapling":1,"minecraft:sculk_vein":81,"minecraft:carved_pumpkin":2,"minecraft:spruce_trapdoor":3,"minecraft:granite":9,"minecraft:red_sand":10,"minecraft:acacia_log":2,"minecraft:grass_block":50,"minecraft:polished_diorite":5,"minecraft:hopper":1,"minecraft:dark_oak_trapdoor":1,"minecraft:iron_ore":16,"minecraft:pumpkin":1,"minecraft:clay":13,"minecraft:torch":5,"minecraft:calcite":17,"minecraft:chest":10,"minecraft:cobblestone":1,"minecraft:prismarine":1,"minecraft:oak_planks":11,"minecraft:wall_torch":1,"minecraft:amethyst_block":13,"minecraft:deepslate_copper_ore":3,"minecraft:white_terracotta":13,"minecraft:blue_terracotta":1,"minecraft:dark_oak_slab":1,"minecraft:birch_log":10,"minecraft:blue_ice":1,"minecraft:oak_log":21,"minecraft:sand":16,"minecraft:dirt":28,"minecraft:smooth_basalt":2,"minecraft:raw_copper_block":3,"minecraft:oak_leaves":23,"minecraft:deepslate":1,"minecraft:suspicious_gravel":5,"minecraft:yellow_terracotta":6,"minecraft:tuff":3,"minecraft:mossy_cobblestone":2,"minecraft:deepslate_diamond_ore":1,"minecraft:dark_oak_leaves":23,"minecraft:dark_oak_log":302,"minecraft:sea_lantern":1,"minecraft:decorated_pot":8,"minecraft:spruce_leaves":28,"minecraft:moss_block":2,"minecraft:sandstone":8,"minecraft:hay_block":2,"minecraft:redstone_ore":5,"minecraft:red_sandstone":16,"minecraft:snow":55,"minecraft:suspicious_sand":4,"minecraft:andesite":13,"minecraft:stone":35,"minecraft:podzol":13,"minecraft:stone_brick_slab":1,"minecraft:polished_granite":12,"minecraft:copper_ore":25,"minecraft:lapis_ore":1,"minecraft:sculk":3,"minecraft:diorite":14,"minecraft:prismarine_bricks":1,"minecraft:birch_planks":1,"minecraft:red_terracotta":1,"minecraft:spruce_log":9,"minecraft:coal_ore":5,"minecraft:gravel":24,"minecraft:brown_terracotta":4,"minecraft:terracotta":2,"minecraft:stone_bricks":3,"minecraft:gold_ore":1},"minecraft:killed_by":{"minecraft:player":11}},"DataVersion":3839}