{"stats":{"minecraft:dropped":{"minecraft:wheat_seeds":43,"minecraft:lapis_lazuli":83,"minecraft:golden_helmet":3,"ecologics:coconut_slice":11,"minecraft:cobblestone":56,"projectvibrantjourneys:orange_bark_mushroom":10,"minecraft:coal":18,"minecraft:pufferfish":2,"minecraft:emerald":1,"minecraft:dirt":262,"alexsmobs:flying_fish":3,"minecraft:fire_charge":1,"minecraft:iron_leggings":2,"projectvibrantjourneys:bark_mushroom":1,"pointblank:m1911a1":1,"minecraft:acacia_planks":1,"minecraft:gravel":7,"alexsmobs:animal_dictionary":1,"minecraft:cobbled_deepslate":211,"minecraft:raw_copper":8,"minecraft:wheat":2,"minecraft:tuff":1,"minecraft:rotten_flesh":5,"minecraft:iron_boots":3,"minecraft:diamond_shovel":1,"minecraft:flint_and_steel":1,"pointblank:gunmetal_nugget":1,"minecraft:poppy":2,"projectvibrantjourneys:light_brown_bark_mushroom":4,"alexsmobs:lobster_tail":1,"minecraft:iron_chestplate":2,"ecologics:coconut_husk":11,"minecraft:acacia_sapling":4,"k_turrets:raw_titanium":2,"minecraft:arrow":32,"minecraft:bow":1,"minecraft:wooden_pickaxe":2},"minecraft:mined":{"minecraft:yellow_terracotta":1,"minecraft:crying_obsidian":2,"create:deepslate_zinc_ore":4,"minecraft:tuff":93,"minecraft:oak_sapling":1,"minecraft:farmland":2,"minecraft:deepslate_diamond_ore":42,"minecraft:mossy_stone_brick_slab":1,"minecraft:obsidian":16,"minecraft:granite":11,"minecraft:acacia_log":458,"minecraft:grass_block":381,"ecologics:coconut_leaves":2,"ecologics:coconut_log":16,"minecraft:hay_block":9,"minecraft:iron_ore":22,"minecraft:fire":3,"minecraft:cobbled_deepslate":14,"minecraft:acacia_wood":96,"projectvibrantjourneys:orange_bark_mushroom":1,"minecraft:deepslate_lapis_ore":8,"minecraft:gold_block":1,"minecraft:bell":1,"minecraft:deepslate_iron_ore":7,"minecraft:stone":204,"minecraft:orange_bed":2,"minecraft:smithing_table":1,"minecraft:deepslate_redstone_ore":11,"minecraft:acacia_leaves":13,"minecraft:glass_pane":1,"minecraft:red_bed":5,"minecraft:smoker":1,"minecraft:clay":1,"minecraft:chest":2,"projectvibrantjourneys:mossy_rocks":1,"minecraft:copper_ore":4,"minecraft:tall_grass":4,"minecraft:cobblestone":10,"minecraft:grindstone":1,"minecraft:sugar_cane":15,"projectvibrantjourneys:acacia_hollow_log":2,"minecraft:wall_torch":2,"minecraft:deepslate_copper_ore":1,"projectvibrantjourneys:light_brown_bark_mushroom":1,"minecraft:wheat":106,"projectvibrantjourneys:bones":1,"minecraft:grass":29,"k_turrets:titanium_ore":2,"minecraft:coal_ore":10,"minecraft:oak_log":30,"projectvibrantjourneys:short_grass":12,"minecraft:gravel":33,"minecraft:dirt":19,"minecraft:sand":1,"minecraft:acacia_door":1,"pointblank:workstation":1,"minecraft:cracked_stone_bricks":1,"minecraft:acacia_planks":39,"minecraft:stonecutter":1,"minecraft:stone_bricks":3,"minecraft:netherrack":1,"minecraft:oak_leaves":4,"minecraft:deepslate":653},"minecraft:killed":{"hordes:zombie_player":1,"ecologics:coconut_crab":2,"minecraft:drowned":21,"alexsmobs:kangaroo":2,"alexsmobs:flying_fish":1,"minecraft:iron_golem":1,"minecraft:trader_llama":2,"minecraft:zombie":50,"alexsmobs:gazelle":5,"alexsmobs:fly":1,"minecraft:cow":7},"minecraft:killed_by":{"minecraft:zombie":2},"minecraft:broken":{"minecraft:stone_pickaxe":1},"minecraft:crafted":{"immersive_aircraft:engine":1,"minecraft:smooth_stone":3,"minecraft:oak_planks":120,"minecraft:iron_nugget":2,"ecologics:coconut_planks":64,"minecraft:furnace":79,"minecraft:blast_furnace":1,"immersive_aircraft:biplane":1,"minecraft:piston":2,"minecraft:stone":5,"minecraft:diamond_shovel":1,"minecraft:flint_and_steel":1,"minecraft:glass":40,"minecraft:diamond_helmet":1,"minecraft:diamond_leggings":1,"minecraft:bow":7,"minecraft:iron_boots":1,"minecraft:iron_axe":1,"immersive_aircraft:hull":3,"minecraft:stone_pickaxe":4,"minecraft:diamond_boots":1,"minecraft:chest":5,"minecraft:golden_boots":1,"minecraft:wheat":81,"minecraft:cooked_beef":16,"minecraft:crossbow":12,"minecraft:arrow":32,"minecraft:emerald":115,"minecraft:diamond_axe":1,"immersive_aircraft:boiler":1,"minecraft:crafting_table":12,"minecraft:enchanting_table":1,"minecraft:acacia_slab":6,"minecraft:wooden_pickaxe":2,"minecraft:copper_ingot":2,"minecraft:fletching_table":1,"minecraft:bucket":1,"immersive_aircraft:propeller":1,"minecraft:bread":26,"minecraft:acacia_boat":3,"minecraft:air":0,"minecraft:iron_chestplate":1,"minecraft:book":1,"minecraft:paper":3,"minecraft:diamond_pickaxe":1,"minecraft:stick":3608,"minecraft:iron_ingot":28,"minecraft:iron_pickaxe":1,"minecraft:gold_ingot":9,"minecraft:iron_leggings":1,"minecraft:acacia_planks":2116,"minecraft:torch":24,"minecraft:diamond_chestplate":1},"minecraft:used":{"alexsmobs:emu_egg":3,"marbledsarsenal:baseball_bat":5,"minecraft:acacia_log":8,"minecraft:enchanting_table":1,"minecraft:flint_and_steel":6,"minecraft:chest":6,"minecraft:torch":21,"minecraft:dirt":132,"minecraft:granite":11,"minecraft:obsidian":10,"minecraft:iron_axe":89,"minecraft:acacia_slab":1,"minecraft:oak_sapling":4,"minecraft:furnace":77,"immersive_aircraft:biplane":5,"minecraft:cooked_beef":15,"minecraft:cobbled_deepslate":247,"ecologics:coconut_seedling":1,"minecraft:acacia_planks":138,"minecraft:wheat_seeds":105,"minecraft:acacia_boat":10,"minecraft:water_bucket":6,"minecraft:oak_planks":10,"minecraft:stone_pickaxe":324,"minecraft:wooden_pickaxe":7,"minecraft:diamond_axe":822,"minecraft:fletching_table":1,"minecraft:sugar_cane":14,"minecraft:leather_boots":1,"minecraft:golden_apple":1,"minecraft:red_bed":5,"minecraft:crafting_table":12,"minecraft:brown_banner":2,"minecraft:diamond_pickaxe":582,"minecraft:diamond_shovel":415,"minecraft:crying_obsidian":1,"minecraft:acacia_door":1,"minecraft:iron_pickaxe":229,"minecraft:bread":31,"minecraft:gravel":24,"ecologics:coconut_slice":16,"minecraft:stone_axe":1,"minecraft:cobblestone":36,"minecraft:bucket":6},"minecraft:custom":{"minecraft:mob_kills":93,"minecraft:interact_with_crafting_table":73,"minecraft:bell_ring":11,"minecraft:damage_dealt_resisted":1697,"minecraft:leave_game":8,"minecraft:time_since_death":129269,"minecraft:sprint_one_cm":555907,"minecraft:walk_one_cm":901165,"minecraft:drop":233,"minecraft:talked_to_villager":68,"minecraft:play_time":360939,"minecraft:deaths":7,"minecraft:sneak_time":18645,"minecraft:walk_under_water_one_cm":45424,"minecraft:boat_one_cm":203063,"minecraft:interact_with_brewingstand":3,"minecraft:jump":4599,"minecraft:enchant_item":9,"minecraft:walk_on_water_one_cm":33219,"minecraft:total_world_time":360939,"minecraft:interact_with_furnace":71,"minecraft:traded_with_villager":136,"minecraft:interact_with_stonecutter":1,"minecraft:sleep_in_bed":19,"minecraft:time_since_rest":89757,"minecraft:damage_taken":2583,"minecraft:damage_dealt":17721,"minecraft:player_kills":2,"minecraft:swim_one_cm":97455,"minecraft:fly_one_cm":1035094,"minecraft:open_chest":149,"minecraft:crouch_one_cm":48442,"minecraft:interact_with_smoker":1,"minecraft:fall_one_cm":71833},"minecraft:picked_up":{"minecraft:iron_chestplate":2,"minecraft:wheat":82,"minecraft:clay_ball":4,"minecraft:smithing_table":1,"minecraft:lead":3,"minecraft:gold_block":1,"marbledsarsenal:baseball_bat":1,"alexsmobs:gazelle_horn":2,"minecraft:string":2,"minecraft:red_bed":5,"minecraft:raw_copper":16,"immersive_aircraft:biplane":4,"minecraft:acacia_door":6,"minecraft:iron_leggings":2,"minecraft:iron_shovel":1,"minecraft:pufferfish":2,"minecraft:cobbled_deepslate":1144,"minecraft:beef":16,"minecraft:iron_nugget":33,"minecraft:poppy":4,"minecraft:sugar_cane":22,"minecraft:chest":2,"pointblank:workstation":1,"ecologics:crab_claw":2,"minecraft:iron_boots":2,"minecraft:golden_helmet":3,"minecraft:stick":24,"minecraft:raw_iron":29,"ecologics:coconut_slice":23,"minecraft:copper_ingot":1,"projectvibrantjourneys:bark_mushroom":5,"ecologics:coconut_seedling":1,"minecraft:torch":25,"minecraft:bowl":1,"minecraft:acacia_log":478,"minecraft:fire_charge":1,"pointblank:gunmetal_nugget":43,"minecraft:redstone":65,"minecraft:orange_bed":2,"pointblank:ammo45acp":1,"pointblank:m1911a1":2,"minecraft:rotten_flesh":58,"k_turrets:raw_titanium":2,"ecologics:coconut_log":16,"minecraft:hay_block":18,"alexsmobs:emu_egg":3,"minecraft:gold_ingot":3,"minecraft:obsidian":15,"minecraft:mutton":2,"alexsmobs:kangaroo_meat":4,"alexsmobs:lobster_tail":1,"alexsmobs:flying_fish":6,"minecraft:cobblestone":267,"minecraft:leather":10,"minecraft:golden_leggings":1,"alexsmobs:acacia_blossom":1,"minecraft:smoker":1,"minecraft:acacia_wood":96,"minecraft:flint":3,"minecraft:tuff":95,"create:raw_zinc":11,"minecraft:oak_log":51,"minecraft:lily_pad":1,"minecraft:gunpowder":10,"minecraft:acacia_boat":7,"marbledsarsenal:cm6m_gas_mask":1,"minecraft:lapis_lazuli":115,"minecraft:dirt":394,"minecraft:leather_boots":2,"minecraft:bone":6,"minecraft:acacia_planks":42,"minecraft:stone_bricks":2,"minecraft:bow":1,"minecraft:stonecutter":1,"minecraft:wheat_seeds":289,"pointblank:hs12":1,"minecraft:bell":1,"minecraft:grindstone":1,"minecraft:iron_ingot":5,"minecraft:oak_planks":6,"minecraft:acacia_sapling":27,"minecraft:book":2,"projectvibrantjourneys:light_brown_bark_mushroom":5,"car:canola_seeds":1,"minecraft:gravel":38,"minecraft:sand":1,"minecraft:crying_obsidian":2,"minecraft:spider_eye":1,"alexsmobs:animal_dictionary":1,"alexsmobs:kangaroo_hide":3,"minecraft:diamond_shovel":1,"minecraft:diamond":40,"minecraft:granite":11,"minecraft:grass":1,"minecraft:golden_apple":1,"minecraft:emerald":1,"minecraft:bread":10,"projectvibrantjourneys:orange_bark_mushroom":15,"minecraft:oak_sapling":7,"minecraft:brown_banner":2,"minecraft:coal":16,"minecraft:ender_pearl":1}},"DataVersion":3465}