{"stats":{"minecraft:dropped":{"minecraft:wooden_pickaxe":1},"minecraft:mined":{"minecraft:crafting_table":5,"minecraft:ladder":3,"minecraft:grass_block":7,"minecraft:chest":3,"minecraft:tall_grass":1,"minecraft:cobblestone":27,"minecraft:spruce_leaves":1,"minecraft:oak_planks":6,"minecraft:birch_planks":1,"projectvibrantjourneys:light_brown_bark_mushroom":1,"minecraft:birch_log":29,"minecraft:spruce_log":6,"projectvibrantjourneys:bark_mushroom":1,"minecraft:grass":11,"minecraft:oak_log":73,"projectvibrantjourneys:short_grass":8,"minecraft:dirt":10,"minecraft:stone":55,"minecraft:oak_leaves":3},"minecraft:killed":{"hordes:zombie_player":1,"minecraft:zombie":9,"minecraft:drowned":1},"minecraft:killed_by":{"minecraft:player":1,"minecraft:zombie":1,"hordes:zombie_player":2},"minecraft:used":{"minecraft:birch_planks":1,"minecraft:stone_pickaxe":74,"minecraft:oak_planks":60,"minecraft:chest":4,"minecraft:wooden_pickaxe":21,"minecraft:leather_boots":1,"minecraft:torch":5,"minecraft:crafting_table":6,"minecraft:birch_door":1,"minecraft:oak_log":35,"minecraft:apple":1,"minecraft:bread":7,"minecraft:stone_axe":148,"minecraft:cobblestone":61,"minecraft:furnace":2,"minecraft:birch_log":27,"marbledsarsenal:cm6m_gas_mask":1,"alexsmobs:animal_dictionary":1},"minecraft:crafted":{"minecraft:oak_planks":96,"minecraft:crafting_table":2,"minecraft:spruce_planks":24,"minecraft:wooden_pickaxe":1,"minecraft:spruce_door":3,"minecraft:furnace":2,"minecraft:cobblestone_stairs":8,"minecraft:birch_planks":8,"minecraft:stone_axe":1,"minecraft:air":0,"minecraft:charcoal":3,"minecraft:stick":8,"minecraft:stone_pickaxe":2,"minecraft:oak_stairs":4,"minecraft:chest":1,"minecraft:birch_door":3,"minecraft:torch":12},"minecraft:custom":{"minecraft:interact_with_furnace":3,"minecraft:mob_kills":11,"minecraft:interact_with_crafting_table":11,"minecraft:damage_dealt_resisted":60,"minecraft:leave_game":2,"minecraft:time_since_death":1314,"minecraft:climb_one_cm":2163,"minecraft:time_since_rest":1345,"minecraft:sprint_one_cm":83870,"minecraft:damage_taken":1328,"minecraft:walk_one_cm":244699,"minecraft:drop":1,"minecraft:damage_dealt":2097,"minecraft:swim_one_cm":6595,"minecraft:fly_one_cm":187846,"minecraft:player_kills":3,"minecraft:open_chest":21,"minecraft:crouch_one_cm":22946,"minecraft:play_time":65487,"minecraft:deaths":4,"minecraft:sneak_time":6238,"minecraft:walk_under_water_one_cm":831,"minecraft:jump":914,"minecraft:walk_on_water_one_cm":3253,"minecraft:total_world_time":65487,"minecraft:fall_one_cm":24986},"minecraft:picked_up":{"minecraft:birch_log":29,"minecraft:crafting_table":5,"minecraft:birch_planks":1,"minecraft:oak_log":73,"marbledsarsenal:cm6m_gas_mask":2,"minecraft:dirt":17,"minecraft:leather_boots":2,"minecraft:apple":2,"minecraft:wheat_seeds":8,"minecraft:cobbled_deepslate":10,"minecraft:stone_pickaxe":2,"projectvibrantjourneys:sandy_sprouts":1,"minecraft:iron_pickaxe":1,"minecraft:chest":3,"minecraft:birch_sapling":1,"minecraft:oak_planks":46,"projectvibrantjourneys:light_brown_bark_mushroom":4,"minecraft:stick":4,"projectvibrantjourneys:bark_mushroom":1,"car:canola_seeds":1,"pointblank:gunmetal_nugget":11,"minecraft:spruce_sapling":1,"minecraft:ink_sac":2,"minecraft:spruce_log":6,"minecraft:rotten_flesh":7,"minecraft:stone_axe":2,"minecraft:oak_sapling":14,"minecraft:cobblestone":77,"minecraft:diamond_pickaxe":1}},"DataVersion":3465}