{"stats":{"minecraft:killed":{"minecraft:zombie":1},"minecraft:dropped":{"minecraft:water_bucket":1,"minecraft:dirt":64,"minecraft:oak_log":15,"minecraft:bowl":1,"minecraft:birch_log":8,"minecraft:mushroom_stew":1},"minecraft:used":{"minecraft:birch_planks":3,"minecraft:stone_pickaxe":39,"minecraft:chest":7,"minecraft:wooden_pickaxe":1,"minecraft:wooden_shovel":48,"minecraft:dirt":17,"minecraft:oak_sapling":1,"minecraft:mushroom_stew":1},"minecraft:custom":{"minecraft:time_since_rest":19874,"minecraft:interact_with_furnace":3,"minecraft:sprint_one_cm":3581,"minecraft:damage_taken":320,"minecraft:walk_one_cm":83419,"minecraft:mob_kills":1,"minecraft:drop":11,"minecraft:damage_dealt":273,"minecraft:interact_with_crafting_table":3,"minecraft:fly_one_cm":2721,"minecraft:open_chest":23,"minecraft:crouch_one_cm":11629,"minecraft:play_time":23828,"minecraft:deaths":1,"minecraft:sneak_time":6041,"minecraft:jump":96,"minecraft:time_since_death":19843,"minecraft:total_world_time":23828,"minecraft:fall_one_cm":1045},"minecraft:picked_up":{"minecraft:birch_log":12,"minecraft:raw_iron":3,"minecraft:water_bucket":1,"minecraft:clay_ball":68,"minecraft:pumpkin":3,"minecraft:andesite":4,"minecraft:gravel":17,"minecraft:mushroom_stew":5,"minecraft:flint":2,"minecraft:oak_log":34,"minecraft:leather_helmet":1,"minecraft:dirt":134,"minecraft:raw_copper":26,"minecraft:rotten_flesh":2,"minecraft:oak_sapling":1,"minecraft:chest":5,"minecraft:coal":1,"minecraft:cobblestone":24},"minecraft:crafted":{"minecraft:oak_planks":44,"minecraft:stick":4,"minecraft:wooden_pickaxe":1,"minecraft:stone_pickaxe":1,"minecraft:birch_planks":8},"minecraft:mined":{"minecraft:podzol":12,"minecraft:oak_sapling":1,"minecraft:iron_ore":3,"minecraft:birch_log":6,"minecraft:andesite":2,"minecraft:pumpkin":1,"minecraft:clay":8,"minecraft:grass_block":33,"minecraft:oak_log":11,"minecraft:chest":2,"minecraft:gravel":8,"minecraft:dirt":3,"minecraft:copper_ore":2,"minecraft:stone":16}},"DataVersion":3839}