{"stats":{"minecraft:killed":{"minecraft:chicken":1,"minecraft:sniffer":1},"minecraft:dropped":{"minecraft:diamond_axe":1,"minecraft:golden_helmet":1,"minecraft:golden_chestplate":1,"minecraft:rotten_flesh":1,"minecraft:iron_pickaxe":1},"minecraft:used":{"minecraft:amethyst_cluster":4,"minecraft:apple":2,"minecraft:stone_sword":13,"minecraft:rooted_dirt":2,"minecraft:iron_pickaxe":25,"minecraft:spore_blossom":1,"minecraft:chest":1,"minecraft:budding_amethyst":1,"minecraft:melon_seeds":4,"minecraft:diamond_axe":3,"minecraft:stone_hoe":83,"minecraft:glow_berries":4,"minecraft:sweet_berries":3,"minecraft:cobbled_deepslate":27,"minecraft:granite":1,"minecraft:dripstone_block":3,"minecraft:bone_meal":2},"minecraft:custom":{"minecraft:time_since_rest":8011,"minecraft:interact_with_furnace":1,"minecraft:sprint_one_cm":7174,"minecraft:damage_taken":527,"minecraft:walk_one_cm":40942,"minecraft:mob_kills":2,"minecraft:drop":5,"minecraft:damage_dealt":621,"minecraft:fly_one_cm":7928,"minecraft:player_kills":2,"minecraft:open_chest":25,"minecraft:crouch_one_cm":2379,"minecraft:play_time":8542,"minecraft:deaths":1,"minecraft:sneak_time":496,"minecraft:jump":76,"minecraft:time_since_death":7988,"minecraft:total_world_time":8542,"minecraft:fall_one_cm":1397},"minecraft:picked_up":{"minecraft:golden_helmet":2,"minecraft:feather":6,"minecraft:chicken":2,"minecraft:sweet_berries":12,"minecraft:amethyst_cluster":4,"minecraft:budding_amethyst":1,"minecraft:axolotl_bucket":1,"minecraft:bowl":1,"minecraft:dripstone_block":9,"minecraft:amethyst_shard":16,"minecraft:tuff":6,"minecraft:pointed_dripstone":2,"minecraft:golden_chestplate":2,"minecraft:paper":2,"minecraft:raw_copper":6,"minecraft:arrow":3,"minecraft:rotten_flesh":1,"minecraft:diamond":6,"minecraft:small_dripleaf":6,"minecraft:cobbled_deepslate":10,"minecraft:raw_gold":18,"minecraft:spore_blossom":3,"minecraft:deepslate_bricks":2,"minecraft:diamond_axe":2,"minecraft:iron_pickaxe":2,"minecraft:rooted_dirt":2,"minecraft:oak_sapling":1,"minecraft:moss_block":58,"minecraft:chest":4,"minecraft:coal":2,"minecraft:green_dye":2},"minecraft:crafted":{"minecraft:iron_ingot":22,"minecraft:air":0},"minecraft:mined":{"minecraft:tuff":2,"minecraft:sculk_catalyst":1,"minecraft:deepslate_diamond_ore":1,"minecraft:melon_stem":1,"minecraft:cobbled_deepslate":9,"minecraft:sculk_vein":92,"minecraft:amethyst_cluster":4,"minecraft:granite":3,"minecraft:calcite":1,"minecraft:oak_log":1,"minecraft:chest":1,"minecraft:moss_block":2,"minecraft:sculk":3,"minecraft:deepslate":1,"minecraft:deepslate_copper_ore":1,"minecraft:suspicious_gravel":1},"minecraft:killed_by":{"minecraft:player":1}},"DataVersion":3839}