{"stats":{"minecraft:killed":{"minecraft:skeleton":22,"minecraft:chicken":1,"minecraft:drowned":1,"minecraft:camel":1,"minecraft:sniffer":1,"minecraft:creeper":16,"minecraft:zombie":22},"minecraft:dropped":{"minecraft:diamond_axe":1,"minecraft:golden_helmet":1,"minecraft:music_disc_13":2,"minecraft:pufferfish":2,"minecraft:iron_pickaxe":1,"minecraft:golden_chestplate":1,"minecraft:bowl":4,"minecraft:rotten_flesh":1},"minecraft:used":{"minecraft:oak_trapdoor":2,"minecraft:moss_block":43,"minecraft:blue_terracotta":5,"minecraft:stone_sword":64,"minecraft:iron_shovel":60,"minecraft:tropical_fish":3,"minecraft:spruce_slab":3,"minecraft:dried_kelp":17,"minecraft:spruce_planks":10,"minecraft:chest":7,"minecraft:cooked_salmon":1,"minecraft:stone_hoe":85,"minecraft:torch":1,"minecraft:dirt":17,"minecraft:prismarine_bricks":7,"minecraft:deepslate_brick_slab":85,"minecraft:tuff":10,"minecraft:granite":22,"minecraft:dark_oak_planks":7,"minecraft:sea_lantern":2,"minecraft:cyan_terracotta":5,"minecraft:iron_axe":36,"minecraft:rooted_dirt":2,"minecraft:melon_seeds":4,"minecraft:bow":4,"minecraft:sweet_berries":9,"minecraft:oak_sapling":1,"minecraft:furnace":2,"minecraft:cobbled_deepslate":47,"minecraft:pointed_dripstone":3,"minecraft:diorite":3,"minecraft:birch_planks":17,"minecraft:stone_pickaxe":66,"minecraft:oak_planks":19,"minecraft:diamond_axe":89,"minecraft:cobblestone_slab":43,"minecraft:deepslate_bricks":12,"minecraft:glow_berries":4,"minecraft:sand":2,"minecraft:dead_fire_coral_block":1,"minecraft:mushroom_stew":7,"minecraft:sponge":2,"minecraft:cod":1,"minecraft:dripstone_block":13,"minecraft:spruce_log":4,"minecraft:amethyst_cluster":4,"minecraft:dark_prismarine":4,"minecraft:diamond_pickaxe":20,"minecraft:apple":2,"minecraft:melon_slice":2,"minecraft:iron_pickaxe":252,"minecraft:spore_blossom":1,"minecraft:gravel":2,"minecraft:budding_amethyst":1,"minecraft:stone_axe":5,"minecraft:wooden_sword":16,"minecraft:candle":7,"minecraft:jukebox":1,"minecraft:bone_meal":2},"minecraft:custom":{"minecraft:mob_kills":64,"minecraft:interact_with_crafting_table":10,"minecraft:time_since_death":7380,"minecraft:damage_resisted":40,"minecraft:sprint_one_cm":163596,"minecraft:walk_one_cm":164636,"minecraft:drop":13,"minecraft:play_time":56542,"minecraft:sneak_time":6678,"minecraft:deaths":9,"minecraft:walk_under_water_one_cm":5121,"minecraft:jump":638,"minecraft:walk_on_water_one_cm":1058,"minecraft:total_world_time":56542,"minecraft:interact_with_furnace":9,"minecraft:time_since_rest":7409,"minecraft:damage_taken":3270,"minecraft:damage_dealt":4132,"minecraft:player_kills":12,"minecraft:swim_one_cm":5136,"minecraft:fly_one_cm":77134,"minecraft:open_chest":122,"minecraft:crouch_one_cm":33966,"minecraft:fall_one_cm":9924},"minecraft:picked_up":{"minecraft:seagrass":2,"minecraft:shelter_pottery_sherd":3,"minecraft:chicken":3,"minecraft:clay_ball":124,"minecraft:amethyst_block":7,"minecraft:string":9,"minecraft:dead_tube_coral_block":1,"minecraft:raw_copper":82,"minecraft:iron_axe":2,"minecraft:wooden_sword":1,"minecraft:pufferfish":2,"minecraft:red_sand":3,"minecraft:candle":7,"minecraft:cobbled_deepslate":33,"minecraft:spruce_planks":6,"minecraft:cobblestone_slab":1,"minecraft:iron_pickaxe":4,"minecraft:melon_slice":10,"minecraft:chest":7,"minecraft:golden_helmet":2,"minecraft:sandstone":9,"minecraft:stick":7,"minecraft:raw_iron":6,"minecraft:jukebox":2,"minecraft:music_disc_blocks":1,"minecraft:brown_terracotta":1,"minecraft:torch":27,"minecraft:bowl":3,"minecraft:amethyst_cluster":6,"minecraft:pointed_dripstone":3,"minecraft:diorite":3,"minecraft:prismarine_crystals":30,"minecraft:golden_chestplate":2,"minecraft:dark_oak_planks":55,"minecraft:stone_sword":5,"minecraft:arrow":55,"minecraft:rotten_flesh":67,"minecraft:tropical_fish":1,"minecraft:decorated_pot":1,"minecraft:deepslate_bricks":19,"minecraft:cyan_terracotta":5,"minecraft:yellow_terracotta":6,"minecraft:white_terracotta":3,"minecraft:cod":1,"minecraft:cobblestone":6,"minecraft:wet_sponge":1,"minecraft:sponge":6,"minecraft:birch_log":1,"minecraft:feather":8,"minecraft:glow_ink_sac":8,"minecraft:salmon":1,"minecraft:andesite":2,"minecraft:birch_planks":26,"minecraft:mushroom_stew":4,"minecraft:flint":1,"minecraft:tuff":14,"minecraft:oak_log":15,"minecraft:prismarine_bricks":9,"minecraft:gunpowder":70,"minecraft:lapis_lazuli":61,"minecraft:dirt":17,"minecraft:paper":2,"minecraft:bone":69,"minecraft:bow":5,"minecraft:small_dripleaf":6,"minecraft:deepslate_brick_slab":1,"minecraft:raw_gold":18,"minecraft:spore_blossom":5,"minecraft:iron_ingot":1,"minecraft:stone_pickaxe":4,"minecraft:blade_pottery_sherd":4,"minecraft:moss_block":60,"minecraft:prismarine":11,"minecraft:oak_planks":31,"minecraft:green_dye":2,"minecraft:oak_slab":70,"minecraft:smooth_basalt":2,"minecraft:dark_oak_slab":2,"minecraft:music_disc_13":2,"minecraft:sweet_berries":42,"minecraft:budding_amethyst":2,"minecraft:axolotl_bucket":1,"minecraft:raw_iron_block":1,"minecraft:dripstone_block":9,"minecraft:gravel":10,"minecraft:dead_fire_coral_block":1,"minecraft:sand":13,"minecraft:amethyst_shard":16,"minecraft:spruce_log":11,"minecraft:spider_eye":1,"minecraft:sea_lantern":3,"minecraft:dark_oak_log":4,"minecraft:dark_prismarine":6,"minecraft:blue_terracotta":5,"minecraft:dried_kelp_block":7,"minecraft:diamond":7,"minecraft:angler_pottery_sherd":3,"minecraft:stone_axe":1,"minecraft:dead_brain_coral_block":3,"minecraft:granite":3,"minecraft:diamond_axe":3,"minecraft:bone_meal":1,"minecraft:emerald":1,"minecraft:terracotta":5,"minecraft:rooted_dirt":5,"minecraft:plenty_pottery_sherd":3,"minecraft:oak_sapling":1,"minecraft:coal":12,"minecraft:diamond_pickaxe":1},"minecraft:crafted":{"minecraft:oak_planks":12,"minecraft:cobblestone_slab":42,"minecraft:furnace":1,"minecraft:oak_trapdoor":2,"minecraft:iron_axe":1,"minecraft:spruce_slab":6,"minecraft:spruce_planks":16,"minecraft:dried_kelp":54,"minecraft:deepslate_brick_slab":84,"minecraft:bowl":4,"minecraft:cooked_salmon":1,"minecraft:birch_planks":4,"minecraft:air":0,"minecraft:stick":4,"minecraft:iron_ingot":22,"minecraft:iron_pickaxe":2,"minecraft:iron_shovel":1},"minecraft:mined":{"minecraft:yellow_terracotta":7,"minecraft:dark_prismarine":9,"minecraft:diamond_ore":1,"minecraft:tuff":5,"minecraft:spruce_planks":4,"minecraft:deepslate_diamond_ore":2,"minecraft:sculk_vein":92,"minecraft:dark_oak_log":1,"minecraft:sea_lantern":6,"minecraft:granite":4,"minecraft:red_sand":24,"minecraft:acacia_log":8,"minecraft:deepslate_bricks":7,"minecraft:bubble_coral_block":1,"minecraft:moss_block":6,"minecraft:tube_coral_block":1,"minecraft:sandstone":31,"minecraft:rooted_dirt":1,"minecraft:hay_block":5,"minecraft:redstone_ore":2,"minecraft:deepslate_brick_slab":1,"minecraft:raw_iron_block":1,"minecraft:sculk_catalyst":1,"minecraft:red_sandstone":13,"minecraft:iron_ore":2,"minecraft:cobbled_deepslate":27,"minecraft:suspicious_sand":6,"minecraft:pumpkin":1,"minecraft:cobblestone_slab":1,"minecraft:deepslate_iron_ore":4,"minecraft:packed_ice":2,"minecraft:wet_sponge":1,"minecraft:stone":3,"minecraft:brain_coral_block":2,"minecraft:dead_bubble_coral_block":3,"minecraft:melon_stem":1,"minecraft:orange_terracotta":8,"minecraft:amethyst_cluster":4,"minecraft:clay":6,"minecraft:emerald_ore":4,"minecraft:calcite":1,"minecraft:sponge":3,"minecraft:melon":2,"minecraft:chest":7,"minecraft:cobblestone":3,"minecraft:copper_ore":7,"minecraft:dried_kelp_block":3,"minecraft:lapis_ore":2,"minecraft:prismarine":7,"minecraft:oak_planks":29,"minecraft:sculk":6,"minecraft:diorite":3,"minecraft:amethyst_block":8,"minecraft:deepslate_copper_ore":12,"minecraft:prismarine_bricks":16,"minecraft:white_terracotta":7,"minecraft:birch_planks":26,"minecraft:blue_terracotta":1,"minecraft:spruce_log":4,"minecraft:jukebox":1,"minecraft:dead_brain_coral_block":1,"minecraft:oak_log":15,"minecraft:coal_ore":11,"minecraft:dripstone_block":1,"minecraft:gravel":4,"minecraft:sand":38,"minecraft:dirt":16,"minecraft:brown_terracotta":5,"minecraft:terracotta":8,"minecraft:deepslate":7,"minecraft:suspicious_gravel":10},"minecraft:killed_by":{"minecraft:player":7,"minecraft:skeleton":1}},"DataVersion":3839}