{"stats":{"minecraft:killed":{"minecraft:skeleton":22,"minecraft:chicken":1,"minecraft:drowned":1,"minecraft:camel":1,"minecraft:sniffer":1,"minecraft:creeper":16,"minecraft:zombie":22},"minecraft:dropped":{"minecraft:diamond_axe":1,"minecraft:golden_helmet":1,"minecraft:music_disc_13":2,"minecraft:pufferfish":2,"minecraft:iron_pickaxe":1,"minecraft:golden_chestplate":1,"minecraft:bowl":2,"minecraft:rotten_flesh":1},"minecraft:used":{"minecraft:oak_trapdoor":2,"minecraft:moss_block":43,"minecraft:blue_terracotta":5,"minecraft:stone_sword":51,"minecraft:tropical_fish":3,"minecraft:spruce_slab":3,"minecraft:dried_kelp":17,"minecraft:spruce_planks":8,"minecraft:chest":3,"minecraft:cooked_salmon":1,"minecraft:stone_hoe":85,"minecraft:dirt":17,"minecraft:prismarine_bricks":6,"minecraft:deepslate_brick_slab":85,"minecraft:tuff":10,"minecraft:granite":22,"minecraft:dark_oak_planks":7,"minecraft:sea_lantern":2,"minecraft:cyan_terracotta":5,"minecraft:iron_axe":14,"minecraft:rooted_dirt":2,"minecraft:melon_seeds":4,"minecraft:bow":4,"minecraft:sweet_berries":4,"minecraft:oak_sapling":1,"minecraft:furnace":2,"minecraft:cobbled_deepslate":47,"minecraft:pointed_dripstone":3,"minecraft:diorite":3,"minecraft:birch_planks":17,"minecraft:stone_pickaxe":34,"minecraft:oak_planks":19,"minecraft:diamond_axe":89,"minecraft:cobblestone_slab":43,"minecraft:deepslate_bricks":12,"minecraft:glow_berries":4,"minecraft:sand":2,"minecraft:dead_fire_coral_block":1,"minecraft:mushroom_stew":3,"minecraft:sponge":2,"minecraft:cod":1,"minecraft:dripstone_block":13,"minecraft:spruce_log":4,"minecraft:amethyst_cluster":4,"minecraft:dark_prismarine":4,"minecraft:diamond_pickaxe":20,"minecraft:apple":2,"minecraft:iron_pickaxe":101,"minecraft:spore_blossom":1,"minecraft:gravel":2,"minecraft:budding_amethyst":1,"minecraft:wooden_sword":16,"minecraft:jukebox":1,"minecraft:bone_meal":2},"minecraft:custom":{"minecraft:mob_kills":64,"minecraft:interact_with_crafting_table":8,"minecraft:time_since_death":2585,"minecraft:damage_resisted":40,"minecraft:sprint_one_cm":129081,"minecraft:walk_one_cm":131495,"minecraft:drop":11,"minecraft:play_time":44542,"minecraft:sneak_time":6553,"minecraft:deaths":8,"minecraft:walk_under_water_one_cm":5121,"minecraft:jump":504,"minecraft:walk_on_water_one_cm":1058,"minecraft:total_world_time":44542,"minecraft:interact_with_furnace":7,"minecraft:time_since_rest":2620,"minecraft:damage_taken":2726,"minecraft:damage_dealt":2793,"minecraft:player_kills":8,"minecraft:swim_one_cm":5136,"minecraft:fly_one_cm":62230,"minecraft:open_chest":97,"minecraft:crouch_one_cm":33735,"minecraft:fall_one_cm":8076},"minecraft:picked_up":{"minecraft:seagrass":2,"minecraft:chicken":2,"minecraft:clay_ball":60,"minecraft:amethyst_block":3,"minecraft:string":9,"minecraft:dead_tube_coral_block":1,"minecraft:raw_copper":69,"minecraft:iron_axe":2,"minecraft:wooden_sword":1,"minecraft:pufferfish":2,"minecraft:cobbled_deepslate":32,"minecraft:spruce_planks":4,"minecraft:cobblestone_slab":1,"minecraft:iron_pickaxe":4,"minecraft:chest":5,"minecraft:golden_helmet":2,"minecraft:raw_iron":4,"minecraft:jukebox":2,"minecraft:music_disc_blocks":1,"minecraft:torch":26,"minecraft:bowl":3,"minecraft:amethyst_cluster":4,"minecraft:pointed_dripstone":3,"minecraft:diorite":3,"minecraft:prismarine_crystals":30,"minecraft:golden_chestplate":2,"minecraft:dark_oak_planks":55,"minecraft:stone_sword":5,"minecraft:arrow":55,"minecraft:rotten_flesh":67,"minecraft:tropical_fish":1,"minecraft:decorated_pot":1,"minecraft:deepslate_bricks":19,"minecraft:cyan_terracotta":5,"minecraft:cod":1,"minecraft:cobblestone":6,"minecraft:wet_sponge":1,"minecraft:sponge":6,"minecraft:birch_log":1,"minecraft:feather":6,"minecraft:glow_ink_sac":5,"minecraft:salmon":1,"minecraft:andesite":2,"minecraft:birch_planks":26,"minecraft:mushroom_stew":1,"minecraft:flint":1,"minecraft:tuff":14,"minecraft:oak_log":15,"minecraft:prismarine_bricks":7,"minecraft:gunpowder":70,"minecraft:lapis_lazuli":45,"minecraft:dirt":14,"minecraft:paper":2,"minecraft:bone":69,"minecraft:bow":5,"minecraft:small_dripleaf":6,"minecraft:deepslate_brick_slab":1,"minecraft:raw_gold":18,"minecraft:spore_blossom":3,"minecraft:iron_ingot":1,"minecraft:stone_pickaxe":3,"minecraft:moss_block":60,"minecraft:prismarine":11,"minecraft:oak_planks":31,"minecraft:green_dye":2,"minecraft:oak_slab":70,"minecraft:dark_oak_slab":2,"minecraft:music_disc_13":2,"minecraft:sweet_berries":36,"minecraft:budding_amethyst":1,"minecraft:axolotl_bucket":1,"minecraft:raw_iron_block":1,"minecraft:dripstone_block":9,"minecraft:gravel":3,"minecraft:dead_fire_coral_block":1,"minecraft:sand":12,"minecraft:amethyst_shard":16,"minecraft:spruce_log":8,"minecraft:spider_eye":1,"minecraft:sea_lantern":3,"minecraft:dark_oak_log":4,"minecraft:dark_prismarine":6,"minecraft:blue_terracotta":5,"minecraft:dried_kelp_block":7,"minecraft:diamond":6,"minecraft:stone_axe":1,"minecraft:dead_brain_coral_block":3,"minecraft:granite":3,"minecraft:diamond_axe":3,"minecraft:bone_meal":1,"minecraft:rooted_dirt":4,"minecraft:oak_sapling":1,"minecraft:coal":9,"minecraft:diamond_pickaxe":1},"minecraft:crafted":{"minecraft:oak_planks":12,"minecraft:cobblestone_slab":42,"minecraft:furnace":1,"minecraft:oak_trapdoor":2,"minecraft:iron_axe":1,"minecraft:spruce_slab":6,"minecraft:spruce_planks":16,"minecraft:dried_kelp":54,"minecraft:deepslate_brick_slab":84,"minecraft:bowl":4,"minecraft:cooked_salmon":1,"minecraft:birch_planks":4,"minecraft:air":0,"minecraft:iron_ingot":22,"minecraft:iron_pickaxe":1},"minecraft:mined":{"minecraft:dark_prismarine":9,"minecraft:tuff":5,"minecraft:spruce_planks":4,"minecraft:deepslate_diamond_ore":2,"minecraft:sculk_vein":92,"minecraft:dark_oak_log":1,"minecraft:sea_lantern":6,"minecraft:granite":4,"minecraft:deepslate_bricks":7,"minecraft:moss_block":6,"minecraft:tube_coral_block":1,"minecraft:rooted_dirt":1,"minecraft:deepslate_brick_slab":1,"minecraft:raw_iron_block":1,"minecraft:sculk_catalyst":1,"minecraft:cobbled_deepslate":26,"minecraft:pumpkin":1,"minecraft:cobblestone_slab":1,"minecraft:deepslate_iron_ore":1,"minecraft:packed_ice":1,"minecraft:wet_sponge":1,"minecraft:stone":2,"minecraft:brain_coral_block":2,"minecraft:dead_bubble_coral_block":3,"minecraft:melon_stem":1,"minecraft:amethyst_cluster":4,"minecraft:clay":3,"minecraft:calcite":1,"minecraft:sponge":3,"minecraft:chest":3,"minecraft:cobblestone":2,"minecraft:copper_ore":3,"minecraft:dried_kelp_block":3,"minecraft:prismarine":4,"minecraft:oak_planks":29,"minecraft:sculk":6,"minecraft:diorite":3,"minecraft:amethyst_block":5,"minecraft:deepslate_copper_ore":2,"minecraft:prismarine_bricks":14,"minecraft:birch_planks":26,"minecraft:spruce_log":1,"minecraft:jukebox":1,"minecraft:oak_log":15,"minecraft:coal_ore":1,"minecraft:gravel":3,"minecraft:sand":8,"minecraft:dirt":9,"minecraft:deepslate":7,"minecraft:suspicious_gravel":6},"minecraft:killed_by":{"minecraft:player":6,"minecraft:skeleton":1}},"DataVersion":3839}