{"stats":{"minecraft:custom":{"lootr:looted_stat":1,"minecraft:mob_kills":18,"minecraft:interact_with_crafting_table":28,"minecraft:interact_with_campfire":12,"minecraft:damage_dealt_resisted":1310,"minecraft:leave_game":2,"minecraft:time_since_death":43525,"minecraft:climb_one_cm":214,"minecraft:sprint_one_cm":142786,"minecraft:walk_one_cm":134321,"minecraft:drop":41,"minecraft:damage_dealt_absorbed":584,"minecraft:play_time":74028,"minecraft:deaths":2,"minecraft:sneak_time":2970,"minecraft:walk_under_water_one_cm":745,"minecraft:boat_one_cm":2880,"minecraft:jump":1301,"minecraft:walk_on_water_one_cm":9085,"minecraft:total_world_time":74028,"minecraft:interact_with_furnace":12,"minecraft:hex":0,"minecraft:time_since_rest":43567,"minecraft:damage_taken":1164,"minecraft:damage_dealt":2167,"minecraft:swim_one_cm":1653,"minecraft:fly_one_cm":290561,"minecraft:open_chest":16,"minecraft:crouch_one_cm":6911,"minecraft:interact_with_smoker":1,"minecraft:fall_one_cm":41011},"minecraft:dropped":{"minecraft:bread":7,"minecraft:birch_planks":3,"minecraft:wheat_seeds":3,"minecraft:cooked_beef":2,"minecraft:apple":9,"minecraft:stick":3,"minecraft:dirt":13,"minecraft:torch":2,"minecraft:brown_wool":4,"minecraft:zombie_head":3,"croptopia:sweetpotato_seed":4,"minecraft:sand":1,"minecraft:stone_sword":2,"minecraft:raw_copper":2,"minecraft:birch_sapling":1,"minecraft:blue_wool":1,"minecraft:rotten_flesh":13,"minecraft:carrot":1,"regions_unexplored:peat_dirt":3,"minecraft:cyan_wool":1,"minecraft:leather_boots":1,"mythicmetals:raw_manganese":1,"minecraft:bow":1,"minecraft:wooden_pickaxe":1,"minecraft:beef":2,"minecraft:stone_pickaxe":1},"minecraft:killed":{"minecraft:skeleton":1,"minecraft:chicken":1,"minecraft:drowned":1,"minecraft:zombie_villager":1,"minecraft:sheep":5,"minecraft:zombie":4,"minecraft:cow":5},"minecraft:mined":{"minecraft:grass_block":19,"mythicmetals:silver_ore":8,"minecraft:furnace":1,"minecraft:iron_ore":13,"minecraft:andesite":1,"minecraft:pumpkin":13,"regions_unexplored:medium_grass":7,"minecraft:stone":208,"regions_unexplored:redwood_log":44,"crystals_overhauled:heliodor_ore":2,"croptopia:sweetpotato_crop":2,"minecraft:torch":1,"regions_unexplored:peat_grass_block":3,"minecraft:copper_ore":1,"minecraft:tall_grass":7,"minecraft:sugar_cane":3,"minecraft:diorite":7,"minecraft:wall_torch":1,"minecraft:birch_log":24,"mythicmetals:manganese_ore":1,"minecraft:birch_leaves":1,"minecraft:grass":19,"minecraft:coal_ore":62,"minecraft:oak_log":5,"regions_unexplored:peat_dirt":4,"minecraft:dirt":103,"minecraft:oak_leaves":1,"minecraft:fern":4},"minecraft:killed_by":{"minecraft:spider":2},"minecraft:picked_up":{"minecraft:allium":1,"minecraft:chicken":2,"croptopia:sweetpotato_seed":4,"minecraft:diamond_sword":1,"extraspellattributes:goldquartzamulet":1,"minecraft:raw_copper":2,"minecraft:zombie_head":4,"darkbread:ender_bread":1,"minecraft:beef":14,"minecraft:player_head":1,"minecraft:cyan_wool":1,"regions_unexplored:redwood_planks":4,"minecraft:sugar_cane":11,"minecraft:birch_sapling":1,"minecraft:furnace":1,"regions_unexplored:redwood_log":44,"minecraft:blue_wool":1,"minecraft:raw_iron":13,"minecraft:stick":3,"minecraft:torch":6,"minecraft:diorite":7,"croptopia:fig":3,"minecraft:carrot":10,"mythic_charms:experience_nugget":56,"minecraft:stone_sword":1,"minecraft:arrow":10,"minecraft:rotten_flesh":15,"mythicmetals:raw_manganese":1,"crystals_overhauled:heliodor":6,"minecraft:mutton":9,"minecraft:skeleton_skull":2,"minecraft:white_wool":1,"minecraft:cobblestone":204,"minecraft:birch_log":24,"regions_unexplored:peat_dirt":7,"minecraft:feather":6,"minecraft:cooked_beef":14,"minecraft:andesite":1,"minecraft:leather":6,"minecraft:brown_wool":4,"minecraft:potato":9,"minecraft:oak_log":5,"minecraft:lapis_lazuli":10,"minecraft:dirt":121,"regions_unexplored:aster":1,"minecraft:leather_boots":1,"minecraft:bone":6,"minecraft:apple":75,"croptopia:sweetpotato":2,"minecraft:bow":1,"minecraft:wheat_seeds":3,"minecraft:iron_ingot":3,"croptopia:pineapple":5,"mythicmetals:raw_silver":13,"minecraft:pumpkin":13,"minecraft:sand":3,"minecraft:diamond":2,"croptopia:pineapple_seed":3,"minecraft:bread":7,"minecraft:emerald":1,"minecraft:coal":66},"minecraft:crafted":{"minecraft:oak_planks":20,"minecraft:stone_shovel":1,"magistuarmory:silver_concavehalberd":1,"minecraft:birch_boat":2,"minecraft:furnace":18,"immersive_armors:wooden_chestplate":1,"magistuarmory:hilt":2,"minecraft:stone_pickaxe":2,"minecraft:chest":22,"magistuarmory:pole":1,"minecraft:cooked_porkchop":6,"minecraft:crafting_table":8,"minecraft:wooden_pickaxe":1,"immersive_armors:wooden_leggings":1,"mythicmetals:silver_ingot":13,"minecraft:birch_planks":48,"minecraft:campfire":2,"minecraft:stone_axe":1,"minecraft:air":0,"regions_unexplored:redwood_planks":184,"immersive_armors:bone_helmet":1,"minecraft:stick":44,"minecraft:iron_ingot":11,"minecraft:iron_pickaxe":2,"minecraft:torch":72,"magistuarmory:leather_strip":18},"minecraft:used":{"minecraft:stone_sword":34,"croptopia:fig":1,"minecraft:stone_shovel":80,"minecraft:chest":11,"minecraft:player_head":1,"minecraft:torch":36,"minecraft:dirt":29,"minecraft:carrot":5,"minecraft:allium":1,"immersive_armors:wooden_chestplate":1,"minecraft:furnace":10,"magistuarmory:silver_concavehalberd":7,"minecraft:cooked_beef":3,"minecraft:diorite":7,"minecraft:bundle":1,"minecraft:birch_planks":3,"minecraft:stone_pickaxe":113,"minecraft:oak_planks":5,"regions_unexplored:peat_dirt":4,"minecraft:wooden_pickaxe":4,"minecraft:birch_boat":1,"croptopia:pineapple":5,"minecraft:crafting_table":8,"minecraft:campfire":1,"croptopia:sweetpotato":2,"darkbread:obsidian_bread":1,"minecraft:apple":8,"minecraft:zombie_head":1,"minecraft:bread":7,"minecraft:iron_pickaxe":190,"minecraft:stone_axe":85,"minecraft:diamond_sword":39,"minecraft:cobblestone":67,"minecraft:andesite":1,"immersive_armors:wooden_leggings":1},"minecraft:broken":{"minecraft:stone_pickaxe":1,"minecraft:iron_pickaxe":1}},"DataVersion":3465}