{"stats":{"minecraft:dropped":{"minecraft:blackstone":1,"minecraft:crafting_table":1,"minecraft:yellow_terracotta":3,"projectvibrantjourneys:orange_bark_mushroom":2,"minecraft:dirt":1,"projectvibrantjourneys:light_brown_bark_mushroom":1,"minecraft:wooden_pickaxe":1,"projectvibrantjourneys:bark_mushroom":1},"minecraft:mined":{"create:zinc_ore":14,"minecraft:yellow_terracotta":3,"minecraft:blackstone":1,"minecraft:deepslate_diamond_ore":4,"minecraft:spruce_door":1,"minecraft:soul_lantern":2,"projectvibrantjourneys:rocks":1,"minecraft:grass_block":3,"minecraft:chest":1,"minecraft:tall_grass":5,"minecraft:cobblestone":7,"ecologics:coconut_log":7,"minecraft:deepslate_gold_ore":6,"minecraft:sugar_cane":2,"minecraft:oak_planks":16,"minecraft:wall_torch":1,"minecraft:birch_planks":1,"minecraft:iron_ore":6,"minecraft:cobbled_deepslate":15,"minecraft:pumpkin":2,"minecraft:grass":4,"projectvibrantjourneys:beach_grass":1,"minecraft:oak_log":27,"minecraft:coal_ore":24,"projectvibrantjourneys:short_grass":4,"minecraft:deepslate_iron_ore":8,"minecraft:dirt":3,"projectvibrantjourneys:seashells":2,"minecraft:stone":85,"minecraft:oak_leaves":2,"minecraft:deepslate":40},"minecraft:killed":{"minecraft:sheep":2,"minecraft:zombie":44},"minecraft:killed_by":{"minecraft:player":1,"minecraft:zombie":2,"minecraft:drowned":1},"minecraft:crafted":{"minecraft:oak_planks":92,"minecraft:cobblestone_slab":42,"max_armory:handle":1,"pointblank:gunmetal_ingot":5,"minecraft:crafting_table":6,"ecologics:coconut_planks":28,"minecraft:wooden_pickaxe":1,"minecraft:furnace":1,"minecraft:stone_axe":1,"minecraft:air":0,"minecraft:diamond_pickaxe":1,"minecraft:ladder":27,"minecraft:stick":84,"minecraft:iron_ingot":5,"minecraft:iron_pickaxe":1,"minecraft:stone_pickaxe":1,"max_armory:iron_katana":1,"minecraft:stone_sword":1,"minecraft:chest":3,"minecraft:torch":32},"minecraft:used":{"minecraft:stone_sword":98,"minecraft:spruce_door":4,"minecraft:stone_pickaxe":82,"minecraft:ladder":7,"minecraft:oak_planks":3,"minecraft:ender_pearl":1,"minecraft:chest":4,"minecraft:wooden_pickaxe":14,"max_armory:iron_katana":23,"minecraft:cobblestone_slab":42,"ecologics:coconut_planks":1,"minecraft:leather_boots":1,"minecraft:rotten_flesh":5,"minecraft:torch":33,"minecraft:dirt":15,"minecraft:mutton":2,"minecraft:crafting_table":5,"projectvibrantjourneys:beach_grass":1,"minecraft:birch_door":3,"minecraft:wooden_hoe":9,"minecraft:diamond_pickaxe":15,"minecraft:apple":1,"minecraft:bread":11,"minecraft:iron_pickaxe":107,"minecraft:soul_lantern":2,"minecraft:stone_axe":72,"minecraft:cobblestone":42,"minecraft:furnace":1,"marbledsarsenal:cm6m_gas_mask":1,"minecraft:cobbled_deepslate":35},"minecraft:custom":{"minecraft:interact_with_furnace":9,"minecraft:mob_kills":46,"minecraft:interact_with_crafting_table":20,"minecraft:damage_dealt_resisted":117,"minecraft:leave_game":2,"minecraft:time_since_death":584,"minecraft:climb_one_cm":1128,"minecraft:time_since_rest":615,"minecraft:sprint_one_cm":93337,"minecraft:damage_taken":1623,"minecraft:walk_one_cm":109667,"minecraft:drop":11,"minecraft:damage_dealt":6310,"minecraft:player_kills":1,"minecraft:swim_one_cm":7879,"minecraft:fly_one_cm":155373,"minecraft:open_chest":47,"minecraft:crouch_one_cm":32853,"minecraft:play_time":62063,"minecraft:deaths":5,"minecraft:sneak_time":11556,"minecraft:walk_under_water_one_cm":8358,"minecraft:jump":700,"minecraft:walk_on_water_one_cm":13102,"minecraft:total_world_time":62063,"minecraft:fall_one_cm":19701},"minecraft:picked_up":{"minecraft:birch_door":1,"minecraft:ladder":2,"minecraft:birch_planks":1,"create:raw_zinc":14,"minecraft:oak_log":27,"minecraft:gunpowder":7,"minecraft:dirt":6,"minecraft:string":1,"minecraft:bone":8,"minecraft:blackstone":1,"minecraft:apple":1,"minecraft:wheat_seeds":4,"minecraft:cobbled_deepslate":53,"minecraft:raw_gold":6,"minecraft:sugar_cane":8,"minecraft:chest":1,"minecraft:oak_planks":9,"projectvibrantjourneys:light_brown_bark_mushroom":1,"minecraft:stick":1,"minecraft:raw_iron":14,"minecraft:pumpkin":2,"projectvibrantjourneys:bark_mushroom":1,"minecraft:torch":1,"pointblank:gunmetal_nugget":57,"projectvibrantjourneys:beach_grass":1,"minecraft:spruce_door":1,"minecraft:spider_eye":4,"minecraft:stone_sword":1,"minecraft:rotten_flesh":42,"minecraft:slime_ball":3,"minecraft:diamond":4,"minecraft:soul_lantern":2,"ecologics:coconut_log":7,"minecraft:yellow_terracotta":3,"projectvibrantjourneys:orange_bark_mushroom":2,"minecraft:oak_sapling":2,"minecraft:mutton":2,"minecraft:coal":24,"minecraft:white_wool":2,"minecraft:cobblestone":91,"minecraft:ender_pearl":1}},"DataVersion":3465}