{"stats":{"minecraft:killed":{"minecraft:sniffer":1,"minecraft:chicken":1,"minecraft:drowned":1,"minecraft:camel":1},"minecraft:dropped":{"minecraft:diamond_axe":1,"minecraft:golden_helmet":1,"minecraft:golden_chestplate":1,"minecraft:rotten_flesh":1,"minecraft:iron_pickaxe":1},"minecraft:used":{"minecraft:oak_trapdoor":2,"minecraft:stone_sword":13,"minecraft:tropical_fish":2,"minecraft:dried_kelp":17,"minecraft:chest":1,"minecraft:cooked_salmon":1,"minecraft:diamond_axe":15,"minecraft:cobblestone_slab":43,"minecraft:stone_hoe":85,"minecraft:glow_berries":4,"minecraft:deepslate_brick_slab":85,"minecraft:sponge":1,"minecraft:cod":1,"minecraft:dripstone_block":3,"minecraft:granite":1,"minecraft:amethyst_cluster":4,"minecraft:diamond_pickaxe":10,"minecraft:apple":2,"minecraft:rooted_dirt":2,"minecraft:iron_pickaxe":67,"minecraft:spore_blossom":1,"minecraft:budding_amethyst":1,"minecraft:melon_seeds":4,"minecraft:sweet_berries":3,"minecraft:furnace":2,"minecraft:cobbled_deepslate":42,"minecraft:bone_meal":2,"minecraft:pointed_dripstone":3},"minecraft:custom":{"minecraft:interact_with_furnace":5,"minecraft:mob_kills":4,"minecraft:interact_with_crafting_table":5,"minecraft:time_since_death":19988,"minecraft:time_since_rest":20011,"minecraft:sprint_one_cm":18283,"minecraft:damage_taken":892,"minecraft:walk_one_cm":71511,"minecraft:drop":5,"minecraft:damage_dealt":1194,"minecraft:fly_one_cm":12491,"minecraft:player_kills":2,"minecraft:open_chest":57,"minecraft:crouch_one_cm":20234,"minecraft:play_time":20542,"minecraft:deaths":1,"minecraft:sneak_time":4050,"minecraft:jump":155,"minecraft:total_world_time":20542,"minecraft:fall_one_cm":3014},"minecraft:picked_up":{"minecraft:sponge":4,"minecraft:seagrass":2,"minecraft:feather":6,"minecraft:andesite":1,"minecraft:chicken":2,"minecraft:glow_ink_sac":5,"minecraft:clay_ball":20,"minecraft:salmon":1,"minecraft:tuff":9,"minecraft:oak_log":3,"minecraft:amethyst_block":2,"minecraft:lapis_lazuli":9,"minecraft:dead_tube_coral_block":1,"minecraft:raw_copper":32,"minecraft:paper":2,"minecraft:pufferfish":2,"minecraft:deepslate_brick_slab":1,"minecraft:small_dripleaf":6,"minecraft:cobbled_deepslate":27,"minecraft:raw_gold":18,"minecraft:spore_blossom":3,"minecraft:cobblestone_slab":1,"minecraft:iron_pickaxe":2,"minecraft:moss_block":58,"minecraft:prismarine":7,"minecraft:chest":4,"minecraft:green_dye":2,"minecraft:golden_helmet":2,"minecraft:sweet_berries":12,"minecraft:torch":15,"minecraft:budding_amethyst":1,"minecraft:bowl":1,"minecraft:axolotl_bucket":1,"minecraft:raw_iron_block":1,"minecraft:dripstone_block":9,"minecraft:amethyst_cluster":4,"minecraft:sand":9,"minecraft:amethyst_shard":16,"minecraft:pointed_dripstone":3,"minecraft:dark_oak_log":4,"minecraft:golden_chestplate":2,"minecraft:dark_prismarine":1,"minecraft:dried_kelp_block":7,"minecraft:blue_terracotta":5,"minecraft:arrow":3,"minecraft:rotten_flesh":1,"minecraft:diamond":6,"minecraft:deepslate_bricks":2,"minecraft:dead_brain_coral_block":3,"minecraft:diamond_axe":2,"minecraft:cyan_terracotta":5,"minecraft:rooted_dirt":2,"minecraft:oak_sapling":1,"minecraft:cod":1,"minecraft:coal":9,"minecraft:diamond_pickaxe":1,"minecraft:cobblestone":4},"minecraft:crafted":{"minecraft:oak_planks":12,"minecraft:cobblestone_slab":42,"minecraft:dried_kelp":54,"minecraft:deepslate_brick_slab":84,"minecraft:furnace":1,"minecraft:cooked_salmon":1,"minecraft:air":0,"minecraft:oak_trapdoor":2,"minecraft:iron_ingot":22},"minecraft:mined":{"minecraft:tuff":3,"minecraft:dead_bubble_coral_block":3,"minecraft:deepslate_diamond_ore":1,"minecraft:melon_stem":1,"minecraft:sculk_vein":92,"minecraft:amethyst_cluster":4,"minecraft:sea_lantern":4,"minecraft:granite":3,"minecraft:sponge":3,"minecraft:calcite":1,"minecraft:chest":1,"minecraft:copper_ore":2,"minecraft:dried_kelp_block":3,"minecraft:prismarine":4,"minecraft:moss_block":2,"minecraft:sculk":6,"minecraft:amethyst_block":1,"minecraft:deepslate_copper_ore":2,"minecraft:prismarine_bricks":3,"minecraft:deepslate_brick_slab":1,"minecraft:raw_iron_block":1,"minecraft:sculk_catalyst":1,"minecraft:cobbled_deepslate":26,"minecraft:pumpkin":1,"minecraft:oak_log":3,"minecraft:cobblestone_slab":1,"minecraft:gravel":1,"minecraft:sand":5,"minecraft:stone":1,"minecraft:brain_coral_block":2,"minecraft:deepslate":1,"minecraft:suspicious_gravel":2},"minecraft:killed_by":{"minecraft:player":1}},"DataVersion":3839}