{"stats":{"minecraft:killed":{"minecraft:wolf":2,"minecraft:spider":3,"minecraft:creeper":2,"minecraft:zombie":2,"minecraft:goat":2},"minecraft:dropped":{"minecraft:amethyst_block":7,"minecraft:disc_fragment_5":1,"minecraft:grass_block":1,"minecraft:coal":3,"minecraft:dirt":3,"minecraft:diorite":17,"minecraft:sculk_catalyst":1,"minecraft:chest":1,"minecraft:frog_spawn_egg":1,"minecraft:bone_meal":3,"minecraft:iron_pickaxe":1,"minecraft:heartbreak_pottery_sherd":2},"minecraft:used":{"minecraft:writable_book":3,"minecraft:stone_pickaxe":504,"minecraft:wooden_pickaxe":20,"minecraft:white_terracotta":2,"minecraft:wooden_shovel":50,"minecraft:deepslate_bricks":2,"minecraft:crafting_table":1,"minecraft:mushroom_stew":22,"minecraft:tuff":1,"minecraft:snowball":1,"minecraft:wooden_axe":54,"minecraft:diamond_pickaxe":102,"minecraft:apple":2,"minecraft:dark_oak_log":3,"minecraft:melon_slice":3,"minecraft:iron_pickaxe":636,"minecraft:stone_axe":62,"minecraft:cobblestone":5,"minecraft:calcite":1,"minecraft:bone_meal":6},"minecraft:custom":{"minecraft:interact_with_furnace":14,"minecraft:mob_kills":16,"minecraft:inspect_hopper":6,"minecraft:interact_with_crafting_table":34,"minecraft:time_since_death":33824,"minecraft:time_since_rest":33866,"minecraft:sprint_one_cm":145910,"minecraft:damage_taken":2105,"minecraft:walk_one_cm":302445,"minecraft:drop":19,"minecraft:damage_dealt":4334,"minecraft:fly_one_cm":183882,"minecraft:open_chest":136,"minecraft:crouch_one_cm":3051,"minecraft:play_time":110483,"minecraft:deaths":2,"minecraft:sneak_time":2608,"minecraft:walk_under_water_one_cm":5071,"minecraft:jump":780,"minecraft:walk_on_water_one_cm":8324,"minecraft:total_world_time":110483,"minecraft:fall_one_cm":14042},"minecraft:broken":{"minecraft:stone_pickaxe":3,"minecraft:leather_helmet":1,"minecraft:wooden_shovel":1,"minecraft:wooden_axe":1},"minecraft:picked_up":{"minecraft:birch_log":14,"minecraft:feather":3,"minecraft:chicken":1,"minecraft:clay_ball":24,"minecraft:andesite":31,"minecraft:leather_leggings":1,"minecraft:mushroom_stew":2,"minecraft:tuff":19,"minecraft:oak_log":29,"minecraft:amethyst_block":26,"minecraft:lapis_lazuli":30,"minecraft:dirt":69,"minecraft:raw_copper":116,"minecraft:kelp":2,"minecraft:deepslate_tiles":15,"minecraft:cobbled_deepslate":80,"minecraft:raw_gold":3,"minecraft:iron_ingot":3,"minecraft:calcite":36,"minecraft:iron_pickaxe":1,"minecraft:chest":11,"minecraft:birch_sapling":1,"minecraft:acacia_sapling":2,"minecraft:flowering_azalea":2,"minecraft:egg":3,"minecraft:sculk_catalyst":1,"minecraft:golden_helmet":1,"minecraft:raw_iron":45,"minecraft:smooth_basalt":16,"minecraft:sweet_berries":1,"minecraft:torch":3,"minecraft:raw_iron_block":2,"minecraft:dripstone_block":7,"minecraft:gravel":13,"minecraft:frog_spawn_egg":1,"minecraft:diorite":18,"minecraft:spruce_log":12,"minecraft:dark_oak_planks":1,"minecraft:dark_oak_log":14,"minecraft:leather_helmet":1,"minecraft:rotten_flesh":1,"minecraft:diamond":4,"minecraft:writable_book":1,"minecraft:deepslate_bricks":17,"minecraft:granite":33,"minecraft:white_terracotta":6,"minecraft:terracotta":11,"minecraft:oak_sapling":1,"minecraft:host_armor_trim_smithing_template":1,"minecraft:coal":18,"minecraft:snowball":45,"minecraft:heartbreak_pottery_sherd":2,"minecraft:cobblestone":96},"minecraft:crafted":{"minecraft:oak_planks":64,"minecraft:wooden_shovel":1,"minecraft:crafting_table":1,"minecraft:spruce_planks":48,"minecraft:wooden_pickaxe":1,"minecraft:bowl":4,"minecraft:bone_meal":9,"minecraft:birch_planks":48,"minecraft:stone_axe":3,"minecraft:diamond_pickaxe":1,"minecraft:stick":32,"minecraft:iron_ingot":26,"minecraft:iron_pickaxe":5,"minecraft:stone_pickaxe":5,"minecraft:wooden_axe":1},"minecraft:mined":{"minecraft:podzol":18,"minecraft:deepslate_tiles":39,"minecraft:diamond_ore":1,"minecraft:tuff":24,"minecraft:oak_sapling":1,"minecraft:deepslate_diamond_ore":5,"minecraft:snow_block":5,"minecraft:sculk_vein":2,"minecraft:dark_oak_log":18,"minecraft:powder_snow":5,"minecraft:clay":19,"minecraft:granite":54,"minecraft:budding_amethyst":17,"minecraft:grass_block":96,"minecraft:calcite":57,"minecraft:decorated_pot":1,"minecraft:melon":3,"minecraft:chest":14,"minecraft:deepslate_bricks":40,"minecraft:copper_ore":42,"minecraft:deepslate_coal_ore":18,"minecraft:deepslate_gold_ore":6,"minecraft:diorite":36,"minecraft:amethyst_block":61,"minecraft:deepslate_copper_ore":18,"minecraft:white_terracotta":8,"minecraft:raw_iron_block":1,"minecraft:spruce_sapling":1,"minecraft:raw_gold_block":2,"minecraft:birch_log":27,"minecraft:iron_ore":23,"minecraft:blue_ice":16,"minecraft:spruce_log":25,"minecraft:andesite":38,"minecraft:pumpkin":1,"minecraft:deepslate_lapis_ore":10,"minecraft:coal_ore":15,"minecraft:oak_log":53,"minecraft:deepslate_iron_ore":28,"minecraft:gravel":38,"minecraft:dripstone_block":7,"minecraft:dirt":27,"minecraft:packed_ice":16,"minecraft:smooth_basalt":24,"minecraft:terracotta":12,"minecraft:stone":155,"minecraft:gold_ore":1,"minecraft:deepslate":111,"minecraft:suspicious_gravel":50},"minecraft:killed_by":{"minecraft:fox":2}},"DataVersion":3839}