{"stats":{"minecraft:used":{"minecraft:stone_sword":36,"minecraft:bundle":1,"minecraft:stone_pickaxe":80,"minecraft:wooden_pickaxe":48,"minecraft:iron_chestplate":1,"minecraft:torch":1,"minecraft:dirt":2,"minecraft:crafting_table":4,"minecraft:wooden_axe":2,"minecraft:apple":2,"minecraft:item_frame":1,"minecraft:stone_axe":147,"minecraft:cobblestone":47,"regions_unexplored:larch_planks":131},"minecraft:custom":{"minecraft:interact_with_smithing_table":2,"lootr:looted_stat":7,"minecraft:mob_kills":1,"minecraft:interact_with_anvil":2,"minecraft:traded_with_villager":1,"minecraft:interact_with_crafting_table":7,"minecraft:tune_noteblock":2,"minecraft:bell_ring":1,"minecraft:damage_dealt_resisted":1013,"minecraft:interact_with_stonecutter":2,"minecraft:leave_game":3,"minecraft:time_since_death":94863,"minecraft:climb_one_cm":103,"minecraft:hex":0,"minecraft:time_since_rest":94888,"minecraft:sprint_one_cm":41182,"minecraft:damage_taken":321,"minecraft:walk_one_cm":81910,"minecraft:drop":10,"minecraft:damage_dealt":450,"minecraft:damage_dealt_absorbed":484,"minecraft:swim_one_cm":22229,"minecraft:talked_to_villager":24,"minecraft:fly_one_cm":69139,"minecraft:crouch_one_cm":1310,"minecraft:play_time":118210,"minecraft:deaths":1,"minecraft:sneak_time":996,"minecraft:walk_under_water_one_cm":5744,"minecraft:jump":663,"minecraft:interact_with_brewingstand":1,"minecraft:interact_with_blast_furnace":1,"minecraft:walk_on_water_one_cm":22231,"minecraft:total_world_time":118210,"minecraft:fall_one_cm":9547},"minecraft:broken":{"minecraft:wooden_pickaxe":1},"minecraft:killed":{"minecraft:villager":1},"minecraft:mined":{"minecraft:dark_oak_planks":1,"minecraft:crafting_table":4,"regions_unexplored:larch_planks":135,"minecraft:jungle_planks":1,"minecraft:kelp":1,"minecraft:moss_block":2,"minecraft:bricks":1,"minecraft:spruce_stairs":1,"minecraft:iron_ore":3,"minecraft:orange_stained_glass_pane":1,"mythicmetals:tin_ore":1,"regions_unexplored:larch_leaves":23,"minecraft:coal_ore":37,"minecraft:dirt":2,"regions_unexplored:larch_log":13,"minecraft:stone":81,"regions_unexplored:larch_shrub":1},"minecraft:killed_by":{"minecraft:zombie":1},"minecraft:crafted":{"minecraft:crafting_table":1,"minecraft:wooden_pickaxe":2,"regions_unexplored:larch_planks":52,"minecraft:stone_axe":4,"minecraft:air":0,"minecraft:iron_chestplate":2,"minecraft:iron_axe":1,"minecraft:stick":4,"minecraft:iron_ingot":3,"minecraft:stone_pickaxe":2,"minecraft:wooden_axe":2,"mythicmetals:tin_ingot":1},"minecraft:dropped":{"minecraft:bread":7,"minecraft:stone_axe":1,"minecraft:stone_sword":3,"minecraft:apple":9,"minecraft:item_frame":1,"minecraft:torch":1,"minecraft:leather_boots":1,"minecraft:sand":3},"minecraft:picked_up":{"minecraft:crafting_table":4,"regions_unexplored:larch_planks":128,"minecraft:potato":5,"minecraft:lapis_lazuli":6,"minecraft:dirt":2,"minecraft:moss_carpet":1,"minecraft:leather_boots":1,"minecraft:item_frame":2,"minecraft:apple":9,"regions_unexplored:larch_log":13,"regions_unexplored:larch_sapling":1,"minecraft:player_head":1,"regions_unexplored:larch_shrub":1,"minecraft:moss_block":1,"minecraft:iron_sword":1,"minecraft:stick":2,"minecraft:raw_iron":3,"minecraft:torch":1,"minecraft:spruce_stairs":1,"minecraft:sand":3,"minecraft:jungle_planks":1,"mythicmetals:raw_tin":1,"minecraft:carrot":1,"minecraft:dark_oak_planks":1,"minecraft:stone_sword":4,"minecraft:emerald":1,"minecraft:bread":7,"minecraft:oak_sapling":1,"minecraft:coal":32,"minecraft:cobblestone":79}},"DataVersion":3465}