{"stats":{"minecraft:killed":{"minecraft:wolf":2,"minecraft:spider":3,"minecraft:creeper":1,"minecraft:zombie":1,"minecraft:goat":2},"minecraft:dropped":{"minecraft:amethyst_block":2,"minecraft:disc_fragment_5":1,"minecraft:grass_block":1,"minecraft:coal":3,"minecraft:dirt":3,"minecraft:diorite":17,"minecraft:chest":1,"minecraft:bone_meal":3,"minecraft:iron_pickaxe":1,"minecraft:heartbreak_pottery_sherd":2},"minecraft:used":{"minecraft:writable_book":3,"minecraft:stone_pickaxe":504,"minecraft:wooden_pickaxe":20,"minecraft:white_terracotta":2,"minecraft:wooden_shovel":50,"minecraft:crafting_table":1,"minecraft:mushroom_stew":16,"minecraft:tuff":1,"minecraft:snowball":1,"minecraft:wooden_axe":54,"minecraft:apple":2,"minecraft:dark_oak_log":3,"minecraft:melon_slice":3,"minecraft:iron_pickaxe":479,"minecraft:stone_axe":22,"minecraft:calcite":1,"minecraft:bone_meal":6},"minecraft:custom":{"minecraft:interact_with_furnace":13,"minecraft:mob_kills":13,"minecraft:interact_with_crafting_table":29,"minecraft:time_since_death":9824,"minecraft:time_since_rest":9866,"minecraft:sprint_one_cm":121498,"minecraft:damage_taken":1721,"minecraft:walk_one_cm":245824,"minecraft:drop":16,"minecraft:damage_dealt":3347,"minecraft:fly_one_cm":159586,"minecraft:open_chest":109,"minecraft:crouch_one_cm":2920,"minecraft:play_time":86483,"minecraft:deaths":2,"minecraft:sneak_time":1283,"minecraft:jump":659,"minecraft:walk_on_water_one_cm":678,"minecraft:total_world_time":86483,"minecraft:fall_one_cm":12453},"minecraft:broken":{"minecraft:stone_pickaxe":3,"minecraft:leather_helmet":1,"minecraft:wooden_shovel":1,"minecraft:wooden_axe":1},"minecraft:picked_up":{"minecraft:birch_log":14,"minecraft:feather":3,"minecraft:chicken":1,"minecraft:clay_ball":20,"minecraft:andesite":31,"minecraft:mushroom_stew":2,"minecraft:tuff":16,"minecraft:oak_log":20,"minecraft:amethyst_block":24,"minecraft:lapis_lazuli":25,"minecraft:dirt":69,"minecraft:raw_copper":96,"minecraft:deepslate_tiles":9,"minecraft:cobbled_deepslate":40,"minecraft:raw_gold":3,"minecraft:iron_ingot":3,"minecraft:calcite":35,"minecraft:iron_pickaxe":1,"minecraft:chest":10,"minecraft:birch_sapling":1,"minecraft:egg":3,"minecraft:golden_helmet":1,"minecraft:raw_iron":34,"minecraft:smooth_basalt":15,"minecraft:sweet_berries":1,"minecraft:raw_iron_block":1,"minecraft:dripstone_block":7,"minecraft:gravel":13,"minecraft:diorite":18,"minecraft:spruce_log":10,"minecraft:dark_oak_log":11,"minecraft:leather_helmet":1,"minecraft:diamond":1,"minecraft:writable_book":1,"minecraft:deepslate_bricks":12,"minecraft:granite":33,"minecraft:white_terracotta":6,"minecraft:terracotta":11,"minecraft:oak_sapling":1,"minecraft:host_armor_trim_smithing_template":1,"minecraft:coal":17,"minecraft:snowball":45,"minecraft:heartbreak_pottery_sherd":2,"minecraft:cobblestone":92},"minecraft:crafted":{"minecraft:oak_planks":64,"minecraft:wooden_shovel":1,"minecraft:crafting_table":1,"minecraft:spruce_planks":40,"minecraft:wooden_pickaxe":1,"minecraft:bowl":4,"minecraft:bone_meal":9,"minecraft:birch_planks":48,"minecraft:stone_axe":3,"minecraft:stick":28,"minecraft:iron_ingot":13,"minecraft:iron_pickaxe":4,"minecraft:stone_pickaxe":5,"minecraft:wooden_axe":1},"minecraft:mined":{"minecraft:podzol":18,"minecraft:deepslate_tiles":10,"minecraft:diamond_ore":1,"minecraft:tuff":14,"minecraft:oak_sapling":1,"minecraft:snow_block":5,"minecraft:dark_oak_log":11,"minecraft:powder_snow":5,"minecraft:clay":18,"minecraft:granite":53,"minecraft:budding_amethyst":11,"minecraft:grass_block":96,"minecraft:calcite":51,"minecraft:decorated_pot":1,"minecraft:melon":3,"minecraft:chest":10,"minecraft:deepslate_bricks":14,"minecraft:copper_ore":42,"minecraft:deepslate_coal_ore":16,"minecraft:deepslate_gold_ore":5,"minecraft:diorite":36,"minecraft:amethyst_block":46,"minecraft:deepslate_copper_ore":6,"minecraft:white_terracotta":8,"minecraft:raw_iron_block":1,"minecraft:spruce_sapling":1,"minecraft:raw_gold_block":2,"minecraft:birch_log":25,"minecraft:iron_ore":22,"minecraft:blue_ice":16,"minecraft:spruce_log":17,"minecraft:andesite":38,"minecraft:pumpkin":1,"minecraft:deepslate_lapis_ore":4,"minecraft:coal_ore":13,"minecraft:oak_log":43,"minecraft:deepslate_iron_ore":17,"minecraft:gravel":38,"minecraft:dripstone_block":7,"minecraft:dirt":27,"minecraft:packed_ice":16,"minecraft:smooth_basalt":21,"minecraft:terracotta":12,"minecraft:stone":139,"minecraft:gold_ore":1,"minecraft:deepslate":57,"minecraft:suspicious_gravel":26},"minecraft:killed_by":{"minecraft:fox":2}},"DataVersion":3839}