{"stats":{"minecraft:killed":{"minecraft:wolf":2,"minecraft:spider":3,"minecraft:goat":2},"minecraft:dropped":{"minecraft:disc_fragment_5":1,"minecraft:grass_block":1,"minecraft:coal":3,"minecraft:dirt":3,"minecraft:diorite":17,"minecraft:chest":1,"minecraft:bone_meal":3,"minecraft:iron_pickaxe":1,"minecraft:heartbreak_pottery_sherd":2},"minecraft:used":{"minecraft:writable_book":3,"minecraft:stone_pickaxe":464,"minecraft:wooden_pickaxe":20,"minecraft:white_terracotta":2,"minecraft:wooden_shovel":50,"minecraft:crafting_table":1,"minecraft:mushroom_stew":12,"minecraft:snowball":1,"minecraft:wooden_axe":54,"minecraft:apple":2,"minecraft:iron_pickaxe":266,"minecraft:bone_meal":6},"minecraft:custom":{"minecraft:interact_with_furnace":9,"minecraft:mob_kills":11,"minecraft:interact_with_crafting_table":20,"minecraft:time_since_death":62483,"minecraft:time_since_rest":62483,"minecraft:sprint_one_cm":78530,"minecraft:damage_taken":957,"minecraft:walk_one_cm":169323,"minecraft:drop":14,"minecraft:damage_dealt":2302,"minecraft:fly_one_cm":98709,"minecraft:open_chest":62,"minecraft:crouch_one_cm":2823,"minecraft:play_time":62483,"minecraft:sneak_time":1270,"minecraft:jump":416,"minecraft:walk_on_water_one_cm":526,"minecraft:total_world_time":62483,"minecraft:fall_one_cm":8931},"minecraft:broken":{"minecraft:stone_pickaxe":3,"minecraft:leather_helmet":1,"minecraft:wooden_shovel":1,"minecraft:wooden_axe":1},"minecraft:picked_up":{"minecraft:birch_log":12,"minecraft:feather":3,"minecraft:chicken":1,"minecraft:clay_ball":20,"minecraft:andesite":24,"minecraft:mushroom_stew":1,"minecraft:tuff":1,"minecraft:oak_log":13,"minecraft:amethyst_block":10,"minecraft:lapis_lazuli":4,"minecraft:dirt":67,"minecraft:raw_copper":67,"minecraft:cobbled_deepslate":13,"minecraft:iron_ingot":3,"minecraft:calcite":22,"minecraft:iron_pickaxe":1,"minecraft:chest":5,"minecraft:birch_sapling":1,"minecraft:egg":3,"minecraft:raw_iron":17,"minecraft:smooth_basalt":7,"minecraft:raw_iron_block":1,"minecraft:dripstone_block":7,"minecraft:gravel":13,"minecraft:diorite":17,"minecraft:spruce_log":10,"minecraft:leather_helmet":1,"minecraft:writable_book":1,"minecraft:deepslate_bricks":5,"minecraft:granite":32,"minecraft:white_terracotta":6,"minecraft:terracotta":11,"minecraft:host_armor_trim_smithing_template":1,"minecraft:coal":2,"minecraft:snowball":20,"minecraft:heartbreak_pottery_sherd":2,"minecraft:cobblestone":76},"minecraft:crafted":{"minecraft:oak_planks":40,"minecraft:wooden_shovel":1,"minecraft:crafting_table":1,"minecraft:spruce_planks":40,"minecraft:wooden_pickaxe":1,"minecraft:bone_meal":9,"minecraft:birch_planks":48,"minecraft:stick":20,"minecraft:iron_pickaxe":2,"minecraft:stone_pickaxe":5,"minecraft:wooden_axe":1},"minecraft:mined":{"minecraft:podzol":17,"minecraft:tuff":2,"minecraft:oak_sapling":1,"minecraft:snow_block":5,"minecraft:dark_oak_log":1,"minecraft:powder_snow":5,"minecraft:clay":18,"minecraft:granite":52,"minecraft:budding_amethyst":3,"minecraft:grass_block":96,"minecraft:calcite":38,"minecraft:decorated_pot":1,"minecraft:melon":3,"minecraft:chest":8,"minecraft:deepslate_bricks":7,"minecraft:copper_ore":41,"minecraft:diorite":35,"minecraft:amethyst_block":32,"minecraft:deepslate_copper_ore":2,"minecraft:white_terracotta":8,"minecraft:raw_iron_block":1,"minecraft:spruce_sapling":1,"minecraft:raw_gold_block":2,"minecraft:birch_log":23,"minecraft:iron_ore":22,"minecraft:blue_ice":16,"minecraft:spruce_log":17,"minecraft:andesite":31,"minecraft:pumpkin":1,"minecraft:deepslate_lapis_ore":2,"minecraft:coal_ore":13,"minecraft:oak_log":36,"minecraft:gravel":38,"minecraft:dripstone_block":7,"minecraft:dirt":26,"minecraft:packed_ice":16,"minecraft:smooth_basalt":13,"minecraft:terracotta":12,"minecraft:stone":122,"minecraft:gold_ore":1,"minecraft:deepslate":25,"minecraft:suspicious_gravel":21}},"DataVersion":3839}