{"stats":{"minecraft:used":{"minecraft:wooden_axe":2,"minecraft:apple":2,"minecraft:stone_sword":28,"minecraft:bundle":1,"minecraft:stone_pickaxe":78,"minecraft:wooden_pickaxe":48,"minecraft:stone_axe":1,"minecraft:torch":1,"minecraft:dirt":2,"minecraft:cobblestone":4,"minecraft:crafting_table":2},"minecraft:custom":{"minecraft:time_since_rest":62918,"minecraft:sprint_one_cm":12736,"minecraft:damage_taken":321,"minecraft:walk_one_cm":40088,"minecraft:drop":5,"minecraft:damage_dealt":224,"minecraft:swim_one_cm":3182,"minecraft:interact_with_crafting_table":5,"minecraft:damage_dealt_absorbed":244,"minecraft:fly_one_cm":25524,"minecraft:crouch_one_cm":32,"minecraft:play_time":86240,"minecraft:deaths":1,"minecraft:sneak_time":30,"minecraft:walk_under_water_one_cm":2045,"minecraft:jump":193,"minecraft:damage_dealt_resisted":300,"minecraft:walk_on_water_one_cm":8363,"minecraft:leave_game":1,"minecraft:time_since_death":62893,"minecraft:total_world_time":86240,"minecraft:hex":0,"minecraft:fall_one_cm":6012},"minecraft:broken":{"minecraft:wooden_pickaxe":1},"minecraft:mined":{"minecraft:iron_ore":3,"mythicmetals:tin_ore":1,"regions_unexplored:larch_leaves":23,"minecraft:crafting_table":2,"minecraft:coal_ore":37,"minecraft:dirt":2,"regions_unexplored:larch_log":13,"minecraft:stone":81,"minecraft:moss_block":2,"regions_unexplored:larch_shrub":1},"minecraft:killed_by":{"minecraft:zombie":1},"minecraft:crafted":{"minecraft:crafting_table":1,"minecraft:stick":4,"minecraft:wooden_pickaxe":2,"minecraft:stone_pickaxe":2,"minecraft:wooden_axe":2,"regions_unexplored:larch_planks":52,"minecraft:stone_axe":2},"minecraft:dropped":{"minecraft:bread":7,"minecraft:stone_sword":1,"minecraft:torch":1,"minecraft:leather_boots":1,"minecraft:apple":9},"minecraft:picked_up":{"minecraft:raw_iron":3,"minecraft:stick":2,"minecraft:crafting_table":2,"minecraft:torch":1,"minecraft:sand":3,"mythicmetals:raw_tin":1,"minecraft:moss_carpet":1,"minecraft:carrot":1,"minecraft:lapis_lazuli":6,"minecraft:dirt":2,"minecraft:leather_boots":1,"minecraft:stone_sword":1,"minecraft:apple":9,"minecraft:emerald":1,"regions_unexplored:larch_log":13,"minecraft:player_head":1,"regions_unexplored:larch_sapling":1,"minecraft:bread":7,"regions_unexplored:larch_shrub":1,"minecraft:oak_sapling":1,"minecraft:moss_block":1,"minecraft:coal":32,"minecraft:cobblestone":79}},"DataVersion":3465}