{"stats":{"minecraft:dropped":{"minecraft:dirt":3,"minecraft:chest":1},"minecraft:used":{"minecraft:stone_pickaxe":54,"minecraft:wooden_pickaxe":20,"minecraft:wooden_shovel":5},"minecraft:custom":{"minecraft:time_since_rest":14483,"minecraft:interact_with_furnace":1,"minecraft:sprint_one_cm":7097,"minecraft:damage_taken":35,"minecraft:walk_one_cm":37917,"minecraft:drop":4,"minecraft:damage_dealt":273,"minecraft:fly_one_cm":11639,"minecraft:interact_with_crafting_table":9,"minecraft:open_chest":10,"minecraft:crouch_one_cm":457,"minecraft:play_time":14483,"minecraft:sneak_time":485,"minecraft:jump":61,"minecraft:time_since_death":14483,"minecraft:total_world_time":14483,"minecraft:fall_one_cm":418},"minecraft:picked_up":{"minecraft:birch_log":8,"minecraft:clay_ball":16,"minecraft:andesite":4,"minecraft:gravel":5,"minecraft:oak_log":7,"minecraft:dirt":20,"minecraft:leather_helmet":1,"minecraft:raw_copper":14,"minecraft:granite":1,"minecraft:calcite":4,"minecraft:chest":2,"minecraft:coal":1,"minecraft:cobblestone":18,"minecraft:egg":1},"minecraft:crafted":{"minecraft:oak_planks":28,"minecraft:wooden_shovel":1,"minecraft:stick":8,"minecraft:wooden_pickaxe":1,"minecraft:stone_pickaxe":1,"minecraft:wooden_axe":1,"minecraft:birch_planks":16},"minecraft:mined":{"minecraft:podzol":12,"minecraft:birch_log":17,"minecraft:andesite":6,"minecraft:pumpkin":1,"minecraft:clay":17,"minecraft:granite":2,"minecraft:calcite":4,"minecraft:oak_log":23,"minecraft:grass_block":45,"minecraft:coal_ore":2,"minecraft:melon":3,"minecraft:chest":4,"minecraft:gravel":19,"minecraft:dirt":5,"minecraft:copper_ore":11,"minecraft:smooth_basalt":1,"minecraft:stone":24,"minecraft:diorite":2}},"DataVersion":3839}