{"stats":{"minecraft:killed":{"minecraft:spider":3},"minecraft:dropped":{"minecraft:dirt":3,"minecraft:chest":1,"minecraft:coal":3},"minecraft:used":{"minecraft:wooden_axe":28,"minecraft:writable_book":1,"minecraft:apple":2,"minecraft:stone_pickaxe":407,"minecraft:wooden_pickaxe":20,"minecraft:wooden_shovel":27,"minecraft:mushroom_stew":4},"minecraft:broken":{"minecraft:stone_pickaxe":2},"minecraft:custom":{"minecraft:time_since_rest":38483,"minecraft:interact_with_furnace":4,"minecraft:sprint_one_cm":25401,"minecraft:damage_taken":354,"minecraft:walk_one_cm":108368,"minecraft:mob_kills":7,"minecraft:drop":5,"minecraft:damage_dealt":1225,"minecraft:fly_one_cm":39745,"minecraft:interact_with_crafting_table":16,"minecraft:open_chest":48,"minecraft:crouch_one_cm":619,"minecraft:play_time":38483,"minecraft:sneak_time":814,"minecraft:jump":200,"minecraft:walk_on_water_one_cm":418,"minecraft:time_since_death":38483,"minecraft:total_world_time":38483,"minecraft:fall_one_cm":3885},"minecraft:picked_up":{"minecraft:birch_log":12,"minecraft:smooth_basalt":2,"minecraft:raw_iron":10,"minecraft:feather":3,"minecraft:chicken":1,"minecraft:clay_ball":16,"minecraft:andesite":22,"minecraft:raw_iron_block":1,"minecraft:gravel":6,"minecraft:mushroom_stew":1,"minecraft:oak_log":10,"minecraft:diorite":2,"minecraft:spruce_log":5,"minecraft:amethyst_block":8,"minecraft:dirt":46,"minecraft:leather_helmet":1,"minecraft:raw_copper":46,"minecraft:granite":10,"minecraft:calcite":17,"minecraft:white_terracotta":1,"minecraft:terracotta":5,"minecraft:snowball":1,"minecraft:host_armor_trim_smithing_template":1,"minecraft:chest":5,"minecraft:birch_sapling":1,"minecraft:coal":2,"minecraft:cobblestone":57,"minecraft:egg":3},"minecraft:crafted":{"minecraft:oak_planks":40,"minecraft:wooden_shovel":1,"minecraft:stick":16,"minecraft:wooden_pickaxe":1,"minecraft:stone_pickaxe":5,"minecraft:wooden_axe":1,"minecraft:birch_planks":16},"minecraft:mined":{"minecraft:podzol":14,"minecraft:raw_iron_block":1,"minecraft:white_terracotta":3,"minecraft:iron_ore":14,"minecraft:birch_log":21,"minecraft:blue_ice":6,"minecraft:spruce_log":6,"minecraft:andesite":29,"minecraft:powder_snow":2,"minecraft:pumpkin":1,"minecraft:clay":17,"minecraft:granite":27,"minecraft:budding_amethyst":1,"minecraft:calcite":26,"minecraft:oak_log":32,"minecraft:grass_block":76,"minecraft:coal_ore":9,"minecraft:melon":3,"minecraft:chest":8,"minecraft:gravel":26,"minecraft:dirt":22,"minecraft:packed_ice":13,"minecraft:copper_ore":32,"minecraft:smooth_basalt":6,"minecraft:terracotta":5,"minecraft:stone":89,"minecraft:diorite":18,"minecraft:suspicious_gravel":6,"minecraft:amethyst_block":26}},"DataVersion":3839}