{"stats":{"minecraft:killed":{"minecraft:wolf":2,"minecraft:spider":3,"minecraft:goat":2},"minecraft:dropped":{"minecraft:disc_fragment_5":1,"minecraft:grass_block":1,"minecraft:coal":3,"minecraft:dirt":3,"minecraft:diorite":17,"minecraft:chest":1,"minecraft:bone_meal":3,"minecraft:iron_pickaxe":1,"minecraft:heartbreak_pottery_sherd":2},"minecraft:used":{"minecraft:writable_book":3,"minecraft:stone_pickaxe":499,"minecraft:wooden_pickaxe":20,"minecraft:white_terracotta":2,"minecraft:wooden_shovel":50,"minecraft:crafting_table":1,"minecraft:mushroom_stew":14,"minecraft:tuff":1,"minecraft:snowball":1,"minecraft:wooden_axe":54,"minecraft:apple":2,"minecraft:melon_slice":3,"minecraft:iron_pickaxe":336,"minecraft:stone_axe":7,"minecraft:calcite":1,"minecraft:bone_meal":6},"minecraft:custom":{"minecraft:interact_with_furnace":11,"minecraft:mob_kills":11,"minecraft:interact_with_crafting_table":26,"minecraft:time_since_death":11335,"minecraft:time_since_rest":11368,"minecraft:sprint_one_cm":103787,"minecraft:damage_taken":1355,"minecraft:walk_one_cm":212539,"minecraft:drop":14,"minecraft:damage_dealt":2611,"minecraft:fly_one_cm":126186,"minecraft:open_chest":86,"minecraft:crouch_one_cm":2823,"minecraft:play_time":74483,"minecraft:deaths":1,"minecraft:sneak_time":1270,"minecraft:jump":529,"minecraft:walk_on_water_one_cm":526,"minecraft:total_world_time":74483,"minecraft:fall_one_cm":11617},"minecraft:broken":{"minecraft:stone_pickaxe":3,"minecraft:leather_helmet":1,"minecraft:wooden_shovel":1,"minecraft:wooden_axe":1},"minecraft:picked_up":{"minecraft:birch_log":12,"minecraft:feather":3,"minecraft:chicken":1,"minecraft:clay_ball":20,"minecraft:andesite":26,"minecraft:mushroom_stew":2,"minecraft:tuff":14,"minecraft:oak_log":16,"minecraft:amethyst_block":19,"minecraft:lapis_lazuli":11,"minecraft:dirt":68,"minecraft:raw_copper":91,"minecraft:deepslate_tiles":5,"minecraft:cobbled_deepslate":31,"minecraft:raw_gold":1,"minecraft:iron_ingot":3,"minecraft:calcite":32,"minecraft:iron_pickaxe":1,"minecraft:chest":8,"minecraft:birch_sapling":1,"minecraft:egg":3,"minecraft:raw_iron":20,"minecraft:smooth_basalt":12,"minecraft:raw_iron_block":1,"minecraft:dripstone_block":7,"minecraft:gravel":13,"minecraft:diorite":17,"minecraft:spruce_log":10,"minecraft:dark_oak_log":6,"minecraft:leather_helmet":1,"minecraft:writable_book":1,"minecraft:deepslate_bricks":7,"minecraft:granite":33,"minecraft:white_terracotta":6,"minecraft:terracotta":11,"minecraft:oak_sapling":1,"minecraft:host_armor_trim_smithing_template":1,"minecraft:coal":4,"minecraft:snowball":32,"minecraft:heartbreak_pottery_sherd":2,"minecraft:cobblestone":76},"minecraft:crafted":{"minecraft:oak_planks":56,"minecraft:wooden_shovel":1,"minecraft:crafting_table":1,"minecraft:spruce_planks":40,"minecraft:wooden_pickaxe":1,"minecraft:bone_meal":9,"minecraft:birch_planks":48,"minecraft:stone_axe":2,"minecraft:stick":24,"minecraft:iron_ingot":13,"minecraft:iron_pickaxe":3,"minecraft:stone_pickaxe":5,"minecraft:wooden_axe":1},"minecraft:mined":{"minecraft:podzol":17,"minecraft:deepslate_tiles":6,"minecraft:tuff":12,"minecraft:oak_sapling":1,"minecraft:snow_block":5,"minecraft:dark_oak_log":6,"minecraft:powder_snow":5,"minecraft:clay":18,"minecraft:granite":53,"minecraft:budding_amethyst":5,"minecraft:grass_block":96,"minecraft:calcite":48,"minecraft:decorated_pot":1,"minecraft:melon":3,"minecraft:chest":8,"minecraft:deepslate_bricks":9,"minecraft:copper_ore":41,"minecraft:deepslate_coal_ore":2,"minecraft:deepslate_gold_ore":3,"minecraft:diorite":35,"minecraft:amethyst_block":41,"minecraft:deepslate_copper_ore":6,"minecraft:white_terracotta":8,"minecraft:raw_iron_block":1,"minecraft:spruce_sapling":1,"minecraft:raw_gold_block":2,"minecraft:birch_log":23,"minecraft:iron_ore":22,"minecraft:blue_ice":16,"minecraft:spruce_log":17,"minecraft:andesite":33,"minecraft:pumpkin":1,"minecraft:deepslate_lapis_ore":2,"minecraft:coal_ore":13,"minecraft:oak_log":39,"minecraft:deepslate_iron_ore":3,"minecraft:gravel":38,"minecraft:dripstone_block":7,"minecraft:dirt":27,"minecraft:packed_ice":16,"minecraft:smooth_basalt":18,"minecraft:terracotta":12,"minecraft:stone":122,"minecraft:gold_ore":1,"minecraft:deepslate":48,"minecraft:suspicious_gravel":23},"minecraft:killed_by":{"minecraft:fox":1}},"DataVersion":3839}