{"stats":{"minecraft:killed":{"minecraft:spider":3},"minecraft:dropped":{"minecraft:dirt":3,"minecraft:chest":1},"minecraft:used":{"minecraft:wooden_axe":18,"minecraft:writable_book":1,"minecraft:apple":2,"minecraft:stone_pickaxe":235,"minecraft:wooden_pickaxe":20,"minecraft:wooden_shovel":16},"minecraft:broken":{"minecraft:stone_pickaxe":1},"minecraft:custom":{"minecraft:time_since_rest":26483,"minecraft:interact_with_furnace":3,"minecraft:sprint_one_cm":13520,"minecraft:damage_taken":120,"minecraft:walk_one_cm":71378,"minecraft:mob_kills":5,"minecraft:drop":4,"minecraft:damage_dealt":841,"minecraft:fly_one_cm":23483,"minecraft:interact_with_crafting_table":12,"minecraft:open_chest":28,"minecraft:crouch_one_cm":581,"minecraft:play_time":26483,"minecraft:sneak_time":756,"minecraft:jump":127,"minecraft:walk_on_water_one_cm":391,"minecraft:time_since_death":26483,"minecraft:total_world_time":26483,"minecraft:fall_one_cm":1881},"minecraft:picked_up":{"minecraft:birch_log":11,"minecraft:smooth_basalt":1,"minecraft:raw_iron":3,"minecraft:clay_ball":16,"minecraft:andesite":8,"minecraft:gravel":5,"minecraft:oak_log":10,"minecraft:diorite":1,"minecraft:spruce_log":1,"minecraft:dirt":29,"minecraft:leather_helmet":1,"minecraft:raw_copper":31,"minecraft:granite":10,"minecraft:calcite":8,"minecraft:chest":4,"minecraft:birch_sapling":1,"minecraft:coal":2,"minecraft:cobblestone":30,"minecraft:egg":2},"minecraft:crafted":{"minecraft:oak_planks":28,"minecraft:wooden_shovel":1,"minecraft:stick":12,"minecraft:wooden_pickaxe":1,"minecraft:stone_pickaxe":3,"minecraft:wooden_axe":1,"minecraft:birch_planks":16},"minecraft:mined":{"minecraft:podzol":14,"minecraft:iron_ore":7,"minecraft:birch_log":21,"minecraft:spruce_log":1,"minecraft:andesite":15,"minecraft:powder_snow":1,"minecraft:pumpkin":1,"minecraft:clay":17,"minecraft:granite":17,"minecraft:budding_amethyst":1,"minecraft:calcite":17,"minecraft:oak_log":32,"minecraft:grass_block":55,"minecraft:coal_ore":9,"minecraft:melon":3,"minecraft:chest":7,"minecraft:gravel":24,"minecraft:dirt":22,"minecraft:copper_ore":26,"minecraft:smooth_basalt":4,"minecraft:stone":57,"minecraft:diorite":14,"minecraft:amethyst_block":15}},"DataVersion":3839}