{"stats":{"minecraft:killed":{"minecraft:spider":7,"minecraft:skeleton":1,"minecraft:chicken":3,"minecraft:drowned":3,"minecraft:camel":2,"minecraft:magma_cube":1,"minecraft:wolf":2,"minecraft:husk":2,"minecraft:creeper":2,"minecraft:goat":2,"minecraft:zombie":5},"minecraft:dropped":{"minecraft:diamond":6,"minecraft:amethyst_block":7,"minecraft:sheep_spawn_egg":1,"minecraft:disc_fragment_5":1,"minecraft:grass_block":1,"minecraft:coal":4,"minecraft:dirt":6,"minecraft:diorite":17,"minecraft:sculk_catalyst":1,"minecraft:bone_meal":3,"minecraft:iron_pickaxe":1,"minecraft:dark_oak_planks":1,"minecraft:spruce_sapling":1,"minecraft:raw_copper":18,"minecraft:tuff":5,"minecraft:diamond_sword":2,"minecraft:trident":2,"minecraft:diamond_pickaxe":1,"minecraft:andesite":2,"minecraft:chest":2,"minecraft:frog_spawn_egg":1,"minecraft:sniffer_spawn_egg":2,"minecraft:heartbreak_pottery_sherd":2},"minecraft:used":{"minecraft:moss_block":1,"minecraft:trident":54,"minecraft:red_sand":1,"minecraft:writable_book":3,"minecraft:stone_sword":15,"minecraft:decorated_pot":1,"minecraft:chest":1,"minecraft:white_terracotta":2,"minecraft:iron_sword":46,"minecraft:wooden_shovel":50,"minecraft:dirt":1,"minecraft:prismarine_bricks":4,"minecraft:tuff":1,"minecraft:snowball":1,"minecraft:wooden_axe":54,"minecraft:rooted_dirt":2,"minecraft:calcite":1,"minecraft:amethyst_block":7,"minecraft:stone_pickaxe":513,"minecraft:oak_planks":1,"minecraft:wooden_pickaxe":20,"minecraft:deepslate_bricks":2,"minecraft:glow_berries":3,"minecraft:sand":1,"minecraft:crafting_table":1,"minecraft:mushroom_stew":52,"minecraft:red_sandstone":1,"minecraft:diamond_pickaxe":1431,"minecraft:apple":3,"minecraft:dark_oak_log":3,"minecraft:melon_slice":3,"minecraft:iron_pickaxe":636,"minecraft:red_terracotta":1,"minecraft:stone_axe":128,"minecraft:diamond_sword":1,"minecraft:cobblestone":7,"minecraft:bone_meal":6},"minecraft:custom":{"minecraft:mob_kills":35,"minecraft:inspect_hopper":12,"minecraft:interact_with_crafting_table":37,"minecraft:time_since_death":41,"minecraft:damage_resisted":90,"minecraft:sprint_one_cm":316170,"minecraft:walk_one_cm":595194,"minecraft:drop":59,"minecraft:talked_to_villager":24,"minecraft:play_time":218483,"minecraft:deaths":21,"minecraft:sneak_time":5483,"minecraft:walk_under_water_one_cm":5071,"minecraft:boat_one_cm":216,"minecraft:jump":2009,"minecraft:walk_on_water_one_cm":9862,"minecraft:total_world_time":218483,"minecraft:interact_with_furnace":15,"minecraft:time_since_rest":91,"minecraft:damage_taken":9038,"minecraft:damage_dealt":9888,"minecraft:player_kills":7,"minecraft:fly_one_cm":388483,"minecraft:open_chest":200,"minecraft:crouch_one_cm":7528,"minecraft:fall_one_cm":41181,"minecraft:horse_one_cm":1932},"minecraft:broken":{"minecraft:leather_helmet":1,"minecraft:golden_helmet":1,"minecraft:wooden_shovel":1,"minecraft:leather_leggings":1,"minecraft:stone_pickaxe":3,"minecraft:wooden_axe":1},"minecraft:picked_up":{"minecraft:chicken":1,"minecraft:clay_ball":276,"minecraft:leather_leggings":1,"minecraft:diamond_sword":2,"minecraft:amethyst_block":44,"minecraft:raw_copper":228,"minecraft:iron_axe":1,"minecraft:explorer_pottery_sherd":15,"minecraft:diamond_leggings":1,"minecraft:red_sand":40,"minecraft:deepslate_tiles":17,"minecraft:candle":35,"minecraft:cobbled_deepslate":86,"minecraft:bucket":1,"minecraft:spruce_planks":6,"minecraft:calcite":42,"minecraft:iron_pickaxe":4,"minecraft:birch_sapling":1,"minecraft:chest":18,"minecraft:egg":3,"minecraft:sniffer_spawn_egg":1,"minecraft:golden_helmet":1,"minecraft:sandstone":24,"minecraft:stick":12,"minecraft:raw_iron":52,"minecraft:brown_terracotta":2,"minecraft:acacia_log":6,"minecraft:bowl":9,"minecraft:torch":5,"minecraft:skull_pottery_sherd":10,"minecraft:frog_spawn_egg":1,"minecraft:diorite":18,"minecraft:trident":6,"minecraft:redstone":46,"minecraft:prismarine_crystals":36,"minecraft:dark_oak_planks":1,"minecraft:cactus":2,"minecraft:stone_sword":21,"minecraft:arrow":6,"minecraft:rotten_flesh":36,"minecraft:salmon_bucket":3,"minecraft:decorated_pot":6,"minecraft:deepslate_bricks":25,"minecraft:hay_block":7,"minecraft:yellow_terracotta":2,"minecraft:white_terracotta":17,"minecraft:glow_berries":4,"minecraft:host_armor_trim_smithing_template":1,"minecraft:snowball":45,"minecraft:cobblestone":100,"minecraft:heartbreak_pottery_sherd":2,"minecraft:birch_log":16,"minecraft:feather":12,"minecraft:andesite":34,"minecraft:potato":7,"minecraft:mushroom_stew":11,"minecraft:tuff":20,"minecraft:oak_log":29,"minecraft:prismarine_bricks":36,"minecraft:lapis_lazuli":39,"minecraft:dirt":75,"minecraft:orange_terracotta":11,"minecraft:bone":15,"minecraft:kelp":2,"minecraft:bow":1,"minecraft:red_sandstone":30,"minecraft:raw_gold":3,"minecraft:light_blue_dye":5,"minecraft:stone_pickaxe":11,"minecraft:iron_ingot":3,"minecraft:moss_block":2,"minecraft:prismarine":8,"minecraft:oak_planks":11,"minecraft:flowering_azalea":2,"minecraft:acacia_sapling":6,"minecraft:music_disc_chirp":1,"minecraft:green_dye":2,"minecraft:sculk_catalyst":1,"minecraft:smooth_basalt":17,"minecraft:sweet_berries":2,"minecraft:axolotl_bucket":4,"minecraft:raw_iron_block":2,"minecraft:dripstone_block":7,"minecraft:gravel":36,"minecraft:sand":63,"minecraft:dead_bush":6,"minecraft:spruce_log":12,"minecraft:lily_of_the_valley":1,"minecraft:red_terracotta":3,"minecraft:archer_pottery_sherd":16,"minecraft:sea_lantern":1,"minecraft:dark_oak_log":14,"minecraft:leather_helmet":1,"minecraft:diamond":23,"minecraft:stone_axe":1,"minecraft:writable_book":1,"minecraft:dead_bubble_coral_block":1,"minecraft:crossbow":1,"minecraft:granite":33,"minecraft:bread":11,"minecraft:emerald":6,"minecraft:terracotta":19,"minecraft:rooted_dirt":25,"minecraft:oak_sapling":2,"minecraft:melon_seeds":1,"minecraft:coal":30,"minecraft:diamond_pickaxe":2},"minecraft:crafted":{"minecraft:oak_planks":116,"minecraft:bone_meal":9,"minecraft:stone_pickaxe":5,"minecraft:chest":1,"minecraft:wooden_shovel":1,"minecraft:crafting_table":2,"minecraft:spruce_planks":56,"minecraft:wooden_pickaxe":1,"minecraft:bowl":4,"minecraft:birch_planks":48,"minecraft:stone_axe":4,"minecraft:diamond_pickaxe":2,"minecraft:stick":36,"minecraft:iron_ingot":26,"minecraft:iron_pickaxe":5,"minecraft:wooden_axe":1},"minecraft:mined":{"minecraft:dark_prismarine":45,"minecraft:deepslate_tiles":48,"minecraft:diamond_ore":5,"minecraft:tuff":53,"minecraft:oak_sapling":1,"minecraft:deepslate_diamond_ore":17,"minecraft:sculk_vein":4,"minecraft:dark_oak_log":22,"minecraft:sea_lantern":19,"minecraft:granite":74,"minecraft:budding_amethyst":24,"minecraft:acacia_log":5,"minecraft:grass_block":113,"minecraft:decorated_pot":2,"minecraft:deepslate_bricks":71,"minecraft:bubble_coral_block":7,"minecraft:tube_coral_block":10,"minecraft:moss_block":136,"minecraft:rooted_dirt":35,"minecraft:hay_block":3,"minecraft:raw_iron_block":1,"minecraft:spruce_sapling":1,"minecraft:raw_gold_block":2,"minecraft:iron_ore":48,"minecraft:andesite":66,"minecraft:green_terracotta":13,"minecraft:pumpkin":1,"minecraft:deepslate_lapis_ore":31,"minecraft:potatoes":1,"minecraft:deepslate_iron_ore":53,"minecraft:packed_ice":22,"minecraft:stone":207,"minecraft:brain_coral_block":12,"minecraft:fire_coral_block":14,"minecraft:podzol":20,"minecraft:oak_slab":1,"minecraft:cyan_terracotta":12,"minecraft:dead_bubble_coral_block":1,"minecraft:snow_block":5,"minecraft:powder_snow":5,"minecraft:clay":56,"minecraft:torch":1,"minecraft:light_gray_terracotta":17,"minecraft:sponge":11,"minecraft:calcite":86,"minecraft:melon":3,"minecraft:chest":32,"minecraft:copper_ore":89,"minecraft:cobblestone":2,"minecraft:deepslate_coal_ore":43,"minecraft:dried_kelp_block":6,"minecraft:lapis_ore":12,"minecraft:deepslate_gold_ore":22,"minecraft:prismarine":51,"minecraft:oak_planks":1,"minecraft:sculk":1,"minecraft:diorite":62,"minecraft:amethyst_block":90,"minecraft:deepslate_copper_ore":38,"minecraft:prismarine_bricks":65,"minecraft:white_terracotta":8,"minecraft:blue_terracotta":10,"minecraft:birch_log":39,"minecraft:blue_ice":16,"minecraft:spruce_log":27,"minecraft:oak_log":74,"minecraft:coal_ore":35,"minecraft:sand":42,"minecraft:gravel":56,"minecraft:dripstone_block":97,"minecraft:dirt":32,"minecraft:smooth_basalt":37,"minecraft:terracotta":12,"minecraft:gold_ore":22,"minecraft:horn_coral_block":10,"minecraft:deepslate":177,"minecraft:suspicious_gravel":72},"minecraft:killed_by":{"minecraft:husk":2,"minecraft:player":15,"minecraft:drowned":1,"minecraft:fox":2,"minecraft:vex":1}},"DataVersion":3839}