{"stats":{"minecraft:killed":{"minecraft:spider":7,"minecraft:skeleton":1,"minecraft:chicken":3,"minecraft:drowned":3,"minecraft:wolf":2,"minecraft:creeper":2,"minecraft:goat":2,"minecraft:zombie":5},"minecraft:dropped":{"minecraft:amethyst_block":7,"minecraft:sheep_spawn_egg":1,"minecraft:disc_fragment_5":1,"minecraft:grass_block":1,"minecraft:coal":3,"minecraft:dirt":6,"minecraft:diorite":17,"minecraft:sculk_catalyst":1,"minecraft:bone_meal":3,"minecraft:iron_pickaxe":1,"minecraft:dark_oak_planks":1,"minecraft:spruce_sapling":1,"minecraft:tuff":5,"minecraft:andesite":2,"minecraft:chest":2,"minecraft:frog_spawn_egg":1,"minecraft:sniffer_spawn_egg":2,"minecraft:heartbreak_pottery_sherd":2},"minecraft:used":{"minecraft:trident":13,"minecraft:writable_book":3,"minecraft:stone_sword":7,"minecraft:chest":1,"minecraft:white_terracotta":2,"minecraft:iron_sword":46,"minecraft:wooden_shovel":50,"minecraft:tuff":1,"minecraft:snowball":1,"minecraft:wooden_axe":54,"minecraft:rooted_dirt":2,"minecraft:calcite":1,"minecraft:stone_pickaxe":513,"minecraft:wooden_pickaxe":20,"minecraft:deepslate_bricks":2,"minecraft:glow_berries":3,"minecraft:crafting_table":1,"minecraft:mushroom_stew":44,"minecraft:diamond_pickaxe":1431,"minecraft:apple":3,"minecraft:dark_oak_log":3,"minecraft:melon_slice":3,"minecraft:iron_pickaxe":636,"minecraft:stone_axe":128,"minecraft:cobblestone":7,"minecraft:bone_meal":6},"minecraft:custom":{"minecraft:mob_kills":30,"minecraft:inspect_hopper":12,"minecraft:interact_with_crafting_table":36,"minecraft:time_since_death":9686,"minecraft:damage_resisted":90,"minecraft:sprint_one_cm":255322,"minecraft:walk_one_cm":481982,"minecraft:drop":29,"minecraft:play_time":182483,"minecraft:deaths":9,"minecraft:sneak_time":3374,"minecraft:walk_under_water_one_cm":5071,"minecraft:jump":1313,"minecraft:walk_on_water_one_cm":8908,"minecraft:total_world_time":182483,"minecraft:interact_with_furnace":14,"minecraft:time_since_rest":9730,"minecraft:damage_taken":5390,"minecraft:damage_dealt":8261,"minecraft:player_kills":3,"minecraft:fly_one_cm":293377,"minecraft:open_chest":187,"minecraft:crouch_one_cm":4327,"minecraft:fall_one_cm":21741},"minecraft:broken":{"minecraft:leather_helmet":1,"minecraft:golden_helmet":1,"minecraft:wooden_shovel":1,"minecraft:leather_leggings":1,"minecraft:stone_pickaxe":3,"minecraft:wooden_axe":1},"minecraft:picked_up":{"minecraft:chicken":1,"minecraft:clay_ball":76,"minecraft:leather_leggings":1,"minecraft:amethyst_block":26,"minecraft:raw_copper":116,"minecraft:iron_axe":1,"minecraft:explorer_pottery_sherd":15,"minecraft:deepslate_tiles":17,"minecraft:candle":28,"minecraft:cobbled_deepslate":85,"minecraft:bucket":1,"minecraft:spruce_planks":6,"minecraft:calcite":38,"minecraft:iron_pickaxe":3,"minecraft:birch_sapling":1,"minecraft:chest":13,"minecraft:egg":3,"minecraft:sniffer_spawn_egg":1,"minecraft:golden_helmet":1,"minecraft:raw_iron":45,"minecraft:bowl":2,"minecraft:torch":3,"minecraft:frog_spawn_egg":1,"minecraft:diorite":18,"minecraft:trident":3,"minecraft:prismarine_crystals":12,"minecraft:dark_oak_planks":1,"minecraft:stone_sword":12,"minecraft:arrow":4,"minecraft:rotten_flesh":16,"minecraft:salmon_bucket":1,"minecraft:decorated_pot":4,"minecraft:deepslate_bricks":25,"minecraft:white_terracotta":6,"minecraft:glow_berries":4,"minecraft:host_armor_trim_smithing_template":1,"minecraft:snowball":45,"minecraft:cobblestone":100,"minecraft:heartbreak_pottery_sherd":2,"minecraft:birch_log":16,"minecraft:feather":6,"minecraft:andesite":34,"minecraft:mushroom_stew":2,"minecraft:tuff":19,"minecraft:oak_log":29,"minecraft:prismarine_bricks":36,"minecraft:lapis_lazuli":30,"minecraft:dirt":73,"minecraft:bone":3,"minecraft:kelp":2,"minecraft:raw_gold":3,"minecraft:stone_pickaxe":7,"minecraft:iron_ingot":3,"minecraft:prismarine":2,"minecraft:flowering_azalea":2,"minecraft:acacia_sapling":2,"minecraft:green_dye":2,"minecraft:sculk_catalyst":1,"minecraft:smooth_basalt":17,"minecraft:sweet_berries":1,"minecraft:axolotl_bucket":1,"minecraft:raw_iron_block":2,"minecraft:dripstone_block":7,"minecraft:gravel":35,"minecraft:spruce_log":12,"minecraft:sea_lantern":1,"minecraft:dark_oak_log":14,"minecraft:leather_helmet":1,"minecraft:diamond":17,"minecraft:stone_axe":1,"minecraft:writable_book":1,"minecraft:granite":33,"minecraft:terracotta":11,"minecraft:rooted_dirt":25,"minecraft:oak_sapling":1,"minecraft:melon_seeds":1,"minecraft:coal":20},"minecraft:crafted":{"minecraft:oak_planks":116,"minecraft:bone_meal":9,"minecraft:stone_pickaxe":5,"minecraft:chest":1,"minecraft:wooden_shovel":1,"minecraft:crafting_table":2,"minecraft:spruce_planks":56,"minecraft:wooden_pickaxe":1,"minecraft:bowl":4,"minecraft:birch_planks":48,"minecraft:stone_axe":4,"minecraft:diamond_pickaxe":2,"minecraft:stick":36,"minecraft:iron_ingot":26,"minecraft:iron_pickaxe":5,"minecraft:wooden_axe":1},"minecraft:mined":{"minecraft:dark_prismarine":45,"minecraft:deepslate_tiles":48,"minecraft:diamond_ore":5,"minecraft:tuff":53,"minecraft:oak_sapling":1,"minecraft:deepslate_diamond_ore":17,"minecraft:sculk_vein":4,"minecraft:dark_oak_log":22,"minecraft:sea_lantern":19,"minecraft:granite":74,"minecraft:budding_amethyst":24,"minecraft:acacia_log":5,"minecraft:grass_block":113,"minecraft:decorated_pot":1,"minecraft:deepslate_bricks":71,"minecraft:bubble_coral_block":7,"minecraft:tube_coral_block":10,"minecraft:moss_block":136,"minecraft:rooted_dirt":35,"minecraft:raw_iron_block":1,"minecraft:spruce_sapling":1,"minecraft:raw_gold_block":2,"minecraft:iron_ore":48,"minecraft:andesite":66,"minecraft:green_terracotta":13,"minecraft:pumpkin":1,"minecraft:deepslate_lapis_ore":31,"minecraft:deepslate_iron_ore":53,"minecraft:packed_ice":22,"minecraft:stone":207,"minecraft:brain_coral_block":12,"minecraft:fire_coral_block":14,"minecraft:podzol":20,"minecraft:cyan_terracotta":12,"minecraft:dead_bubble_coral_block":1,"minecraft:snow_block":5,"minecraft:powder_snow":5,"minecraft:clay":55,"minecraft:light_gray_terracotta":17,"minecraft:sponge":11,"minecraft:calcite":86,"minecraft:melon":3,"minecraft:chest":32,"minecraft:copper_ore":89,"minecraft:cobblestone":2,"minecraft:deepslate_coal_ore":43,"minecraft:dried_kelp_block":6,"minecraft:lapis_ore":12,"minecraft:deepslate_gold_ore":22,"minecraft:prismarine":51,"minecraft:sculk":1,"minecraft:diorite":62,"minecraft:amethyst_block":90,"minecraft:deepslate_copper_ore":38,"minecraft:prismarine_bricks":65,"minecraft:white_terracotta":8,"minecraft:blue_terracotta":10,"minecraft:birch_log":39,"minecraft:blue_ice":16,"minecraft:spruce_log":27,"minecraft:oak_log":74,"minecraft:coal_ore":35,"minecraft:sand":42,"minecraft:gravel":56,"minecraft:dripstone_block":97,"minecraft:dirt":31,"minecraft:smooth_basalt":37,"minecraft:terracotta":12,"minecraft:gold_ore":22,"minecraft:horn_coral_block":10,"minecraft:deepslate":177,"minecraft:suspicious_gravel":72},"minecraft:killed_by":{"minecraft:player":6,"minecraft:drowned":1,"minecraft:fox":2}},"DataVersion":3839}