{"stats":{"minecraft:used":{"minecraft:wooden_axe":2,"minecraft:apple":2,"minecraft:stone_sword":28,"minecraft:bundle":1,"minecraft:wooden_pickaxe":48,"minecraft:torch":1,"minecraft:cobblestone":4,"minecraft:crafting_table":1},"minecraft:custom":{"minecraft:time_since_rest":50918,"minecraft:sprint_one_cm":11376,"minecraft:damage_taken":321,"minecraft:walk_one_cm":31982,"minecraft:drop":5,"minecraft:damage_dealt":224,"minecraft:swim_one_cm":3182,"minecraft:interact_with_crafting_table":3,"minecraft:damage_dealt_absorbed":244,"minecraft:fly_one_cm":21228,"minecraft:crouch_one_cm":32,"minecraft:play_time":74240,"minecraft:deaths":1,"minecraft:sneak_time":30,"minecraft:walk_under_water_one_cm":1366,"minecraft:jump":122,"minecraft:damage_dealt_resisted":300,"minecraft:walk_on_water_one_cm":7710,"minecraft:leave_game":1,"minecraft:time_since_death":50893,"minecraft:total_world_time":74240,"minecraft:hex":0,"minecraft:fall_one_cm":5594},"minecraft:broken":{"minecraft:wooden_pickaxe":1},"minecraft:mined":{"regions_unexplored:larch_leaves":23,"minecraft:crafting_table":1,"minecraft:coal_ore":16,"regions_unexplored:larch_log":13,"minecraft:stone":30,"minecraft:moss_block":2,"regions_unexplored:larch_shrub":1},"minecraft:killed_by":{"minecraft:zombie":1},"minecraft:crafted":{"minecraft:crafting_table":1,"minecraft:wooden_pickaxe":2,"minecraft:wooden_axe":2,"regions_unexplored:larch_planks":52},"minecraft:dropped":{"minecraft:bread":7,"minecraft:stone_sword":1,"minecraft:torch":1,"minecraft:leather_boots":1,"minecraft:apple":9},"minecraft:picked_up":{"minecraft:stick":2,"minecraft:crafting_table":1,"minecraft:torch":1,"minecraft:sand":1,"minecraft:lapis_lazuli":1,"minecraft:leather_boots":1,"minecraft:stone_sword":1,"minecraft:apple":9,"regions_unexplored:larch_log":13,"minecraft:player_head":1,"regions_unexplored:larch_sapling":1,"minecraft:bread":7,"regions_unexplored:larch_shrub":1,"minecraft:oak_sapling":1,"minecraft:moss_block":1,"minecraft:coal":11,"minecraft:cobblestone":28}},"DataVersion":3465}