{"stats":{"minecraft:picked_up":{"paraglider:spirit_orb":1,"minecraft:rotten_flesh":2},"minecraft:mined":{"minecraft:oak_leaves":5,"immersive_weathering:oak_leaf_pile":2},"minecraft:killed":{"restored_earth:bouldering_zombie":1},"minecraft:custom":{"minecraft:jump":29,"minecraft:time_since_rest":5253,"minecraft:sprint_one_cm":1428,"minecraft:damage_dealt":41,"minecraft:crouch_one_cm":101,"champions:champion_mobs_killed":1,"minecraft:damage_taken":192,"minecraft:play_time":5253,"minecraft:walk_one_cm":16008,"minecraft:time_since_death":5253,"minecraft:damage_absorbed":57,"minecraft:sneak_time":13,"minecraft:total_world_time":5253,"minecraft:mob_kills":1,"minecraft:fly_one_cm":901},"minecraft:used":{"minecraft:bread":4}},"DataVersion":2975}