{"stats":{"minecraft:killed":{"minecraft:spider":5,"minecraft:skeleton":1,"minecraft:chicken":1,"minecraft:wolf":2,"minecraft:creeper":2,"minecraft:goat":2,"minecraft:zombie":3},"minecraft:dropped":{"minecraft:amethyst_block":7,"minecraft:sheep_spawn_egg":1,"minecraft:disc_fragment_5":1,"minecraft:grass_block":1,"minecraft:coal":3,"minecraft:dirt":6,"minecraft:diorite":17,"minecraft:sculk_catalyst":1,"minecraft:bone_meal":3,"minecraft:iron_pickaxe":1,"minecraft:dark_oak_planks":1,"minecraft:spruce_sapling":1,"minecraft:tuff":5,"minecraft:andesite":2,"minecraft:chest":2,"minecraft:frog_spawn_egg":1,"minecraft:sniffer_spawn_egg":2,"minecraft:heartbreak_pottery_sherd":2},"minecraft:used":{"minecraft:writable_book":3,"minecraft:chest":1,"minecraft:white_terracotta":2,"minecraft:iron_sword":15,"minecraft:wooden_shovel":50,"minecraft:tuff":1,"minecraft:snowball":1,"minecraft:wooden_axe":54,"minecraft:calcite":1,"minecraft:stone_pickaxe":504,"minecraft:wooden_pickaxe":20,"minecraft:deepslate_bricks":2,"minecraft:crafting_table":1,"minecraft:mushroom_stew":28,"minecraft:diamond_pickaxe":618,"minecraft:apple":3,"minecraft:dark_oak_log":3,"minecraft:melon_slice":3,"minecraft:iron_pickaxe":636,"minecraft:stone_axe":94,"minecraft:cobblestone":7,"minecraft:bone_meal":6},"minecraft:custom":{"minecraft:mob_kills":21,"minecraft:inspect_hopper":12,"minecraft:interact_with_crafting_table":35,"minecraft:time_since_death":57824,"minecraft:sprint_one_cm":167990,"minecraft:walk_one_cm":347800,"minecraft:drop":29,"minecraft:play_time":134483,"minecraft:deaths":2,"minecraft:sneak_time":2633,"minecraft:walk_under_water_one_cm":5071,"minecraft:jump":904,"minecraft:walk_on_water_one_cm":8563,"minecraft:total_world_time":134483,"minecraft:interact_with_furnace":14,"minecraft:time_since_rest":57866,"minecraft:damage_taken":2460,"minecraft:damage_dealt":5248,"minecraft:fly_one_cm":218340,"minecraft:open_chest":162,"minecraft:crouch_one_cm":3051,"minecraft:fall_one_cm":15552},"minecraft:broken":{"minecraft:leather_helmet":1,"minecraft:golden_helmet":1,"minecraft:wooden_shovel":1,"minecraft:stone_pickaxe":3,"minecraft:wooden_axe":1},"minecraft:picked_up":{"minecraft:chicken":1,"minecraft:clay_ball":24,"minecraft:leather_leggings":1,"minecraft:amethyst_block":26,"minecraft:raw_copper":116,"minecraft:deepslate_tiles":17,"minecraft:cobbled_deepslate":83,"minecraft:calcite":37,"minecraft:iron_pickaxe":1,"minecraft:birch_sapling":1,"minecraft:chest":13,"minecraft:egg":3,"minecraft:sniffer_spawn_egg":1,"minecraft:golden_helmet":1,"minecraft:raw_iron":45,"minecraft:torch":3,"minecraft:frog_spawn_egg":1,"minecraft:diorite":18,"minecraft:dark_oak_planks":1,"minecraft:arrow":2,"minecraft:rotten_flesh":2,"minecraft:deepslate_bricks":25,"minecraft:white_terracotta":6,"minecraft:host_armor_trim_smithing_template":1,"minecraft:snowball":45,"minecraft:cobblestone":96,"minecraft:heartbreak_pottery_sherd":2,"minecraft:birch_log":16,"minecraft:feather":5,"minecraft:andesite":34,"minecraft:mushroom_stew":2,"minecraft:tuff":19,"minecraft:oak_log":29,"minecraft:lapis_lazuli":30,"minecraft:dirt":72,"minecraft:bone":3,"minecraft:kelp":2,"minecraft:raw_gold":3,"minecraft:iron_ingot":3,"minecraft:flowering_azalea":2,"minecraft:acacia_sapling":2,"minecraft:green_dye":2,"minecraft:sculk_catalyst":1,"minecraft:smooth_basalt":17,"minecraft:sweet_berries":1,"minecraft:raw_iron_block":2,"minecraft:dripstone_block":7,"minecraft:gravel":14,"minecraft:spruce_log":12,"minecraft:dark_oak_log":14,"minecraft:leather_helmet":1,"minecraft:diamond":7,"minecraft:writable_book":1,"minecraft:granite":33,"minecraft:terracotta":11,"minecraft:rooted_dirt":4,"minecraft:oak_sapling":1,"minecraft:melon_seeds":1,"minecraft:coal":18},"minecraft:crafted":{"minecraft:oak_planks":116,"minecraft:bone_meal":9,"minecraft:stone_pickaxe":5,"minecraft:chest":1,"minecraft:wooden_shovel":1,"minecraft:crafting_table":2,"minecraft:spruce_planks":48,"minecraft:wooden_pickaxe":1,"minecraft:bowl":4,"minecraft:birch_planks":48,"minecraft:stone_axe":3,"minecraft:diamond_pickaxe":1,"minecraft:stick":32,"minecraft:iron_ingot":26,"minecraft:iron_pickaxe":5,"minecraft:wooden_axe":1},"minecraft:mined":{"minecraft:deepslate_tiles":48,"minecraft:diamond_ore":4,"minecraft:tuff":35,"minecraft:oak_sapling":1,"minecraft:deepslate_diamond_ore":10,"minecraft:sculk_vein":4,"minecraft:dark_oak_log":19,"minecraft:granite":55,"minecraft:budding_amethyst":18,"minecraft:acacia_log":5,"minecraft:grass_block":104,"minecraft:decorated_pot":1,"minecraft:deepslate_bricks":71,"minecraft:moss_block":81,"minecraft:rooted_dirt":25,"minecraft:raw_iron_block":1,"minecraft:spruce_sapling":1,"minecraft:raw_gold_block":2,"minecraft:iron_ore":35,"minecraft:andesite":53,"minecraft:green_terracotta":11,"minecraft:pumpkin":1,"minecraft:deepslate_lapis_ore":25,"minecraft:deepslate_iron_ore":40,"minecraft:packed_ice":21,"minecraft:stone":178,"minecraft:podzol":18,"minecraft:snow_block":5,"minecraft:powder_snow":5,"minecraft:clay":21,"minecraft:light_gray_terracotta":13,"minecraft:calcite":75,"minecraft:melon":3,"minecraft:chest":22,"minecraft:copper_ore":66,"minecraft:cobblestone":2,"minecraft:deepslate_coal_ore":33,"minecraft:lapis_ore":8,"minecraft:deepslate_gold_ore":13,"minecraft:sculk":1,"minecraft:diorite":46,"minecraft:amethyst_block":75,"minecraft:deepslate_copper_ore":28,"minecraft:white_terracotta":8,"minecraft:birch_log":33,"minecraft:blue_ice":16,"minecraft:spruce_log":26,"minecraft:oak_log":62,"minecraft:coal_ore":32,"minecraft:gravel":38,"minecraft:dripstone_block":70,"minecraft:dirt":28,"minecraft:smooth_basalt":29,"minecraft:terracotta":12,"minecraft:gold_ore":7,"minecraft:deepslate":136,"minecraft:suspicious_gravel":50},"minecraft:killed_by":{"minecraft:fox":2}},"DataVersion":3839}