{"stats":{"minecraft:killed":{"minecraft:spider":1,"minecraft:skeleton":3,"minecraft:wolf":2,"minecraft:pig":1,"minecraft:polar_bear":2,"minecraft:goat":3,"minecraft:zombie":8,"minecraft:stray":3},"minecraft:dropped":{"minecraft:oak_slab":64,"minecraft:diamond":1,"minecraft:granite":4,"minecraft:host_armor_trim_smithing_template":1,"minecraft:stick":2,"minecraft:dirt":19,"minecraft:wooden_axe":1,"minecraft:writable_book":1,"minecraft:spruce_sapling":1,"minecraft:smooth_basalt":1,"minecraft:bone":1,"minecraft:gravel":1,"minecraft:sweet_berries":4,"minecraft:cobbled_deepslate":7,"minecraft:raw_copper":53,"minecraft:bowl":1,"minecraft:tuff":3,"minecraft:oak_planks":1,"minecraft:chest":3,"minecraft:stone_pickaxe":2,"minecraft:wooden_pickaxe":1},"minecraft:used":{"minecraft:writable_book":3,"minecraft:chest":10,"minecraft:torch":1,"minecraft:dirt":8,"minecraft:golden_chestplate":1,"minecraft:tuff":19,"minecraft:granite":8,"minecraft:snowball":20,"minecraft:frog_spawn_egg":1,"minecraft:dark_oak_planks":2,"minecraft:wooden_axe":42,"minecraft:iron_axe":109,"minecraft:smooth_basalt":2,"minecraft:golden_carrot":1,"minecraft:sweet_berries":10,"minecraft:oak_sapling":2,"minecraft:furnace":1,"minecraft:egg":1,"minecraft:cobbled_deepslate":2,"minecraft:dark_oak_sapling":2,"minecraft:calcite":2,"minecraft:amethyst_block":25,"minecraft:stone_pickaxe":116,"minecraft:wooden_pickaxe":18,"minecraft:birch_boat":3,"minecraft:llama_spawn_egg":1,"minecraft:deepslate_bricks":6,"minecraft:oak_slab":106,"minecraft:mushroom_stew":19,"minecraft:oak_log":1,"minecraft:melon_slice":7,"minecraft:iron_pickaxe":417,"minecraft:gravel":6,"minecraft:cobblestone":3,"minecraft:ice":1,"minecraft:sculk_catalyst":1,"minecraft:bone_meal":2},"minecraft:broken":{"minecraft:iron_pickaxe":1},"minecraft:custom":{"minecraft:mob_kills":23,"minecraft:animals_bred":2,"minecraft:interact_with_crafting_table":10,"minecraft:time_since_death":106445,"minecraft:sprint_one_cm":179289,"minecraft:walk_one_cm":270270,"minecraft:drop":109,"minecraft:play_time":106445,"minecraft:sneak_time":11953,"minecraft:walk_under_water_one_cm":6110,"minecraft:boat_one_cm":824,"minecraft:jump":423,"minecraft:walk_on_water_one_cm":1252,"minecraft:total_world_time":106445,"minecraft:interact_with_furnace":10,"minecraft:time_since_rest":106445,"minecraft:damage_taken":1152,"minecraft:damage_dealt":4645,"minecraft:fly_one_cm":80611,"minecraft:open_chest":94,"minecraft:crouch_one_cm":16402,"minecraft:fall_one_cm":5785},"minecraft:picked_up":{"minecraft:chicken":2,"minecraft:clay_ball":36,"minecraft:amethyst_block":66,"minecraft:string":5,"minecraft:raw_copper":155,"minecraft:deepslate_tiles":16,"minecraft:cobbled_deepslate":42,"minecraft:red_dye":4,"minecraft:calcite":23,"minecraft:azalea":4,"minecraft:iron_pickaxe":1,"minecraft:melon_slice":34,"minecraft:chest":19,"minecraft:egg":2,"minecraft:tipped_arrow":2,"minecraft:dark_oak_sapling":5,"minecraft:stick":4,"minecraft:raw_iron":27,"minecraft:sheaf_pottery_sherd":8,"minecraft:raw_gold_block":3,"minecraft:bowl":1,"minecraft:amethyst_cluster":1,"minecraft:frog_spawn_egg":1,"minecraft:diorite":31,"minecraft:dark_oak_planks":2,"minecraft:shaper_armor_trim_smithing_template":2,"minecraft:arrow":8,"minecraft:rotten_flesh":10,"minecraft:deepslate_bricks":23,"minecraft:white_terracotta":18,"minecraft:cobblestone":105,"minecraft:snowball":20,"minecraft:rail":4,"minecraft:heartbreak_pottery_sherd":5,"minecraft:birch_log":12,"minecraft:andesite":16,"minecraft:powder_snow_bucket":1,"minecraft:potato":1,"minecraft:ice":1,"minecraft:mushroom_stew":1,"minecraft:flint":6,"minecraft:tuff":35,"minecraft:oak_log":30,"minecraft:gunpowder":1,"minecraft:lapis_lazuli":123,"minecraft:dirt":120,"minecraft:paper":6,"minecraft:disc_fragment_5":2,"minecraft:bone":8,"minecraft:gray_terracotta":8,"minecraft:wheat_seeds":14,"minecraft:raw_gold":26,"minecraft:rabbit_hide":4,"minecraft:rabbit":4,"minecraft:llama_spawn_egg":1,"minecraft:flowering_azalea":2,"minecraft:oak_planks":1,"minecraft:sculk_catalyst":1,"minecraft:oak_slab":2,"minecraft:glow_lichen":2,"minecraft:smooth_basalt":17,"minecraft:pumpkin":4,"minecraft:birch_boat":4,"minecraft:sweet_berries":23,"minecraft:budding_amethyst":1,"minecraft:dripstone_block":2,"minecraft:gravel":37,"minecraft:amethyst_shard":2,"minecraft:spruce_sapling":3,"minecraft:spruce_log":13,"minecraft:spider_eye":1,"minecraft:dark_oak_log":20,"minecraft:music_disc_mall":1,"minecraft:blue_terracotta":2,"minecraft:diamond":4,"minecraft:stone_axe":1,"minecraft:writable_book":1,"minecraft:granite":32,"minecraft:terracotta":7,"minecraft:oak_sapling":6,"minecraft:coal":14},"minecraft:crafted":{"minecraft:oak_planks":92,"minecraft:golden_chestplate":1,"minecraft:furnace":1,"minecraft:iron_axe":1,"minecraft:stone_pickaxe":2,"minecraft:dark_oak_planks":20,"minecraft:oak_slab":168,"minecraft:wooden_pickaxe":1,"minecraft:birch_planks":16,"minecraft:air":0,"minecraft:diamond_pickaxe":1,"minecraft:golden_apple":1,"minecraft:raw_gold":27,"minecraft:stick":20,"minecraft:iron_ingot":17,"minecraft:iron_pickaxe":2,"minecraft:wooden_axe":1},"minecraft:mined":{"minecraft:deepslate_tiles":3,"minecraft:diamond_ore":2,"minecraft:tuff":19,"minecraft:dark_oak_log":15,"minecraft:granite":18,"minecraft:budding_amethyst":7,"minecraft:grass_block":64,"minecraft:deepslate_bricks":14,"minecraft:raw_iron_block":1,"minecraft:raw_gold_block":3,"minecraft:iron_ore":21,"minecraft:andesite":15,"minecraft:pumpkin":5,"minecraft:deepslate_lapis_ore":9,"minecraft:deepslate_iron_ore":4,"minecraft:packed_ice":9,"minecraft:stone":90,"minecraft:podzol":7,"minecraft:oak_slab":3,"minecraft:gray_terracotta":8,"minecraft:powder_snow":8,"minecraft:clay":6,"minecraft:calcite":17,"minecraft:melon":4,"minecraft:chest":18,"minecraft:copper_ore":25,"minecraft:deepslate_coal_ore":2,"minecraft:deepslate_gold_ore":16,"minecraft:diorite":28,"minecraft:amethyst_block":38,"minecraft:deepslate_copper_ore":12,"minecraft:white_terracotta":18,"minecraft:blue_terracotta":2,"minecraft:birch_log":10,"minecraft:sweet_berry_bush":2,"minecraft:spruce_log":10,"minecraft:coal_ore":8,"minecraft:oak_log":37,"minecraft:dirt":9,"minecraft:gravel":38,"minecraft:dripstone_block":2,"minecraft:smooth_basalt":13,"minecraft:terracotta":6,"minecraft:gold_ore":9,"minecraft:deepslate":28,"minecraft:suspicious_gravel":21}},"DataVersion":3839}