{"stats":{"minecraft:killed":{"minecraft:spider":1,"minecraft:zombie":2},"minecraft:dropped":{"minecraft:oak_slab":64,"minecraft:dirt":19,"minecraft:wooden_axe":1,"minecraft:wooden_pickaxe":1,"minecraft:stone_pickaxe":2},"minecraft:used":{"minecraft:amethyst_block":5,"minecraft:stone_pickaxe":116,"minecraft:chest":5,"minecraft:wooden_pickaxe":18,"minecraft:torch":1,"minecraft:dirt":3,"minecraft:oak_slab":106,"minecraft:mushroom_stew":1,"minecraft:wooden_axe":42,"minecraft:iron_axe":6,"minecraft:melon_slice":7,"minecraft:iron_pickaxe":95,"minecraft:furnace":1,"minecraft:egg":1},"minecraft:custom":{"minecraft:interact_with_furnace":6,"minecraft:mob_kills":3,"minecraft:interact_with_crafting_table":5,"minecraft:time_since_death":34445,"minecraft:time_since_rest":34445,"minecraft:sprint_one_cm":13033,"minecraft:damage_taken":167,"minecraft:walk_one_cm":72015,"minecraft:drop":24,"minecraft:damage_dealt":619,"minecraft:fly_one_cm":6344,"minecraft:open_chest":28,"minecraft:crouch_one_cm":12294,"minecraft:play_time":34445,"minecraft:sneak_time":8595,"minecraft:jump":57,"minecraft:total_world_time":34445,"minecraft:fall_one_cm":1254},"minecraft:picked_up":{"minecraft:birch_log":8,"minecraft:clay_ball":32,"minecraft:andesite":6,"minecraft:potato":1,"minecraft:mushroom_stew":1,"minecraft:flint":2,"minecraft:oak_log":22,"minecraft:amethyst_block":19,"minecraft:dirt":101,"minecraft:string":2,"minecraft:raw_copper":57,"minecraft:gray_terracotta":4,"minecraft:raw_gold":4,"minecraft:rabbit_hide":1,"minecraft:calcite":5,"minecraft:azalea":4,"minecraft:rabbit":3,"minecraft:melon_slice":34,"minecraft:chest":7,"minecraft:egg":1,"minecraft:oak_slab":2,"minecraft:raw_iron":10,"minecraft:smooth_basalt":6,"minecraft:pumpkin":4,"minecraft:gravel":21,"minecraft:spruce_sapling":1,"minecraft:diorite":12,"minecraft:spider_eye":1,"minecraft:rotten_flesh":2,"minecraft:granite":14,"minecraft:white_terracotta":11,"minecraft:coal":5,"minecraft:cobblestone":67},"minecraft:crafted":{"minecraft:oak_planks":92,"minecraft:oak_slab":168,"minecraft:wooden_pickaxe":1,"minecraft:furnace":1,"minecraft:birch_planks":16,"minecraft:air":0,"minecraft:iron_axe":1,"minecraft:stick":16,"minecraft:iron_ingot":17,"minecraft:iron_pickaxe":1,"minecraft:stone_pickaxe":2,"minecraft:wooden_axe":1},"minecraft:mined":{"minecraft:podzol":7,"minecraft:gray_terracotta":4,"minecraft:oak_slab":3,"minecraft:clay":5,"minecraft:granite":11,"minecraft:grass_block":50,"minecraft:calcite":4,"minecraft:melon":4,"minecraft:chest":8,"minecraft:copper_ore":15,"minecraft:diorite":12,"minecraft:amethyst_block":11,"minecraft:white_terracotta":11,"minecraft:birch_log":6,"minecraft:iron_ore":13,"minecraft:andesite":6,"minecraft:pumpkin":5,"minecraft:oak_log":30,"minecraft:coal_ore":7,"minecraft:gravel":21,"minecraft:dirt":9,"minecraft:smooth_basalt":4,"minecraft:stone":69,"minecraft:gold_ore":4,"minecraft:suspicious_gravel":2}},"DataVersion":3839}