{"stats":{"minecraft:killed":{"minecraft:spider":1,"minecraft:wolf":2,"minecraft:polar_bear":2,"minecraft:goat":3,"minecraft:zombie":7,"minecraft:stray":3},"minecraft:dropped":{"minecraft:oak_slab":64,"minecraft:diamond":1,"minecraft:granite":4,"minecraft:host_armor_trim_smithing_template":1,"minecraft:stick":2,"minecraft:dirt":19,"minecraft:wooden_axe":1,"minecraft:writable_book":1,"minecraft:spruce_sapling":1,"minecraft:bone":1,"minecraft:gravel":1,"minecraft:sweet_berries":4,"minecraft:raw_copper":53,"minecraft:bowl":1,"minecraft:tuff":3,"minecraft:chest":3,"minecraft:stone_pickaxe":2,"minecraft:wooden_pickaxe":1},"minecraft:used":{"minecraft:writable_book":3,"minecraft:chest":7,"minecraft:torch":1,"minecraft:dirt":8,"minecraft:golden_chestplate":1,"minecraft:tuff":19,"minecraft:granite":8,"minecraft:snowball":20,"minecraft:wooden_axe":42,"minecraft:iron_axe":74,"minecraft:smooth_basalt":2,"minecraft:golden_carrot":1,"minecraft:sweet_berries":10,"minecraft:oak_sapling":2,"minecraft:furnace":1,"minecraft:egg":1,"minecraft:dark_oak_sapling":2,"minecraft:calcite":2,"minecraft:amethyst_block":25,"minecraft:stone_pickaxe":116,"minecraft:wooden_pickaxe":18,"minecraft:birch_boat":3,"minecraft:oak_slab":106,"minecraft:mushroom_stew":14,"minecraft:oak_log":1,"minecraft:melon_slice":7,"minecraft:iron_pickaxe":346,"minecraft:gravel":6,"minecraft:ice":1,"minecraft:bone_meal":2},"minecraft:broken":{"minecraft:iron_pickaxe":1},"minecraft:custom":{"minecraft:mob_kills":18,"minecraft:animals_bred":2,"minecraft:interact_with_crafting_table":9,"minecraft:time_since_death":94445,"minecraft:sprint_one_cm":157172,"minecraft:walk_one_cm":242227,"minecraft:drop":100,"minecraft:play_time":94445,"minecraft:sneak_time":10856,"minecraft:boat_one_cm":824,"minecraft:jump":367,"minecraft:walk_on_water_one_cm":246,"minecraft:total_world_time":94445,"minecraft:interact_with_furnace":10,"minecraft:time_since_rest":94445,"minecraft:damage_taken":848,"minecraft:damage_dealt":3575,"minecraft:fly_one_cm":71377,"minecraft:open_chest":79,"minecraft:crouch_one_cm":15074,"minecraft:fall_one_cm":4974},"minecraft:picked_up":{"minecraft:chicken":1,"minecraft:clay_ball":32,"minecraft:amethyst_block":50,"minecraft:string":5,"minecraft:raw_copper":131,"minecraft:deepslate_tiles":9,"minecraft:cobbled_deepslate":34,"minecraft:calcite":21,"minecraft:azalea":4,"minecraft:iron_pickaxe":1,"minecraft:melon_slice":34,"minecraft:chest":15,"minecraft:egg":2,"minecraft:tipped_arrow":2,"minecraft:dark_oak_sapling":5,"minecraft:stick":4,"minecraft:raw_iron":24,"minecraft:sheaf_pottery_sherd":8,"minecraft:raw_gold_block":3,"minecraft:bowl":1,"minecraft:diorite":31,"minecraft:shaper_armor_trim_smithing_template":1,"minecraft:arrow":5,"minecraft:rotten_flesh":10,"minecraft:deepslate_bricks":11,"minecraft:white_terracotta":17,"minecraft:cobblestone":99,"minecraft:snowball":20,"minecraft:rail":2,"minecraft:heartbreak_pottery_sherd":5,"minecraft:birch_log":11,"minecraft:andesite":16,"minecraft:powder_snow_bucket":1,"minecraft:potato":1,"minecraft:ice":1,"minecraft:mushroom_stew":1,"minecraft:flint":6,"minecraft:tuff":25,"minecraft:oak_log":25,"minecraft:gunpowder":1,"minecraft:lapis_lazuli":48,"minecraft:dirt":117,"minecraft:paper":3,"minecraft:disc_fragment_5":2,"minecraft:bone":4,"minecraft:gray_terracotta":8,"minecraft:wheat_seeds":2,"minecraft:raw_gold":26,"minecraft:rabbit_hide":4,"minecraft:rabbit":4,"minecraft:oak_slab":2,"minecraft:glow_lichen":2,"minecraft:smooth_basalt":17,"minecraft:pumpkin":4,"minecraft:birch_boat":4,"minecraft:sweet_berries":23,"minecraft:budding_amethyst":1,"minecraft:dripstone_block":2,"minecraft:gravel":37,"minecraft:spruce_sapling":3,"minecraft:spruce_log":12,"minecraft:spider_eye":1,"minecraft:dark_oak_log":6,"minecraft:music_disc_mall":1,"minecraft:blue_terracotta":2,"minecraft:diamond":3,"minecraft:stone_axe":1,"minecraft:writable_book":1,"minecraft:granite":30,"minecraft:terracotta":7,"minecraft:oak_sapling":5,"minecraft:coal":10},"minecraft:crafted":{"minecraft:oak_planks":92,"minecraft:golden_chestplate":1,"minecraft:furnace":1,"minecraft:iron_axe":1,"minecraft:stone_pickaxe":2,"minecraft:oak_slab":168,"minecraft:wooden_pickaxe":1,"minecraft:birch_planks":16,"minecraft:air":0,"minecraft:golden_apple":1,"minecraft:raw_gold":27,"minecraft:stick":16,"minecraft:iron_ingot":17,"minecraft:iron_pickaxe":2,"minecraft:wooden_axe":1},"minecraft:mined":{"minecraft:diamond_ore":2,"minecraft:tuff":12,"minecraft:dark_oak_log":5,"minecraft:granite":18,"minecraft:budding_amethyst":4,"minecraft:grass_block":61,"minecraft:deepslate_bricks":4,"minecraft:raw_gold_block":3,"minecraft:iron_ore":19,"minecraft:andesite":15,"minecraft:pumpkin":5,"minecraft:deepslate_lapis_ore":4,"minecraft:deepslate_iron_ore":4,"minecraft:packed_ice":9,"minecraft:stone":84,"minecraft:podzol":7,"minecraft:oak_slab":3,"minecraft:gray_terracotta":8,"minecraft:powder_snow":8,"minecraft:clay":5,"minecraft:calcite":15,"minecraft:melon":4,"minecraft:chest":16,"minecraft:copper_ore":24,"minecraft:deepslate_coal_ore":1,"minecraft:deepslate_gold_ore":16,"minecraft:diorite":28,"minecraft:amethyst_block":32,"minecraft:deepslate_copper_ore":7,"minecraft:white_terracotta":18,"minecraft:blue_terracotta":2,"minecraft:birch_log":9,"minecraft:sweet_berry_bush":2,"minecraft:spruce_log":10,"minecraft:coal_ore":7,"minecraft:oak_log":31,"minecraft:dirt":9,"minecraft:gravel":38,"minecraft:dripstone_block":2,"minecraft:smooth_basalt":13,"minecraft:terracotta":6,"minecraft:gold_ore":9,"minecraft:deepslate":20,"minecraft:suspicious_gravel":15}},"DataVersion":3839}