{"stats":{"minecraft:killed":{"minecraft:wolf":1,"minecraft:spider":1,"minecraft:polar_bear":1,"minecraft:zombie":2,"minecraft:stray":2},"minecraft:dropped":{"minecraft:oak_slab":64,"minecraft:host_armor_trim_smithing_template":1,"minecraft:dirt":19,"minecraft:wooden_axe":1,"minecraft:wooden_pickaxe":1,"minecraft:stone_pickaxe":2,"minecraft:bone":1},"minecraft:used":{"minecraft:amethyst_block":5,"minecraft:stone_pickaxe":116,"minecraft:chest":5,"minecraft:wooden_pickaxe":18,"minecraft:torch":1,"minecraft:dirt":8,"minecraft:oak_slab":106,"minecraft:mushroom_stew":2,"minecraft:wooden_axe":42,"minecraft:iron_axe":24,"minecraft:melon_slice":7,"minecraft:iron_pickaxe":188,"minecraft:golden_carrot":1,"minecraft:furnace":1,"minecraft:egg":1,"minecraft:bone_meal":2,"minecraft:dark_oak_sapling":2},"minecraft:custom":{"minecraft:interact_with_furnace":7,"minecraft:mob_kills":7,"minecraft:animals_bred":1,"minecraft:interact_with_crafting_table":5,"minecraft:time_since_death":46445,"minecraft:time_since_rest":46445,"minecraft:sprint_one_cm":29181,"minecraft:damage_taken":282,"minecraft:walk_one_cm":103800,"minecraft:drop":26,"minecraft:damage_dealt":1623,"minecraft:fly_one_cm":16167,"minecraft:open_chest":44,"minecraft:crouch_one_cm":12697,"minecraft:play_time":46445,"minecraft:sneak_time":9156,"minecraft:jump":128,"minecraft:total_world_time":46445,"minecraft:fall_one_cm":2299},"minecraft:picked_up":{"minecraft:birch_log":8,"minecraft:clay_ball":32,"minecraft:andesite":14,"minecraft:potato":1,"minecraft:mushroom_stew":1,"minecraft:flint":3,"minecraft:oak_log":23,"minecraft:amethyst_block":23,"minecraft:dirt":113,"minecraft:string":2,"minecraft:raw_copper":78,"minecraft:bone":3,"minecraft:gray_terracotta":8,"minecraft:wheat_seeds":2,"minecraft:raw_gold":8,"minecraft:rabbit_hide":2,"minecraft:calcite":6,"minecraft:azalea":4,"minecraft:rabbit":4,"minecraft:melon_slice":34,"minecraft:chest":9,"minecraft:egg":2,"minecraft:tipped_arrow":1,"minecraft:sheaf_pottery_sherd":3,"minecraft:oak_slab":2,"minecraft:raw_iron":15,"minecraft:smooth_basalt":12,"minecraft:pumpkin":4,"minecraft:gravel":22,"minecraft:spruce_sapling":1,"minecraft:diorite":28,"minecraft:spruce_log":1,"minecraft:spider_eye":1,"minecraft:arrow":3,"minecraft:blue_terracotta":2,"minecraft:rotten_flesh":2,"minecraft:granite":26,"minecraft:white_terracotta":15,"minecraft:terracotta":4,"minecraft:oak_sapling":2,"minecraft:coal":8,"minecraft:cobblestone":76},"minecraft:crafted":{"minecraft:oak_planks":92,"minecraft:oak_slab":168,"minecraft:wooden_pickaxe":1,"minecraft:furnace":1,"minecraft:birch_planks":16,"minecraft:air":0,"minecraft:iron_axe":1,"minecraft:stick":16,"minecraft:iron_ingot":17,"minecraft:iron_pickaxe":1,"minecraft:stone_pickaxe":2,"minecraft:wooden_axe":1},"minecraft:mined":{"minecraft:podzol":7,"minecraft:gray_terracotta":8,"minecraft:oak_slab":3,"minecraft:powder_snow":7,"minecraft:clay":5,"minecraft:granite":15,"minecraft:grass_block":59,"minecraft:calcite":5,"minecraft:melon":4,"minecraft:chest":10,"minecraft:copper_ore":19,"minecraft:diorite":25,"minecraft:amethyst_block":13,"minecraft:white_terracotta":16,"minecraft:blue_terracotta":1,"minecraft:birch_log":7,"minecraft:iron_ore":18,"minecraft:andesite":15,"minecraft:pumpkin":5,"minecraft:oak_log":31,"minecraft:coal_ore":7,"minecraft:gravel":23,"minecraft:dirt":9,"minecraft:packed_ice":9,"minecraft:smooth_basalt":9,"minecraft:terracotta":4,"minecraft:stone":75,"minecraft:gold_ore":8,"minecraft:suspicious_gravel":7}},"DataVersion":3839}