{"stats":{"minecraft:killed":{"minecraft:wolf":2,"minecraft:spider":1,"minecraft:polar_bear":1,"minecraft:goat":2,"minecraft:zombie":2,"minecraft:stray":2},"minecraft:dropped":{"minecraft:gravel":1,"minecraft:oak_slab":64,"minecraft:granite":4,"minecraft:host_armor_trim_smithing_template":1,"minecraft:stick":2,"minecraft:dirt":19,"minecraft:wooden_axe":1,"minecraft:wooden_pickaxe":1,"minecraft:stone_pickaxe":2,"minecraft:bone":1},"minecraft:used":{"minecraft:calcite":2,"minecraft:amethyst_block":5,"minecraft:stone_pickaxe":116,"minecraft:chest":5,"minecraft:wooden_pickaxe":18,"minecraft:torch":1,"minecraft:dirt":8,"minecraft:oak_slab":106,"minecraft:mushroom_stew":4,"minecraft:granite":8,"minecraft:snowball":8,"minecraft:wooden_axe":42,"minecraft:iron_axe":31,"minecraft:melon_slice":7,"minecraft:iron_pickaxe":208,"minecraft:gravel":6,"minecraft:smooth_basalt":2,"minecraft:golden_carrot":1,"minecraft:furnace":1,"minecraft:ice":1,"minecraft:egg":1,"minecraft:bone_meal":2,"minecraft:dark_oak_sapling":2},"minecraft:custom":{"minecraft:interact_with_furnace":7,"minecraft:mob_kills":10,"minecraft:animals_bred":1,"minecraft:interact_with_crafting_table":6,"minecraft:time_since_death":58445,"minecraft:time_since_rest":58445,"minecraft:sprint_one_cm":46070,"minecraft:damage_taken":383,"minecraft:walk_one_cm":143874,"minecraft:drop":33,"minecraft:damage_dealt":1852,"minecraft:fly_one_cm":24685,"minecraft:open_chest":54,"minecraft:crouch_one_cm":12733,"minecraft:play_time":58445,"minecraft:sneak_time":9278,"minecraft:jump":175,"minecraft:total_world_time":58445,"minecraft:fall_one_cm":2508},"minecraft:picked_up":{"minecraft:birch_log":9,"minecraft:clay_ball":32,"minecraft:andesite":14,"minecraft:potato":1,"minecraft:mushroom_stew":1,"minecraft:flint":3,"minecraft:oak_log":23,"minecraft:amethyst_block":27,"minecraft:dirt":116,"minecraft:string":5,"minecraft:paper":3,"minecraft:disc_fragment_5":2,"minecraft:raw_copper":83,"minecraft:bone":3,"minecraft:gray_terracotta":8,"minecraft:wheat_seeds":2,"minecraft:raw_gold":8,"minecraft:rabbit_hide":4,"minecraft:calcite":12,"minecraft:azalea":4,"minecraft:rabbit":4,"minecraft:melon_slice":34,"minecraft:chest":11,"minecraft:egg":2,"minecraft:stick":4,"minecraft:tipped_arrow":1,"minecraft:sheaf_pottery_sherd":3,"minecraft:oak_slab":2,"minecraft:raw_iron":15,"minecraft:smooth_basalt":14,"minecraft:raw_gold_block":3,"minecraft:pumpkin":4,"minecraft:gravel":29,"minecraft:spruce_sapling":2,"minecraft:diorite":28,"minecraft:spruce_log":2,"minecraft:spider_eye":1,"minecraft:music_disc_mall":1,"minecraft:arrow":3,"minecraft:blue_terracotta":2,"minecraft:rotten_flesh":2,"minecraft:writable_book":1,"minecraft:granite":27,"minecraft:white_terracotta":15,"minecraft:terracotta":5,"minecraft:oak_sapling":3,"minecraft:snowball":8,"minecraft:rail":2,"minecraft:coal":8,"minecraft:cobblestone":78},"minecraft:crafted":{"minecraft:oak_planks":92,"minecraft:oak_slab":168,"minecraft:wooden_pickaxe":1,"minecraft:furnace":1,"minecraft:birch_planks":16,"minecraft:air":0,"minecraft:iron_axe":1,"minecraft:raw_gold":27,"minecraft:stick":16,"minecraft:iron_ingot":17,"minecraft:iron_pickaxe":1,"minecraft:stone_pickaxe":2,"minecraft:wooden_axe":1},"minecraft:mined":{"minecraft:podzol":7,"minecraft:gray_terracotta":8,"minecraft:oak_slab":3,"minecraft:powder_snow":8,"minecraft:clay":5,"minecraft:granite":15,"minecraft:grass_block":60,"minecraft:calcite":6,"minecraft:melon":4,"minecraft:chest":12,"minecraft:copper_ore":19,"minecraft:diorite":25,"minecraft:amethyst_block":18,"minecraft:white_terracotta":16,"minecraft:blue_terracotta":2,"minecraft:raw_gold_block":3,"minecraft:birch_log":8,"minecraft:iron_ore":19,"minecraft:andesite":15,"minecraft:pumpkin":5,"minecraft:oak_log":31,"minecraft:coal_ore":7,"minecraft:gravel":29,"minecraft:dirt":9,"minecraft:packed_ice":9,"minecraft:smooth_basalt":10,"minecraft:terracotta":4,"minecraft:stone":77,"minecraft:gold_ore":8,"minecraft:suspicious_gravel":10}},"DataVersion":3839}