{"stats":{"minecraft:killed":{"minecraft:zombie":2},"minecraft:dropped":{"minecraft:dirt":19,"minecraft:oak_slab":64,"minecraft:wooden_pickaxe":1},"minecraft:used":{"minecraft:wooden_axe":42,"minecraft:melon_slice":7,"minecraft:stone_pickaxe":43,"minecraft:chest":4,"minecraft:wooden_pickaxe":18,"minecraft:torch":1,"minecraft:dirt":3,"minecraft:oak_slab":106,"minecraft:furnace":1},"minecraft:custom":{"minecraft:time_since_rest":22445,"minecraft:interact_with_furnace":1,"minecraft:sprint_one_cm":7561,"minecraft:damage_taken":145,"minecraft:walk_one_cm":42605,"minecraft:mob_kills":2,"minecraft:drop":21,"minecraft:damage_dealt":190,"minecraft:interact_with_crafting_table":4,"minecraft:fly_one_cm":2586,"minecraft:open_chest":15,"minecraft:crouch_one_cm":10589,"minecraft:play_time":22445,"minecraft:sneak_time":5284,"minecraft:jump":21,"minecraft:time_since_death":22445,"minecraft:total_world_time":22445,"minecraft:fall_one_cm":209},"minecraft:picked_up":{"minecraft:birch_log":7,"minecraft:smooth_basalt":1,"minecraft:oak_slab":2,"minecraft:raw_iron":1,"minecraft:clay_ball":28,"minecraft:pumpkin":3,"minecraft:andesite":3,"minecraft:potato":1,"minecraft:gravel":11,"minecraft:mushroom_stew":1,"minecraft:flint":1,"minecraft:oak_log":17,"minecraft:spruce_sapling":1,"minecraft:diorite":4,"minecraft:amethyst_block":2,"minecraft:dirt":67,"minecraft:raw_copper":39,"minecraft:rotten_flesh":2,"minecraft:granite":3,"minecraft:azalea":4,"minecraft:melon_slice":34,"minecraft:chest":6,"minecraft:coal":2,"minecraft:cobblestone":26},"minecraft:crafted":{"minecraft:oak_slab":168,"minecraft:oak_planks":92,"minecraft:stick":8,"minecraft:wooden_pickaxe":1,"minecraft:stone_pickaxe":2,"minecraft:wooden_axe":1,"minecraft:furnace":1,"minecraft:birch_planks":16},"minecraft:mined":{"minecraft:podzol":7,"minecraft:oak_slab":3,"minecraft:iron_ore":1,"minecraft:birch_log":4,"minecraft:andesite":3,"minecraft:pumpkin":4,"minecraft:clay":4,"minecraft:granite":2,"minecraft:coal_ore":2,"minecraft:grass_block":38,"minecraft:oak_log":27,"minecraft:melon":4,"minecraft:chest":5,"minecraft:dirt":1,"minecraft:gravel":13,"minecraft:copper_ore":9,"minecraft:stone":28,"minecraft:diorite":2,"minecraft:amethyst_block":2}},"DataVersion":3839}