{"stats":{"minecraft:killed":{"minecraft:witch":3,"minecraft:spider":5,"minecraft:skeleton":151,"minecraft:chicken":1,"minecraft:camel":1,"minecraft:wolf":2,"minecraft:pig":1,"minecraft:zombie_villager":2,"minecraft:creeper":119,"minecraft:pillager":2,"minecraft:goat":3,"minecraft:zombie":146,"minecraft:stray":3,"minecraft:vex":3,"minecraft:vindicator":1,"minecraft:drowned":1,"minecraft:husk":7,"minecraft:wandering_trader":1,"minecraft:polar_bear":2},"minecraft:dropped":{"minecraft:moss_block":13,"minecraft:lapis_lazuli":2,"minecraft:diamond":4,"minecraft:red_sandstone":1,"minecraft:rooted_dirt":3,"minecraft:host_armor_trim_smithing_template":1,"minecraft:cyan_terracotta":2,"minecraft:dirt":21,"minecraft:writable_book":1,"minecraft:sand":5,"minecraft:iron_pickaxe":2,"minecraft:birch_log":1,"minecraft:bone":1,"minecraft:gravel":1,"minecraft:stone_axe":1,"minecraft:cobbled_deepslate":14,"minecraft:pointed_dripstone":2,"minecraft:rotten_flesh":1,"minecraft:oak_planks":1,"minecraft:prismarine":6,"minecraft:dead_fire_coral_block":4,"minecraft:sea_lantern":1,"minecraft:trident":2,"minecraft:chest":3,"minecraft:prismarine_bricks":4,"minecraft:oak_slab":64,"minecraft:dripstone_block":13,"minecraft:cobblestone":5,"minecraft:amethyst_block":3,"minecraft:granite":11,"minecraft:dead_horn_coral_block":5,"minecraft:tropical_fish":2,"minecraft:acacia_log":3,"minecraft:coal":4,"minecraft:mushroom_stew":1,"minecraft:stick":3,"minecraft:dried_kelp_block":1,"minecraft:diorite":3,"minecraft:wooden_axe":1,"minecraft:iron_axe":1,"minecraft:iron_shovel":1,"minecraft:string":1,"minecraft:spruce_sapling":1,"minecraft:smooth_basalt":2,"minecraft:polished_diorite":2,"minecraft:blue_terracotta":2,"minecraft:sweet_berries":5,"minecraft:stone_sword":6,"minecraft:raw_copper":53,"minecraft:light_gray_terracotta":1,"minecraft:bowl":1,"minecraft:tuff":11,"minecraft:deepslate_bricks":4,"minecraft:spruce_planks":6,"minecraft:andesite":9,"minecraft:wooden_shovel":1,"minecraft:spruce_log":1,"minecraft:wooden_pickaxe":1,"minecraft:stone_pickaxe":5,"minecraft:dead_brain_coral_block":1,"minecraft:calcite":4},"minecraft:used":{"minecraft:moss_block":3,"minecraft:writable_book":3,"minecraft:red_sand":2,"minecraft:dead_horn_coral_block":4,"minecraft:decorated_pot":2,"minecraft:chest":23,"minecraft:donkey_spawn_egg":1,"minecraft:white_terracotta":2,"minecraft:iron_chestplate":3,"minecraft:skeleton_spawn_egg":1,"minecraft:tuff":30,"minecraft:music_disc_13":3,"minecraft:axolotl_bucket":7,"minecraft:snowball":20,"minecraft:frog_spawn_egg":1,"minecraft:iron_helmet":4,"minecraft:bow":7,"minecraft:guardian_spawn_egg":1,"minecraft:sweet_berries":29,"minecraft:furnace":1,"minecraft:oak_sapling":2,"minecraft:egg":1,"minecraft:dark_oak_sapling":2,"minecraft:stone_pickaxe":138,"minecraft:prismarine":4,"minecraft:cactus":3,"minecraft:wooden_pickaxe":18,"minecraft:sandstone":3,"minecraft:diamond_axe":80,"minecraft:golden_apple":3,"minecraft:glow_berries":12,"minecraft:sand":8,"minecraft:mushroom_stew":37,"minecraft:camel_spawn_egg":1,"minecraft:dripstone_block":2,"minecraft:red_sandstone":2,"minecraft:bread":2,"minecraft:melon_slice":10,"minecraft:gravel":7,"minecraft:diamond_sword":429,"minecraft:birch_log":1,"minecraft:andesite":3,"minecraft:ice":1,"minecraft:tropical_fish_bucket":1,"minecraft:bone_meal":2,"minecraft:cobweb":2,"minecraft:experience_bottle":10,"minecraft:trident":12,"minecraft:stone_sword":191,"minecraft:dead_tube_coral_block":3,"minecraft:spruce_planks":6,"minecraft:stone_hoe":21,"minecraft:torch":4,"minecraft:dirt":11,"minecraft:hopper":2,"minecraft:prismarine_bricks":1,"minecraft:golden_chestplate":1,"minecraft:granite":8,"minecraft:dead_brain_coral_block":4,"minecraft:wooden_axe":42,"minecraft:dark_oak_planks":4,"minecraft:sea_lantern":2,"minecraft:iron_axe":146,"minecraft:rooted_dirt":3,"minecraft:smooth_basalt":2,"minecraft:golden_carrot":2,"minecraft:sniffer_spawn_egg":1,"minecraft:dead_bubble_coral_block":3,"minecraft:cobbled_deepslate":5,"minecraft:orange_terracotta":5,"minecraft:powder_snow_bucket":4,"minecraft:calcite":2,"minecraft:wheat_seeds":6,"minecraft:water_bucket":17,"minecraft:amethyst_block":26,"minecraft:rabbit":3,"minecraft:birch_boat":3,"minecraft:llama_spawn_egg":1,"minecraft:sheep_spawn_egg":1,"minecraft:leather_boots":1,"minecraft:deepslate_bricks":9,"minecraft:oak_slab":106,"minecraft:bamboo_block":1,"minecraft:oak_log":10,"minecraft:diamond_pickaxe":435,"minecraft:chicken":1,"minecraft:iron_pickaxe":576,"minecraft:music_disc_blocks":1,"minecraft:budding_amethyst":1,"minecraft:stone_axe":4,"minecraft:cobblestone":7,"minecraft:bucket":29,"minecraft:diamond_leggings":2,"minecraft:sculk_catalyst":3,"minecraft:jukebox":1},"minecraft:broken":{"minecraft:golden_helmet":1,"minecraft:leather_boots":1,"minecraft:iron_pickaxe":1},"minecraft:custom":{"minecraft:animals_bred":2,"minecraft:interact_with_crafting_table":28,"minecraft:leave_game":1,"minecraft:time_since_death":29685,"minecraft:sprint_one_cm":402149,"minecraft:drop":270,"minecraft:talked_to_villager":3,"minecraft:play_time":249058,"minecraft:deaths":11,"minecraft:jump":1728,"minecraft:walk_on_water_one_cm":23081,"minecraft:interact_with_furnace":18,"minecraft:play_record":4,"minecraft:damage_dealt":22201,"minecraft:player_kills":5,"minecraft:crouch_one_cm":37490,"minecraft:horse_one_cm":5727,"minecraft:mob_kills":454,"minecraft:walk_one_cm":631275,"minecraft:sneak_time":23994,"minecraft:walk_under_water_one_cm":28665,"minecraft:boat_one_cm":824,"minecraft:total_world_time":249058,"minecraft:time_since_rest":29717,"minecraft:damage_taken":5629,"minecraft:damage_absorbed":39,"minecraft:fly_one_cm":232391,"minecraft:open_chest":306,"minecraft:fall_one_cm":29851},"minecraft:picked_up":{"minecraft:iron_chestplate":2,"minecraft:wheat":3,"minecraft:diamond_sword":2,"minecraft:amethyst_block":115,"minecraft:cod_bucket":1,"minecraft:string":18,"minecraft:dead_tube_coral_block":15,"minecraft:raw_copper":538,"minecraft:deepslate_tiles":40,"minecraft:red_sand":23,"minecraft:cobbled_deepslate":114,"minecraft:spruce_planks":18,"minecraft:red_dye":4,"minecraft:calcite":54,"minecraft:azalea":10,"minecraft:iron_pickaxe":5,"minecraft:melon_slice":34,"minecraft:tipped_arrow":2,"minecraft:golden_helmet":1,"minecraft:stick":11,"minecraft:sheaf_pottery_sherd":17,"minecraft:big_dripleaf":1,"minecraft:brown_terracotta":5,"minecraft:torch":56,"minecraft:acacia_log":3,"minecraft:pointed_dripstone":6,"minecraft:diorite":59,"minecraft:green_terracotta":5,"minecraft:shaper_armor_trim_smithing_template":2,"minecraft:bamboo_block":1,"minecraft:stone_sword":18,"minecraft:cactus":2,"minecraft:rotten_flesh":49,"minecraft:salmon_bucket":1,"minecraft:tropical_fish":6,"minecraft:red_tulip":5,"minecraft:cyan_terracotta":4,"minecraft:white_terracotta":36,"minecraft:snowball":20,"minecraft:cod":3,"minecraft:cobblestone":168,"minecraft:sponge":19,"minecraft:birch_log":31,"minecraft:feather":17,"minecraft:water_bucket":2,"minecraft:andesite":39,"minecraft:powder_snow_bucket":1,"minecraft:potato":6,"minecraft:flint":12,"minecraft:magenta_dye":6,"minecraft:tuff":87,"minecraft:prismarine_bricks":42,"minecraft:lapis_lazuli":409,"minecraft:dirt":146,"minecraft:disc_fragment_5":4,"minecraft:bone":29,"minecraft:gray_terracotta":8,"minecraft:wheat_seeds":30,"minecraft:orange_tulip":5,"minecraft:raw_gold":69,"minecraft:rabbit":4,"minecraft:llama_spawn_egg":1,"minecraft:moss_block":139,"minecraft:prismarine":54,"minecraft:oak_planks":55,"minecraft:stone_hoe":3,"minecraft:glow_lichen":2,"minecraft:sheep_spawn_egg":1,"minecraft:music_disc_13":2,"minecraft:axolotl_bucket":2,"minecraft:sand":68,"minecraft:ink_sac":2,"minecraft:dead_bush":13,"minecraft:red_terracotta":2,"minecraft:dark_oak_log":26,"minecraft:mossy_cobblestone":9,"minecraft:dark_prismarine":43,"minecraft:light_gray_terracotta":17,"minecraft:blue_terracotta":8,"minecraft:diamond":43,"minecraft:miner_pottery_sherd":3,"minecraft:writable_book":1,"minecraft:dead_brain_coral_block":11,"minecraft:crossbow":1,"minecraft:granite":62,"minecraft:bone_meal":4,"minecraft:bread":11,"minecraft:emerald":9,"minecraft:rooted_dirt":32,"minecraft:oak_sapling":6,"minecraft:diamond_pickaxe":6,"minecraft:cocoa_beans":1,"minecraft:crafting_table":1,"minecraft:chicken":6,"minecraft:clay_ball":208,"minecraft:mourner_pottery_sherd":5,"minecraft:dead_horn_coral_block":12,"minecraft:iron_axe":2,"minecraft:iron_shovel":1,"minecraft:candle":7,"minecraft:birch_sapling":2,"minecraft:chest":53,"minecraft:egg":4,"minecraft:sniffer_spawn_egg":1,"minecraft:dark_oak_sapling":5,"minecraft:raw_iron":105,"minecraft:sandstone":49,"minecraft:raw_gold_block":3,"minecraft:bowl":11,"minecraft:amethyst_cluster":2,"minecraft:skull_pottery_sherd":8,"minecraft:frog_spawn_egg":1,"minecraft:trident":3,"minecraft:redstone":36,"minecraft:prismarine_crystals":107,"minecraft:dark_oak_planks":22,"minecraft:arrow":20,"minecraft:decorated_pot":2,"minecraft:deepslate_bricks":78,"minecraft:hay_block":8,"minecraft:yellow_terracotta":1,"minecraft:pink_tulip":10,"minecraft:glow_berries":10,"minecraft:rail":8,"minecraft:heartbreak_pottery_sherd":5,"minecraft:glow_ink_sac":3,"minecraft:salmon":3,"minecraft:leather":2,"minecraft:ice":1,"minecraft:mushroom_stew":9,"minecraft:oak_log":64,"minecraft:gunpowder":6,"minecraft:paper":6,"minecraft:orange_terracotta":8,"minecraft:red_sandstone":20,"minecraft:rabbit_hide":4,"minecraft:iron_ingot":25,"minecraft:stone_pickaxe":9,"minecraft:cobweb":2,"minecraft:acacia_sapling":1,"minecraft:arms_up_pottery_sherd":4,"minecraft:flowering_azalea":8,"minecraft:music_disc_chirp":1,"minecraft:green_dye":2,"minecraft:sculk_catalyst":1,"minecraft:oak_slab":4,"minecraft:smooth_basalt":34,"minecraft:birch_boat":4,"minecraft:pumpkin":5,"minecraft:sweet_berries":33,"minecraft:budding_amethyst":4,"minecraft:dripstone_block":114,"minecraft:torchflower_seeds":4,"minecraft:gravel":64,"minecraft:dead_fire_coral_block":17,"minecraft:amethyst_shard":10,"minecraft:prize_pottery_sherd":5,"minecraft:spruce_sapling":5,"minecraft:spruce_log":14,"minecraft:sea_lantern":5,"minecraft:spider_eye":6,"minecraft:camel_spawn_egg":2,"minecraft:archer_pottery_sherd":11,"minecraft:brewer_pottery_sherd":12,"minecraft:music_disc_mall":2,"minecraft:dried_kelp_block":5,"minecraft:snort_pottery_sherd":5,"minecraft:stone_axe":2,"minecraft:polished_diorite":2,"minecraft:donkey_spawn_egg":2,"minecraft:dead_bubble_coral_block":11,"minecraft:iron_helmet":2,"minecraft:terracotta":12,"minecraft:melon_seeds":1,"minecraft:coal":83,"minecraft:hopper":2},"minecraft:crafted":{"minecraft:oak_planks":96,"minecraft:hopper":1,"minecraft:diamond_leggings":1,"minecraft:oak_slab":168,"minecraft:diamond_axe":2,"minecraft:spruce_planks":24,"minecraft:wooden_pickaxe":1,"minecraft:iron_helmet":1,"minecraft:birch_planks":20,"minecraft:iron_chestplate":1,"minecraft:diamond_pickaxe":1,"minecraft:stick":40,"minecraft:iron_pickaxe":2,"minecraft:iron_ingot":17,"minecraft:jukebox":1,"minecraft:golden_chestplate":1,"minecraft:furnace":1,"minecraft:iron_axe":1,"minecraft:stone_pickaxe":2,"minecraft:dark_oak_planks":20,"minecraft:wheat":36,"minecraft:diamond_sword":1,"minecraft:bread":13,"minecraft:air":0,"minecraft:golden_apple":1,"minecraft:raw_gold":27,"minecraft:wooden_axe":1,"minecraft:torch":8},"minecraft:mined":{"minecraft:dark_oak_planks":3,"minecraft:spruce_planks":6,"minecraft:sculk_vein":5,"minecraft:granite":20,"minecraft:budding_amethyst":8,"minecraft:red_sand":50,"minecraft:grass_block":66,"minecraft:deepslate_bricks":31,"minecraft:bamboo_block":1,"minecraft:hopper":2,"minecraft:raw_iron_block":1,"minecraft:sculk_catalyst":1,"minecraft:iron_ore":40,"minecraft:cobbled_deepslate":2,"minecraft:pumpkin":5,"minecraft:deepslate_lapis_ore":11,"minecraft:gray_terracotta":8,"minecraft:cyan_terracotta":2,"minecraft:dead_bubble_coral_block":1,"minecraft:orange_terracotta":12,"minecraft:powder_snow":8,"minecraft:clay":11,"minecraft:torch":2,"minecraft:light_gray_terracotta":1,"minecraft:calcite":25,"minecraft:melon":4,"minecraft:chest":28,"minecraft:cobblestone":13,"minecraft:prismarine":11,"minecraft:wall_torch":1,"minecraft:amethyst_block":68,"minecraft:deepslate_copper_ore":22,"minecraft:seagrass":1,"minecraft:white_terracotta":54,"minecraft:blue_terracotta":2,"minecraft:birch_log":13,"minecraft:wheat":3,"minecraft:oak_log":43,"minecraft:dark_oak_sapling":1,"minecraft:sand":67,"minecraft:dirt":15,"minecraft:smooth_basalt":14,"minecraft:horn_coral_block":1,"minecraft:deepslate":40,"minecraft:suspicious_gravel":39,"minecraft:yellow_terracotta":1,"minecraft:deepslate_tiles":4,"minecraft:dark_prismarine":5,"minecraft:diamond_ore":4,"minecraft:tuff":39,"minecraft:mossy_cobblestone":10,"minecraft:deepslate_diamond_ore":5,"minecraft:dark_oak_log":16,"minecraft:sea_lantern":2,"minecraft:decorated_pot":1,"minecraft:sandstone":108,"minecraft:moss_block":17,"minecraft:rooted_dirt":9,"minecraft:hay_block":3,"minecraft:redstone_ore":7,"minecraft:raw_gold_block":3,"minecraft:red_sandstone":39,"minecraft:suspicious_sand":12,"minecraft:andesite":17,"minecraft:deepslate_iron_ore":14,"minecraft:packed_ice":10,"minecraft:stone":96,"minecraft:podzol":7,"minecraft:oak_slab":6,"minecraft:emerald_ore":9,"minecraft:copper_ore":27,"minecraft:deepslate_coal_ore":4,"minecraft:deepslate_gold_ore":19,"minecraft:lapis_ore":4,"minecraft:sculk":1,"minecraft:diorite":30,"minecraft:prismarine_bricks":3,"minecraft:red_terracotta":5,"minecraft:sweet_berry_bush":2,"minecraft:spruce_log":10,"minecraft:coal_ore":13,"minecraft:dripstone_block":9,"minecraft:gravel":40,"minecraft:cobweb":1,"minecraft:brown_terracotta":6,"minecraft:terracotta":11,"minecraft:gold_ore":10},"minecraft:killed_by":{"minecraft:husk":2,"minecraft:player":8}},"DataVersion":3839}