{"stats":{"minecraft:killed":{"minecraft:spider":5,"minecraft:skeleton":35,"minecraft:chicken":1,"minecraft:drowned":1,"minecraft:wolf":2,"minecraft:pig":1,"minecraft:zombie_villager":1,"minecraft:creeper":32,"minecraft:polar_bear":2,"minecraft:goat":3,"minecraft:zombie":62,"minecraft:stray":3},"minecraft:dropped":{"minecraft:oak_slab":64,"minecraft:moss_block":12,"minecraft:lapis_lazuli":2,"minecraft:diamond":4,"minecraft:dripstone_block":12,"minecraft:cobblestone":5,"minecraft:rooted_dirt":3,"minecraft:amethyst_block":3,"minecraft:granite":11,"minecraft:tropical_fish":2,"minecraft:dead_horn_coral_block":5,"minecraft:mushroom_stew":1,"minecraft:coal":4,"minecraft:host_armor_trim_smithing_template":1,"minecraft:dried_kelp_block":1,"minecraft:cyan_terracotta":2,"minecraft:stick":2,"minecraft:dirt":20,"minecraft:diorite":3,"minecraft:wooden_axe":1,"minecraft:writable_book":1,"minecraft:sand":5,"minecraft:iron_axe":1,"minecraft:iron_pickaxe":2,"minecraft:iron_shovel":1,"minecraft:birch_log":1,"minecraft:spruce_sapling":1,"minecraft:smooth_basalt":2,"minecraft:bone":1,"minecraft:gravel":1,"minecraft:polished_diorite":2,"minecraft:blue_terracotta":2,"minecraft:sweet_berries":4,"minecraft:cobbled_deepslate":12,"minecraft:raw_copper":53,"minecraft:light_gray_terracotta":1,"minecraft:bowl":1,"minecraft:tuff":11,"minecraft:pointed_dripstone":2,"minecraft:rotten_flesh":1,"minecraft:oak_planks":1,"minecraft:prismarine":6,"minecraft:dead_fire_coral_block":4,"minecraft:deepslate_bricks":4,"minecraft:andesite":9,"minecraft:wooden_shovel":1,"minecraft:chest":3,"minecraft:spruce_log":1,"minecraft:dead_brain_coral_block":1,"minecraft:stone_pickaxe":4,"minecraft:wooden_pickaxe":1,"minecraft:prismarine_bricks":4,"minecraft:calcite":4},"minecraft:used":{"minecraft:moss_block":3,"minecraft:writable_book":3,"minecraft:stone_sword":140,"minecraft:dead_tube_coral_block":3,"minecraft:dead_horn_coral_block":3,"minecraft:spruce_planks":6,"minecraft:chest":20,"minecraft:donkey_spawn_egg":1,"minecraft:white_terracotta":1,"minecraft:stone_hoe":1,"minecraft:torch":4,"minecraft:dirt":10,"minecraft:hopper":2,"minecraft:dead_brain_coral_block":4,"minecraft:axolotl_bucket":6,"minecraft:golden_chestplate":1,"minecraft:tuff":30,"minecraft:granite":8,"minecraft:snowball":20,"minecraft:frog_spawn_egg":1,"minecraft:dark_oak_planks":4,"minecraft:wooden_axe":42,"minecraft:sea_lantern":1,"minecraft:iron_axe":146,"minecraft:rooted_dirt":3,"minecraft:smooth_basalt":2,"minecraft:sniffer_spawn_egg":1,"minecraft:golden_carrot":2,"minecraft:sweet_berries":11,"minecraft:oak_sapling":2,"minecraft:furnace":1,"minecraft:egg":1,"minecraft:dead_bubble_coral_block":3,"minecraft:cobbled_deepslate":5,"minecraft:powder_snow_bucket":4,"minecraft:dark_oak_sapling":2,"minecraft:calcite":2,"minecraft:wheat_seeds":6,"minecraft:water_bucket":9,"minecraft:amethyst_block":26,"minecraft:rabbit":3,"minecraft:prismarine":3,"minecraft:stone_pickaxe":120,"minecraft:wooden_pickaxe":18,"minecraft:birch_boat":3,"minecraft:sheep_spawn_egg":1,"minecraft:diamond_axe":80,"minecraft:llama_spawn_egg":1,"minecraft:leather_boots":1,"minecraft:deepslate_bricks":9,"minecraft:glow_berries":12,"minecraft:golden_apple":2,"minecraft:oak_slab":106,"minecraft:mushroom_stew":24,"minecraft:camel_spawn_egg":1,"minecraft:dripstone_block":2,"minecraft:oak_log":10,"minecraft:diamond_pickaxe":16,"minecraft:chicken":1,"minecraft:melon_slice":7,"minecraft:iron_pickaxe":507,"minecraft:budding_amethyst":1,"minecraft:gravel":7,"minecraft:cobblestone":3,"minecraft:andesite":3,"minecraft:bucket":20,"minecraft:birch_log":1,"minecraft:ice":1,"minecraft:tropical_fish_bucket":1,"minecraft:sculk_catalyst":1,"minecraft:bone_meal":2},"minecraft:broken":{"minecraft:golden_helmet":1,"minecraft:leather_boots":1,"minecraft:iron_pickaxe":1},"minecraft:custom":{"minecraft:mob_kills":148,"minecraft:animals_bred":2,"minecraft:interact_with_crafting_table":18,"minecraft:time_since_death":704,"minecraft:sprint_one_cm":249660,"minecraft:walk_one_cm":422295,"minecraft:drop":241,"minecraft:play_time":166445,"minecraft:deaths":4,"minecraft:sneak_time":19609,"minecraft:walk_under_water_one_cm":22528,"minecraft:boat_one_cm":824,"minecraft:jump":925,"minecraft:walk_on_water_one_cm":22926,"minecraft:total_world_time":166445,"minecraft:interact_with_furnace":12,"minecraft:time_since_rest":754,"minecraft:damage_taken":2825,"minecraft:damage_absorbed":39,"minecraft:damage_dealt":11706,"minecraft:player_kills":1,"minecraft:fly_one_cm":134010,"minecraft:open_chest":196,"minecraft:crouch_one_cm":32208,"minecraft:fall_one_cm":15623},"minecraft:picked_up":{"minecraft:cocoa_beans":1,"minecraft:crafting_table":1,"minecraft:chicken":6,"minecraft:clay_ball":76,"minecraft:dead_horn_coral_block":11,"minecraft:amethyst_block":99,"minecraft:string":17,"minecraft:dead_tube_coral_block":12,"minecraft:raw_copper":420,"minecraft:iron_shovel":1,"minecraft:deepslate_tiles":32,"minecraft:cobbled_deepslate":96,"minecraft:spruce_planks":6,"minecraft:red_dye":4,"minecraft:calcite":46,"minecraft:azalea":10,"minecraft:iron_pickaxe":2,"minecraft:melon_slice":34,"minecraft:chest":45,"minecraft:birch_sapling":2,"minecraft:sniffer_spawn_egg":1,"minecraft:golden_helmet":1,"minecraft:egg":4,"minecraft:tipped_arrow":2,"minecraft:dark_oak_sapling":5,"minecraft:stick":4,"minecraft:raw_iron":81,"minecraft:sheaf_pottery_sherd":17,"minecraft:raw_gold_block":3,"minecraft:big_dripleaf":1,"minecraft:torch":55,"minecraft:bowl":5,"minecraft:amethyst_cluster":2,"minecraft:frog_spawn_egg":1,"minecraft:pointed_dripstone":6,"minecraft:diorite":56,"minecraft:prismarine_crystals":71,"minecraft:green_terracotta":5,"minecraft:dark_oak_planks":22,"minecraft:shaper_armor_trim_smithing_template":2,"minecraft:stone_sword":3,"minecraft:arrow":17,"minecraft:rotten_flesh":41,"minecraft:tropical_fish":6,"minecraft:deepslate_bricks":78,"minecraft:red_tulip":5,"minecraft:cyan_terracotta":2,"minecraft:pink_tulip":10,"minecraft:white_terracotta":18,"minecraft:cod":3,"minecraft:sponge":19,"minecraft:glow_berries":10,"minecraft:cobblestone":151,"minecraft:snowball":20,"minecraft:rail":6,"minecraft:heartbreak_pottery_sherd":5,"minecraft:birch_log":26,"minecraft:feather":11,"minecraft:water_bucket":2,"minecraft:salmon":3,"minecraft:andesite":39,"minecraft:powder_snow_bucket":1,"minecraft:potato":1,"minecraft:magenta_dye":6,"minecraft:ice":1,"minecraft:prismarine_bricks":22,"minecraft:mushroom_stew":1,"minecraft:flint":11,"minecraft:tuff":82,"minecraft:oak_log":63,"minecraft:gunpowder":4,"minecraft:lapis_lazuli":365,"minecraft:dirt":140,"minecraft:paper":6,"minecraft:disc_fragment_5":4,"minecraft:bone":13,"minecraft:gray_terracotta":8,"minecraft:orange_tulip":5,"minecraft:wheat_seeds":20,"minecraft:raw_gold":68,"minecraft:rabbit_hide":4,"minecraft:iron_ingot":24,"minecraft:stone_pickaxe":2,"minecraft:prismarine":36,"minecraft:rabbit":4,"minecraft:music_disc_chirp":1,"minecraft:llama_spawn_egg":1,"minecraft:moss_block":130,"minecraft:stone_hoe":3,"minecraft:flowering_azalea":7,"minecraft:oak_planks":1,"minecraft:green_dye":2,"minecraft:sculk_catalyst":1,"minecraft:oak_slab":4,"minecraft:glow_lichen":2,"minecraft:smooth_basalt":29,"minecraft:sheep_spawn_egg":1,"minecraft:pumpkin":5,"minecraft:birch_boat":4,"minecraft:sweet_berries":26,"minecraft:torchflower_seeds":4,"minecraft:budding_amethyst":3,"minecraft:dead_fire_coral_block":16,"minecraft:sand":33,"minecraft:dripstone_block":112,"minecraft:gravel":51,"minecraft:amethyst_shard":2,"minecraft:spruce_sapling":5,"minecraft:ink_sac":2,"minecraft:camel_spawn_egg":2,"minecraft:spruce_log":14,"minecraft:spider_eye":3,"minecraft:dark_oak_log":25,"minecraft:dark_prismarine":19,"minecraft:light_gray_terracotta":17,"minecraft:music_disc_mall":2,"minecraft:dried_kelp_block":5,"minecraft:blue_terracotta":8,"minecraft:donkey_spawn_egg":2,"minecraft:polished_diorite":2,"minecraft:diamond":24,"minecraft:stone_axe":1,"minecraft:writable_book":1,"minecraft:dead_bubble_coral_block":11,"minecraft:dead_brain_coral_block":11,"minecraft:granite":62,"minecraft:rooted_dirt":26,"minecraft:terracotta":7,"minecraft:oak_sapling":6,"minecraft:coal":64,"minecraft:hopper":2,"minecraft:diamond_pickaxe":3},"minecraft:crafted":{"minecraft:oak_planks":92,"minecraft:golden_chestplate":1,"minecraft:furnace":1,"minecraft:hopper":1,"minecraft:iron_axe":1,"minecraft:stone_pickaxe":2,"minecraft:dark_oak_planks":20,"minecraft:oak_slab":168,"minecraft:diamond_axe":2,"minecraft:spruce_planks":24,"minecraft:wooden_pickaxe":1,"minecraft:birch_planks":20,"minecraft:air":0,"minecraft:diamond_pickaxe":1,"minecraft:golden_apple":1,"minecraft:raw_gold":27,"minecraft:stick":28,"minecraft:iron_ingot":17,"minecraft:iron_pickaxe":2,"minecraft:wooden_axe":1,"minecraft:torch":8},"minecraft:mined":{"minecraft:dark_oak_planks":3,"minecraft:deepslate_tiles":4,"minecraft:diamond_ore":3,"minecraft:spruce_planks":6,"minecraft:tuff":35,"minecraft:deepslate_diamond_ore":2,"minecraft:sculk_vein":5,"minecraft:dark_oak_log":16,"minecraft:granite":19,"minecraft:budding_amethyst":8,"minecraft:grass_block":64,"minecraft:deepslate_bricks":31,"minecraft:rooted_dirt":8,"minecraft:moss_block":13,"minecraft:hopper":2,"minecraft:raw_iron_block":1,"minecraft:raw_gold_block":3,"minecraft:iron_ore":23,"minecraft:cobbled_deepslate":2,"minecraft:andesite":17,"minecraft:pumpkin":5,"minecraft:deepslate_lapis_ore":9,"minecraft:deepslate_iron_ore":5,"minecraft:packed_ice":9,"minecraft:stone":92,"minecraft:podzol":7,"minecraft:oak_slab":6,"minecraft:gray_terracotta":8,"minecraft:powder_snow":8,"minecraft:clay":6,"minecraft:calcite":19,"minecraft:melon":4,"minecraft:chest":21,"minecraft:copper_ore":26,"minecraft:deepslate_coal_ore":2,"minecraft:lapis_ore":1,"minecraft:deepslate_gold_ore":19,"minecraft:prismarine_bricks":1,"minecraft:prismarine":3,"minecraft:sculk":1,"minecraft:diorite":30,"minecraft:amethyst_block":43,"minecraft:deepslate_copper_ore":14,"minecraft:white_terracotta":18,"minecraft:blue_terracotta":2,"minecraft:birch_log":13,"minecraft:sweet_berry_bush":2,"minecraft:spruce_log":10,"minecraft:coal_ore":8,"minecraft:oak_log":43,"minecraft:dirt":11,"minecraft:gravel":40,"minecraft:dripstone_block":7,"minecraft:smooth_basalt":14,"minecraft:terracotta":6,"minecraft:gold_ore":9,"minecraft:deepslate":38,"minecraft:suspicious_gravel":21},"minecraft:killed_by":{"minecraft:player":3}},"DataVersion":3839}