{"stats":{"minecraft:killed":{"minecraft:wolf":2,"minecraft:spider":1,"minecraft:polar_bear":2,"minecraft:goat":3,"minecraft:zombie":2,"minecraft:stray":3},"minecraft:dropped":{"minecraft:gravel":1,"minecraft:oak_slab":64,"minecraft:granite":4,"minecraft:host_armor_trim_smithing_template":1,"minecraft:stick":2,"minecraft:dirt":19,"minecraft:wooden_axe":1,"minecraft:writable_book":1,"minecraft:wooden_pickaxe":1,"minecraft:stone_pickaxe":2,"minecraft:spruce_sapling":1,"minecraft:bone":1},"minecraft:used":{"minecraft:calcite":2,"minecraft:writable_book":3,"minecraft:amethyst_block":5,"minecraft:stone_pickaxe":116,"minecraft:birch_boat":1,"minecraft:chest":7,"minecraft:wooden_pickaxe":18,"minecraft:torch":1,"minecraft:dirt":8,"minecraft:oak_slab":106,"minecraft:mushroom_stew":7,"minecraft:granite":8,"minecraft:snowball":8,"minecraft:oak_log":1,"minecraft:wooden_axe":42,"minecraft:iron_axe":39,"minecraft:melon_slice":7,"minecraft:iron_pickaxe":261,"minecraft:gravel":6,"minecraft:smooth_basalt":2,"minecraft:golden_carrot":1,"minecraft:sweet_berries":4,"minecraft:furnace":1,"minecraft:ice":1,"minecraft:egg":1,"minecraft:bone_meal":2,"minecraft:dark_oak_sapling":2},"minecraft:broken":{"minecraft:iron_pickaxe":1},"minecraft:custom":{"minecraft:interact_with_furnace":9,"minecraft:mob_kills":13,"minecraft:animals_bred":2,"minecraft:interact_with_crafting_table":8,"minecraft:time_since_death":70445,"minecraft:time_since_rest":70445,"minecraft:sprint_one_cm":69058,"minecraft:damage_taken":513,"minecraft:walk_one_cm":171006,"minecraft:drop":35,"minecraft:damage_dealt":2154,"minecraft:fly_one_cm":35275,"minecraft:open_chest":62,"minecraft:crouch_one_cm":13419,"minecraft:play_time":70445,"minecraft:sneak_time":10023,"minecraft:boat_one_cm":715,"minecraft:jump":221,"minecraft:walk_on_water_one_cm":165,"minecraft:total_world_time":70445,"minecraft:fall_one_cm":2912},"minecraft:picked_up":{"minecraft:birch_log":10,"minecraft:chicken":1,"minecraft:clay_ball":32,"minecraft:andesite":14,"minecraft:powder_snow_bucket":1,"minecraft:potato":1,"minecraft:ice":1,"minecraft:mushroom_stew":1,"minecraft:flint":6,"minecraft:tuff":2,"minecraft:oak_log":24,"minecraft:amethyst_block":30,"minecraft:lapis_lazuli":15,"minecraft:dirt":117,"minecraft:string":5,"minecraft:paper":3,"minecraft:disc_fragment_5":2,"minecraft:raw_copper":105,"minecraft:bone":4,"minecraft:gray_terracotta":8,"minecraft:wheat_seeds":2,"minecraft:cobbled_deepslate":22,"minecraft:raw_gold":9,"minecraft:rabbit_hide":4,"minecraft:calcite":20,"minecraft:azalea":4,"minecraft:rabbit":4,"minecraft:melon_slice":34,"minecraft:chest":13,"minecraft:dark_oak_sapling":3,"minecraft:egg":2,"minecraft:stick":4,"minecraft:tipped_arrow":2,"minecraft:sheaf_pottery_sherd":8,"minecraft:oak_slab":2,"minecraft:raw_iron":15,"minecraft:smooth_basalt":14,"minecraft:birch_boat":1,"minecraft:raw_gold_block":3,"minecraft:pumpkin":4,"minecraft:sweet_berries":10,"minecraft:budding_amethyst":1,"minecraft:dripstone_block":2,"minecraft:gravel":37,"minecraft:spruce_sapling":3,"minecraft:diorite":31,"minecraft:spruce_log":2,"minecraft:spider_eye":1,"minecraft:shaper_armor_trim_smithing_template":1,"minecraft:music_disc_mall":1,"minecraft:arrow":5,"minecraft:blue_terracotta":2,"minecraft:rotten_flesh":2,"minecraft:writable_book":1,"minecraft:deepslate_bricks":3,"minecraft:granite":29,"minecraft:white_terracotta":17,"minecraft:terracotta":7,"minecraft:oak_sapling":3,"minecraft:heartbreak_pottery_sherd":5,"minecraft:snowball":8,"minecraft:rail":2,"minecraft:coal":9,"minecraft:cobblestone":89},"minecraft:crafted":{"minecraft:oak_planks":92,"minecraft:oak_slab":168,"minecraft:wooden_pickaxe":1,"minecraft:furnace":1,"minecraft:birch_planks":16,"minecraft:air":0,"minecraft:iron_axe":1,"minecraft:raw_gold":27,"minecraft:stick":16,"minecraft:iron_ingot":17,"minecraft:iron_pickaxe":2,"minecraft:stone_pickaxe":2,"minecraft:wooden_axe":1},"minecraft:mined":{"minecraft:podzol":7,"minecraft:gray_terracotta":8,"minecraft:oak_slab":3,"minecraft:tuff":1,"minecraft:powder_snow":8,"minecraft:clay":5,"minecraft:granite":17,"minecraft:grass_block":61,"minecraft:calcite":14,"minecraft:melon":4,"minecraft:chest":14,"minecraft:deepslate_bricks":1,"minecraft:copper_ore":23,"minecraft:deepslate_copper_ore":1,"minecraft:diorite":28,"minecraft:amethyst_block":21,"minecraft:white_terracotta":18,"minecraft:blue_terracotta":2,"minecraft:raw_gold_block":3,"minecraft:birch_log":8,"minecraft:iron_ore":19,"minecraft:andesite":15,"minecraft:pumpkin":5,"minecraft:deepslate_lapis_ore":1,"minecraft:oak_log":31,"minecraft:coal_ore":7,"minecraft:dripstone_block":2,"minecraft:gravel":38,"minecraft:dirt":9,"minecraft:packed_ice":9,"minecraft:smooth_basalt":10,"minecraft:terracotta":6,"minecraft:stone":81,"minecraft:deepslate":10,"minecraft:gold_ore":8,"minecraft:suspicious_gravel":12}},"DataVersion":3839}