{"stats":{"minecraft:killed":{"minecraft:spider":2,"minecraft:skeleton":6,"minecraft:wolf":2,"minecraft:pig":1,"minecraft:polar_bear":2,"minecraft:goat":3,"minecraft:zombie":15,"minecraft:stray":3},"minecraft:dropped":{"minecraft:oak_slab":64,"minecraft:diamond":4,"minecraft:cobblestone":2,"minecraft:granite":4,"minecraft:coal":1,"minecraft:host_armor_trim_smithing_template":1,"minecraft:stick":2,"minecraft:dirt":19,"minecraft:diorite":2,"minecraft:wooden_axe":1,"minecraft:writable_book":1,"minecraft:iron_axe":1,"minecraft:iron_pickaxe":1,"minecraft:spruce_sapling":1,"minecraft:smooth_basalt":1,"minecraft:bone":1,"minecraft:gravel":1,"minecraft:sweet_berries":4,"minecraft:cobbled_deepslate":9,"minecraft:raw_copper":53,"minecraft:bowl":1,"minecraft:tuff":3,"minecraft:rotten_flesh":1,"minecraft:oak_planks":1,"minecraft:deepslate_bricks":4,"minecraft:andesite":2,"minecraft:chest":3,"minecraft:stone_pickaxe":2,"minecraft:wooden_pickaxe":1},"minecraft:used":{"minecraft:writable_book":3,"minecraft:spruce_planks":6,"minecraft:chest":16,"minecraft:white_terracotta":1,"minecraft:torch":4,"minecraft:dirt":9,"minecraft:hopper":2,"minecraft:golden_chestplate":1,"minecraft:tuff":22,"minecraft:granite":8,"minecraft:snowball":20,"minecraft:frog_spawn_egg":1,"minecraft:dark_oak_planks":4,"minecraft:wooden_axe":42,"minecraft:iron_axe":146,"minecraft:smooth_basalt":2,"minecraft:golden_carrot":2,"minecraft:sweet_berries":11,"minecraft:oak_sapling":2,"minecraft:furnace":1,"minecraft:egg":1,"minecraft:cobbled_deepslate":5,"minecraft:powder_snow_bucket":4,"minecraft:dark_oak_sapling":2,"minecraft:calcite":2,"minecraft:wheat_seeds":6,"minecraft:water_bucket":5,"minecraft:amethyst_block":26,"minecraft:stone_pickaxe":116,"minecraft:wooden_pickaxe":18,"minecraft:birch_boat":3,"minecraft:diamond_axe":27,"minecraft:llama_spawn_egg":1,"minecraft:leather_boots":1,"minecraft:deepslate_bricks":9,"minecraft:golden_apple":1,"minecraft:oak_slab":106,"minecraft:mushroom_stew":19,"minecraft:oak_log":7,"minecraft:diamond_pickaxe":2,"minecraft:melon_slice":7,"minecraft:iron_pickaxe":488,"minecraft:gravel":6,"minecraft:cobblestone":3,"minecraft:bucket":8,"minecraft:birch_log":1,"minecraft:ice":1,"minecraft:sculk_catalyst":1,"minecraft:bone_meal":2},"minecraft:broken":{"minecraft:leather_boots":1,"minecraft:iron_pickaxe":1},"minecraft:custom":{"minecraft:mob_kills":34,"minecraft:animals_bred":2,"minecraft:interact_with_crafting_table":15,"minecraft:time_since_death":130445,"minecraft:sprint_one_cm":194295,"minecraft:walk_one_cm":307848,"minecraft:drop":128,"minecraft:play_time":130445,"minecraft:sneak_time":15686,"minecraft:walk_under_water_one_cm":9369,"minecraft:boat_one_cm":824,"minecraft:jump":615,"minecraft:walk_on_water_one_cm":20226,"minecraft:total_world_time":130445,"minecraft:interact_with_furnace":10,"minecraft:time_since_rest":130445,"minecraft:damage_taken":1316,"minecraft:damage_dealt":6922,"minecraft:fly_one_cm":95282,"minecraft:open_chest":120,"minecraft:crouch_one_cm":23144,"minecraft:fall_one_cm":8579},"minecraft:picked_up":{"minecraft:chicken":2,"minecraft:clay_ball":44,"minecraft:amethyst_block":78,"minecraft:string":7,"minecraft:raw_copper":205,"minecraft:iron_shovel":1,"minecraft:deepslate_tiles":32,"minecraft:cobbled_deepslate":65,"minecraft:spruce_planks":6,"minecraft:red_dye":4,"minecraft:calcite":38,"minecraft:azalea":4,"minecraft:iron_pickaxe":2,"minecraft:melon_slice":34,"minecraft:chest":26,"minecraft:birch_sapling":1,"minecraft:golden_helmet":1,"minecraft:egg":2,"minecraft:tipped_arrow":2,"minecraft:dark_oak_sapling":5,"minecraft:stick":4,"minecraft:raw_iron":36,"minecraft:sheaf_pottery_sherd":8,"minecraft:raw_gold_block":3,"minecraft:bowl":1,"minecraft:amethyst_cluster":2,"minecraft:frog_spawn_egg":1,"minecraft:diorite":35,"minecraft:dark_oak_planks":22,"minecraft:shaper_armor_trim_smithing_template":2,"minecraft:arrow":10,"minecraft:rotten_flesh":16,"minecraft:tropical_fish":2,"minecraft:deepslate_bricks":78,"minecraft:white_terracotta":18,"minecraft:cobblestone":128,"minecraft:snowball":20,"minecraft:rail":4,"minecraft:heartbreak_pottery_sherd":5,"minecraft:birch_log":21,"minecraft:andesite":19,"minecraft:powder_snow_bucket":1,"minecraft:potato":1,"minecraft:ice":1,"minecraft:mushroom_stew":1,"minecraft:flint":6,"minecraft:tuff":47,"minecraft:oak_log":40,"minecraft:gunpowder":1,"minecraft:lapis_lazuli":151,"minecraft:dirt":126,"minecraft:paper":6,"minecraft:disc_fragment_5":2,"minecraft:bone":12,"minecraft:gray_terracotta":8,"minecraft:wheat_seeds":20,"minecraft:raw_gold":32,"minecraft:rabbit_hide":4,"minecraft:rabbit":4,"minecraft:llama_spawn_egg":1,"minecraft:moss_block":21,"minecraft:flowering_azalea":2,"minecraft:oak_planks":1,"minecraft:sculk_catalyst":1,"minecraft:oak_slab":3,"minecraft:glow_lichen":2,"minecraft:smooth_basalt":20,"minecraft:pumpkin":4,"minecraft:birch_boat":4,"minecraft:sweet_berries":26,"minecraft:budding_amethyst":2,"minecraft:dripstone_block":25,"minecraft:gravel":39,"minecraft:amethyst_shard":2,"minecraft:spruce_sapling":5,"minecraft:spruce_log":13,"minecraft:spider_eye":2,"minecraft:dark_oak_log":22,"minecraft:music_disc_mall":1,"minecraft:blue_terracotta":2,"minecraft:diamond":13,"minecraft:stone_axe":1,"minecraft:writable_book":1,"minecraft:granite":33,"minecraft:rooted_dirt":7,"minecraft:terracotta":7,"minecraft:oak_sapling":6,"minecraft:coal":24,"minecraft:hopper":2},"minecraft:crafted":{"minecraft:oak_planks":92,"minecraft:golden_chestplate":1,"minecraft:furnace":1,"minecraft:hopper":1,"minecraft:iron_axe":1,"minecraft:stone_pickaxe":2,"minecraft:dark_oak_planks":20,"minecraft:oak_slab":168,"minecraft:diamond_axe":1,"minecraft:spruce_planks":24,"minecraft:wooden_pickaxe":1,"minecraft:birch_planks":16,"minecraft:air":0,"minecraft:diamond_pickaxe":1,"minecraft:golden_apple":1,"minecraft:raw_gold":27,"minecraft:stick":24,"minecraft:iron_ingot":17,"minecraft:iron_pickaxe":2,"minecraft:wooden_axe":1,"minecraft:torch":8},"minecraft:mined":{"minecraft:dark_oak_planks":3,"minecraft:deepslate_tiles":4,"minecraft:diamond_ore":2,"minecraft:spruce_planks":6,"minecraft:tuff":22,"minecraft:deepslate_diamond_ore":2,"minecraft:sculk_vein":3,"minecraft:dark_oak_log":16,"minecraft:granite":19,"minecraft:budding_amethyst":7,"minecraft:grass_block":64,"minecraft:deepslate_bricks":31,"minecraft:rooted_dirt":5,"minecraft:moss_block":10,"minecraft:hopper":2,"minecraft:raw_iron_block":1,"minecraft:raw_gold_block":3,"minecraft:iron_ore":21,"minecraft:cobbled_deepslate":2,"minecraft:andesite":16,"minecraft:pumpkin":5,"minecraft:deepslate_lapis_ore":9,"minecraft:deepslate_iron_ore":5,"minecraft:packed_ice":9,"minecraft:stone":92,"minecraft:podzol":7,"minecraft:oak_slab":4,"minecraft:gray_terracotta":8,"minecraft:powder_snow":8,"minecraft:clay":6,"minecraft:calcite":19,"minecraft:melon":4,"minecraft:chest":21,"minecraft:copper_ore":25,"minecraft:deepslate_coal_ore":2,"minecraft:deepslate_gold_ore":19,"minecraft:diorite":30,"minecraft:amethyst_block":43,"minecraft:deepslate_copper_ore":14,"minecraft:white_terracotta":18,"minecraft:blue_terracotta":2,"minecraft:birch_log":13,"minecraft:sweet_berry_bush":2,"minecraft:spruce_log":10,"minecraft:coal_ore":8,"minecraft:oak_log":43,"minecraft:dirt":10,"minecraft:gravel":40,"minecraft:dripstone_block":6,"minecraft:smooth_basalt":14,"minecraft:terracotta":6,"minecraft:gold_ore":9,"minecraft:deepslate":32,"minecraft:suspicious_gravel":21}},"DataVersion":3839}