{"stats":{"minecraft:killed":{"minecraft:wolf":2,"minecraft:spider":1,"minecraft:polar_bear":2,"minecraft:goat":3,"minecraft:zombie":4,"minecraft:stray":3},"minecraft:dropped":{"minecraft:gravel":1,"minecraft:sweet_berries":3,"minecraft:oak_slab":64,"minecraft:raw_copper":53,"minecraft:bowl":1,"minecraft:tuff":3,"minecraft:granite":4,"minecraft:host_armor_trim_smithing_template":1,"minecraft:stick":2,"minecraft:dirt":19,"minecraft:wooden_axe":1,"minecraft:chest":3,"minecraft:writable_book":1,"minecraft:wooden_pickaxe":1,"minecraft:stone_pickaxe":2,"minecraft:spruce_sapling":1,"minecraft:bone":1},"minecraft:used":{"minecraft:calcite":2,"minecraft:writable_book":3,"minecraft:amethyst_block":5,"minecraft:stone_pickaxe":116,"minecraft:birch_boat":3,"minecraft:chest":7,"minecraft:wooden_pickaxe":18,"minecraft:torch":1,"minecraft:dirt":8,"minecraft:oak_slab":106,"minecraft:mushroom_stew":12,"minecraft:tuff":4,"minecraft:granite":8,"minecraft:snowball":8,"minecraft:oak_log":1,"minecraft:wooden_axe":42,"minecraft:iron_axe":52,"minecraft:melon_slice":7,"minecraft:iron_pickaxe":321,"minecraft:gravel":6,"minecraft:smooth_basalt":2,"minecraft:golden_carrot":1,"minecraft:sweet_berries":7,"minecraft:furnace":1,"minecraft:ice":1,"minecraft:egg":1,"minecraft:bone_meal":2,"minecraft:dark_oak_sapling":2},"minecraft:broken":{"minecraft:iron_pickaxe":1},"minecraft:custom":{"minecraft:interact_with_furnace":10,"minecraft:mob_kills":15,"minecraft:animals_bred":2,"minecraft:interact_with_crafting_table":8,"minecraft:time_since_death":82445,"minecraft:time_since_rest":82445,"minecraft:sprint_one_cm":110776,"minecraft:damage_taken":798,"minecraft:walk_one_cm":206138,"minecraft:drop":98,"minecraft:damage_dealt":2910,"minecraft:fly_one_cm":54879,"minecraft:open_chest":72,"minecraft:crouch_one_cm":14024,"minecraft:play_time":82445,"minecraft:sneak_time":10396,"minecraft:boat_one_cm":824,"minecraft:jump":298,"minecraft:walk_on_water_one_cm":246,"minecraft:total_world_time":82445,"minecraft:fall_one_cm":4347},"minecraft:picked_up":{"minecraft:birch_log":10,"minecraft:chicken":1,"minecraft:clay_ball":32,"minecraft:andesite":14,"minecraft:powder_snow_bucket":1,"minecraft:potato":1,"minecraft:ice":1,"minecraft:mushroom_stew":1,"minecraft:flint":6,"minecraft:tuff":7,"minecraft:oak_log":24,"minecraft:amethyst_block":39,"minecraft:lapis_lazuli":27,"minecraft:dirt":117,"minecraft:string":5,"minecraft:paper":3,"minecraft:disc_fragment_5":2,"minecraft:raw_copper":131,"minecraft:bone":4,"minecraft:gray_terracotta":8,"minecraft:wheat_seeds":2,"minecraft:cobbled_deepslate":29,"minecraft:raw_gold":24,"minecraft:rabbit_hide":4,"minecraft:calcite":21,"minecraft:azalea":4,"minecraft:rabbit":4,"minecraft:melon_slice":34,"minecraft:chest":14,"minecraft:dark_oak_sapling":3,"minecraft:egg":2,"minecraft:stick":4,"minecraft:tipped_arrow":2,"minecraft:sheaf_pottery_sherd":8,"minecraft:oak_slab":2,"minecraft:raw_iron":19,"minecraft:smooth_basalt":16,"minecraft:birch_boat":3,"minecraft:raw_gold_block":3,"minecraft:pumpkin":4,"minecraft:sweet_berries":16,"minecraft:bowl":1,"minecraft:budding_amethyst":1,"minecraft:dripstone_block":2,"minecraft:gravel":37,"minecraft:spruce_sapling":3,"minecraft:diorite":31,"minecraft:spruce_log":7,"minecraft:dark_oak_log":1,"minecraft:spider_eye":1,"minecraft:shaper_armor_trim_smithing_template":1,"minecraft:music_disc_mall":1,"minecraft:arrow":5,"minecraft:blue_terracotta":2,"minecraft:rotten_flesh":7,"minecraft:writable_book":1,"minecraft:deepslate_bricks":5,"minecraft:granite":30,"minecraft:white_terracotta":17,"minecraft:terracotta":7,"minecraft:oak_sapling":3,"minecraft:heartbreak_pottery_sherd":5,"minecraft:snowball":8,"minecraft:rail":2,"minecraft:coal":10,"minecraft:cobblestone":90},"minecraft:crafted":{"minecraft:oak_planks":92,"minecraft:oak_slab":168,"minecraft:wooden_pickaxe":1,"minecraft:furnace":1,"minecraft:birch_planks":16,"minecraft:air":0,"minecraft:iron_axe":1,"minecraft:raw_gold":27,"minecraft:stick":16,"minecraft:iron_ingot":17,"minecraft:iron_pickaxe":2,"minecraft:stone_pickaxe":2,"minecraft:wooden_axe":1},"minecraft:mined":{"minecraft:podzol":7,"minecraft:gray_terracotta":8,"minecraft:oak_slab":3,"minecraft:tuff":6,"minecraft:powder_snow":8,"minecraft:clay":5,"minecraft:granite":18,"minecraft:grass_block":61,"minecraft:calcite":15,"minecraft:melon":4,"minecraft:chest":15,"minecraft:deepslate_bricks":3,"minecraft:copper_ore":24,"minecraft:deepslate_coal_ore":1,"minecraft:deepslate_gold_ore":15,"minecraft:deepslate_copper_ore":7,"minecraft:diorite":28,"minecraft:amethyst_block":30,"minecraft:white_terracotta":18,"minecraft:blue_terracotta":2,"minecraft:raw_gold_block":3,"minecraft:birch_log":8,"minecraft:iron_ore":19,"minecraft:spruce_log":5,"minecraft:andesite":15,"minecraft:pumpkin":5,"minecraft:deepslate_lapis_ore":4,"minecraft:oak_log":31,"minecraft:coal_ore":7,"minecraft:deepslate_iron_ore":4,"minecraft:dripstone_block":2,"minecraft:gravel":38,"minecraft:dirt":9,"minecraft:packed_ice":9,"minecraft:smooth_basalt":12,"minecraft:terracotta":6,"minecraft:stone":82,"minecraft:deepslate":15,"minecraft:gold_ore":8,"minecraft:suspicious_gravel":15}},"DataVersion":3839}