{"stats":{"minecraft:killed":{"minecraft:witch":1,"minecraft:spider":5,"minecraft:skeleton":71,"minecraft:chicken":1,"minecraft:wolf":2,"minecraft:pig":1,"minecraft:zombie_villager":1,"minecraft:creeper":56,"minecraft:goat":3,"minecraft:zombie":88,"minecraft:stray":3,"minecraft:drowned":1,"minecraft:polar_bear":2},"minecraft:dropped":{"minecraft:moss_block":12,"minecraft:lapis_lazuli":2,"minecraft:diamond":4,"minecraft:rooted_dirt":3,"minecraft:host_armor_trim_smithing_template":1,"minecraft:cyan_terracotta":2,"minecraft:dirt":20,"minecraft:writable_book":1,"minecraft:sand":5,"minecraft:iron_pickaxe":2,"minecraft:birch_log":1,"minecraft:bone":1,"minecraft:gravel":1,"minecraft:cobbled_deepslate":12,"minecraft:pointed_dripstone":2,"minecraft:rotten_flesh":1,"minecraft:oak_planks":1,"minecraft:prismarine":6,"minecraft:dead_fire_coral_block":4,"minecraft:sea_lantern":1,"minecraft:chest":3,"minecraft:prismarine_bricks":4,"minecraft:oak_slab":64,"minecraft:dripstone_block":12,"minecraft:cobblestone":5,"minecraft:amethyst_block":3,"minecraft:granite":11,"minecraft:dead_horn_coral_block":5,"minecraft:tropical_fish":2,"minecraft:coal":4,"minecraft:mushroom_stew":1,"minecraft:stick":2,"minecraft:dried_kelp_block":1,"minecraft:diorite":3,"minecraft:wooden_axe":1,"minecraft:iron_axe":1,"minecraft:iron_shovel":1,"minecraft:spruce_sapling":1,"minecraft:smooth_basalt":2,"minecraft:polished_diorite":2,"minecraft:blue_terracotta":2,"minecraft:sweet_berries":4,"minecraft:stone_sword":2,"minecraft:raw_copper":53,"minecraft:light_gray_terracotta":1,"minecraft:bowl":1,"minecraft:tuff":11,"minecraft:deepslate_bricks":4,"minecraft:spruce_planks":6,"minecraft:andesite":9,"minecraft:wooden_shovel":1,"minecraft:spruce_log":1,"minecraft:wooden_pickaxe":1,"minecraft:stone_pickaxe":4,"minecraft:dead_brain_coral_block":1,"minecraft:calcite":4},"minecraft:used":{"minecraft:moss_block":3,"minecraft:writable_book":3,"minecraft:dead_horn_coral_block":3,"minecraft:chest":23,"minecraft:donkey_spawn_egg":1,"minecraft:white_terracotta":1,"minecraft:tuff":30,"minecraft:music_disc_13":3,"minecraft:axolotl_bucket":7,"minecraft:snowball":20,"minecraft:frog_spawn_egg":1,"minecraft:iron_helmet":1,"minecraft:bow":7,"minecraft:sweet_berries":11,"minecraft:furnace":1,"minecraft:oak_sapling":2,"minecraft:egg":1,"minecraft:dark_oak_sapling":2,"minecraft:stone_pickaxe":120,"minecraft:prismarine":3,"minecraft:wooden_pickaxe":18,"minecraft:diamond_axe":80,"minecraft:golden_apple":2,"minecraft:glow_berries":12,"minecraft:mushroom_stew":31,"minecraft:camel_spawn_egg":1,"minecraft:dripstone_block":2,"minecraft:melon_slice":7,"minecraft:gravel":7,"minecraft:diamond_sword":92,"minecraft:birch_log":1,"minecraft:andesite":3,"minecraft:ice":1,"minecraft:tropical_fish_bucket":1,"minecraft:bone_meal":2,"minecraft:stone_sword":172,"minecraft:dead_tube_coral_block":3,"minecraft:spruce_planks":6,"minecraft:stone_hoe":21,"minecraft:torch":4,"minecraft:dirt":10,"minecraft:hopper":2,"minecraft:golden_chestplate":1,"minecraft:granite":8,"minecraft:dead_brain_coral_block":4,"minecraft:wooden_axe":42,"minecraft:dark_oak_planks":4,"minecraft:sea_lantern":2,"minecraft:iron_axe":146,"minecraft:rooted_dirt":3,"minecraft:smooth_basalt":2,"minecraft:golden_carrot":2,"minecraft:sniffer_spawn_egg":1,"minecraft:dead_bubble_coral_block":3,"minecraft:cobbled_deepslate":5,"minecraft:powder_snow_bucket":4,"minecraft:calcite":2,"minecraft:wheat_seeds":6,"minecraft:water_bucket":17,"minecraft:amethyst_block":26,"minecraft:rabbit":3,"minecraft:birch_boat":3,"minecraft:llama_spawn_egg":1,"minecraft:sheep_spawn_egg":1,"minecraft:leather_boots":1,"minecraft:deepslate_bricks":9,"minecraft:oak_slab":106,"minecraft:oak_log":10,"minecraft:diamond_pickaxe":35,"minecraft:chicken":1,"minecraft:iron_pickaxe":507,"minecraft:music_disc_blocks":1,"minecraft:budding_amethyst":1,"minecraft:cobblestone":3,"minecraft:bucket":29,"minecraft:diamond_leggings":1,"minecraft:sculk_catalyst":1,"minecraft:jukebox":1},"minecraft:broken":{"minecraft:golden_helmet":1,"minecraft:leather_boots":1,"minecraft:iron_pickaxe":1},"minecraft:custom":{"minecraft:animals_bred":2,"minecraft:interact_with_crafting_table":25,"minecraft:time_since_death":970,"minecraft:sprint_one_cm":311617,"minecraft:drop":250,"minecraft:play_time":190445,"minecraft:deaths":6,"minecraft:jump":1131,"minecraft:walk_on_water_one_cm":23081,"minecraft:interact_with_furnace":13,"minecraft:play_record":4,"minecraft:damage_dealt":13602,"minecraft:player_kills":1,"minecraft:crouch_one_cm":33267,"minecraft:mob_kills":235,"minecraft:walk_one_cm":483142,"minecraft:sneak_time":20385,"minecraft:walk_under_water_one_cm":28665,"minecraft:boat_one_cm":824,"minecraft:total_world_time":190445,"minecraft:time_since_rest":1048,"minecraft:damage_taken":3600,"minecraft:damage_absorbed":39,"minecraft:fly_one_cm":166413,"minecraft:open_chest":239,"minecraft:fall_one_cm":19057},"minecraft:picked_up":{"minecraft:amethyst_block":106,"minecraft:cod_bucket":1,"minecraft:string":17,"minecraft:dead_tube_coral_block":15,"minecraft:raw_copper":468,"minecraft:deepslate_tiles":40,"minecraft:cobbled_deepslate":109,"minecraft:spruce_planks":18,"minecraft:red_dye":4,"minecraft:calcite":52,"minecraft:azalea":10,"minecraft:iron_pickaxe":4,"minecraft:melon_slice":34,"minecraft:tipped_arrow":2,"minecraft:golden_helmet":1,"minecraft:stick":11,"minecraft:sheaf_pottery_sherd":17,"minecraft:big_dripleaf":1,"minecraft:torch":55,"minecraft:pointed_dripstone":6,"minecraft:diorite":59,"minecraft:green_terracotta":5,"minecraft:shaper_armor_trim_smithing_template":2,"minecraft:stone_sword":8,"minecraft:rotten_flesh":45,"minecraft:tropical_fish":6,"minecraft:red_tulip":5,"minecraft:cyan_terracotta":4,"minecraft:white_terracotta":18,"minecraft:snowball":20,"minecraft:cod":3,"minecraft:cobblestone":154,"minecraft:sponge":19,"minecraft:birch_log":31,"minecraft:feather":11,"minecraft:water_bucket":2,"minecraft:andesite":39,"minecraft:powder_snow_bucket":1,"minecraft:potato":1,"minecraft:flint":12,"minecraft:magenta_dye":6,"minecraft:tuff":85,"minecraft:prismarine_bricks":35,"minecraft:lapis_lazuli":401,"minecraft:dirt":141,"minecraft:disc_fragment_5":4,"minecraft:bone":19,"minecraft:gray_terracotta":8,"minecraft:wheat_seeds":20,"minecraft:orange_tulip":5,"minecraft:raw_gold":68,"minecraft:rabbit":4,"minecraft:llama_spawn_egg":1,"minecraft:moss_block":138,"minecraft:prismarine":49,"minecraft:oak_planks":41,"minecraft:stone_hoe":3,"minecraft:glow_lichen":2,"minecraft:sheep_spawn_egg":1,"minecraft:music_disc_13":2,"minecraft:sand":44,"minecraft:ink_sac":2,"minecraft:dark_oak_log":26,"minecraft:dark_prismarine":43,"minecraft:light_gray_terracotta":17,"minecraft:blue_terracotta":8,"minecraft:diamond":33,"minecraft:writable_book":1,"minecraft:dead_brain_coral_block":11,"minecraft:granite":62,"minecraft:bone_meal":4,"minecraft:rooted_dirt":27,"minecraft:oak_sapling":6,"minecraft:diamond_pickaxe":5,"minecraft:cocoa_beans":1,"minecraft:crafting_table":1,"minecraft:chicken":6,"minecraft:clay_ball":144,"minecraft:mourner_pottery_sherd":5,"minecraft:dead_horn_coral_block":11,"minecraft:iron_axe":2,"minecraft:iron_shovel":1,"minecraft:birch_sapling":2,"minecraft:chest":51,"minecraft:egg":4,"minecraft:sniffer_spawn_egg":1,"minecraft:dark_oak_sapling":5,"minecraft:raw_iron":82,"minecraft:raw_gold_block":3,"minecraft:bowl":7,"minecraft:amethyst_cluster":2,"minecraft:frog_spawn_egg":1,"minecraft:prismarine_crystals":83,"minecraft:dark_oak_planks":22,"minecraft:arrow":19,"minecraft:deepslate_bricks":78,"minecraft:pink_tulip":10,"minecraft:glow_berries":10,"minecraft:rail":6,"minecraft:heartbreak_pottery_sherd":5,"minecraft:glow_ink_sac":3,"minecraft:salmon":3,"minecraft:ice":1,"minecraft:mushroom_stew":2,"minecraft:oak_log":64,"minecraft:gunpowder":4,"minecraft:paper":6,"minecraft:rabbit_hide":4,"minecraft:iron_ingot":25,"minecraft:stone_pickaxe":4,"minecraft:flowering_azalea":7,"minecraft:music_disc_chirp":1,"minecraft:green_dye":2,"minecraft:sculk_catalyst":1,"minecraft:oak_slab":4,"minecraft:smooth_basalt":34,"minecraft:birch_boat":4,"minecraft:pumpkin":5,"minecraft:sweet_berries":26,"minecraft:budding_amethyst":3,"minecraft:dripstone_block":112,"minecraft:torchflower_seeds":4,"minecraft:gravel":64,"minecraft:dead_fire_coral_block":17,"minecraft:amethyst_shard":10,"minecraft:spruce_sapling":5,"minecraft:spruce_log":14,"minecraft:sea_lantern":5,"minecraft:spider_eye":3,"minecraft:camel_spawn_egg":2,"minecraft:music_disc_mall":2,"minecraft:dried_kelp_block":5,"minecraft:snort_pottery_sherd":5,"minecraft:stone_axe":1,"minecraft:polished_diorite":2,"minecraft:donkey_spawn_egg":2,"minecraft:dead_bubble_coral_block":11,"minecraft:terracotta":7,"minecraft:melon_seeds":1,"minecraft:coal":66,"minecraft:hopper":2},"minecraft:crafted":{"minecraft:oak_planks":96,"minecraft:hopper":1,"minecraft:diamond_leggings":1,"minecraft:oak_slab":168,"minecraft:diamond_axe":2,"minecraft:spruce_planks":24,"minecraft:wooden_pickaxe":1,"minecraft:iron_helmet":1,"minecraft:birch_planks":20,"minecraft:iron_chestplate":1,"minecraft:diamond_pickaxe":1,"minecraft:stick":36,"minecraft:iron_pickaxe":2,"minecraft:iron_ingot":17,"minecraft:jukebox":1,"minecraft:golden_chestplate":1,"minecraft:furnace":1,"minecraft:iron_axe":1,"minecraft:stone_pickaxe":2,"minecraft:dark_oak_planks":20,"minecraft:diamond_sword":1,"minecraft:air":0,"minecraft:golden_apple":1,"minecraft:raw_gold":27,"minecraft:wooden_axe":1,"minecraft:torch":8},"minecraft:mined":{"minecraft:dark_oak_planks":3,"minecraft:spruce_planks":6,"minecraft:sculk_vein":5,"minecraft:granite":19,"minecraft:budding_amethyst":8,"minecraft:grass_block":64,"minecraft:deepslate_bricks":31,"minecraft:hopper":2,"minecraft:raw_iron_block":1,"minecraft:iron_ore":23,"minecraft:cobbled_deepslate":2,"minecraft:pumpkin":5,"minecraft:deepslate_lapis_ore":9,"minecraft:gray_terracotta":8,"minecraft:cyan_terracotta":2,"minecraft:powder_snow":8,"minecraft:clay":10,"minecraft:calcite":19,"minecraft:melon":4,"minecraft:chest":21,"minecraft:prismarine":7,"minecraft:amethyst_block":44,"minecraft:deepslate_copper_ore":14,"minecraft:white_terracotta":18,"minecraft:blue_terracotta":2,"minecraft:birch_log":13,"minecraft:oak_log":43,"minecraft:sand":1,"minecraft:dirt":11,"minecraft:smooth_basalt":14,"minecraft:deepslate":38,"minecraft:suspicious_gravel":22,"minecraft:deepslate_tiles":4,"minecraft:dark_prismarine":5,"minecraft:diamond_ore":3,"minecraft:tuff":36,"minecraft:deepslate_diamond_ore":2,"minecraft:dark_oak_log":16,"minecraft:sea_lantern":2,"minecraft:moss_block":13,"minecraft:rooted_dirt":9,"minecraft:raw_gold_block":3,"minecraft:andesite":17,"minecraft:deepslate_iron_ore":5,"minecraft:packed_ice":9,"minecraft:stone":92,"minecraft:podzol":7,"minecraft:oak_slab":6,"minecraft:copper_ore":26,"minecraft:deepslate_coal_ore":2,"minecraft:deepslate_gold_ore":19,"minecraft:lapis_ore":1,"minecraft:sculk":1,"minecraft:diorite":30,"minecraft:prismarine_bricks":1,"minecraft:sweet_berry_bush":2,"minecraft:spruce_log":10,"minecraft:coal_ore":8,"minecraft:dripstone_block":7,"minecraft:gravel":40,"minecraft:terracotta":6,"minecraft:gold_ore":9},"minecraft:killed_by":{"minecraft:player":5}},"DataVersion":3839}