{"stats":{"minecraft:dropped":{"minecraft:bread":7,"minecraft:stone_sword":1,"minecraft:torch":1,"minecraft:leather_boots":1,"minecraft:apple":9,"minecraft:wooden_pickaxe":1},"minecraft:mined":{"minecraft:skeleton_skull":1,"mythicmetals:tin_ore":1,"regions_unexplored:larch_leaves":13,"minecraft:crafting_table":2,"minecraft:granite":1,"minecraft:coal_ore":30,"regions_unexplored:peat_dirt":1,"regions_unexplored:larch_log":12,"minecraft:stone":21},"minecraft:killed":{"minecraft:chicken":2},"minecraft:broken":{"minecraft:leather_boots":1},"minecraft:crafted":{"minecraft:crafting_table":2,"minecraft:stick":4,"minecraft:wooden_pickaxe":2,"minecraft:stone_pickaxe":1,"minecraft:wooden_axe":2,"regions_unexplored:larch_planks":28},"minecraft:used":{"minecraft:wooden_axe":7,"minecraft:stone_sword":37,"minecraft:bundle":1,"minecraft:stone_pickaxe":50,"minecraft:wooden_pickaxe":3,"regions_unexplored:larch_planks":1,"minecraft:crafting_table":2},"minecraft:picked_up":{"minecraft:stick":1,"regions_unexplored:peat_dirt":49,"minecraft:crafting_table":2,"minecraft:feather":12,"minecraft:chicken":2,"minecraft:torch":1,"minecraft:potato":1,"minecraft:sand":1,"mythicmetals:raw_tin":1,"minecraft:lapis_lazuli":1,"minecraft:rotten_flesh":4,"minecraft:zombie_head":1,"minecraft:bone":4,"minecraft:leather_boots":1,"minecraft:stone_sword":1,"minecraft:arrow":10,"minecraft:apple":9,"minecraft:wheat_seeds":1,"minecraft:granite":1,"minecraft:player_head":2,"regions_unexplored:larch_log":19,"regions_unexplored:larch_sapling":1,"minecraft:bread":7,"minecraft:coal":31,"minecraft:skeleton_skull":2,"minecraft:cobblestone":20,"minecraft:egg":3},"minecraft:custom":{"minecraft:time_since_rest":4762,"minecraft:sprint_one_cm":36553,"minecraft:damage_taken":3920,"minecraft:walk_one_cm":54414,"minecraft:mob_kills":3,"minecraft:drop":6,"minecraft:damage_dealt":416,"minecraft:swim_one_cm":3117,"minecraft:damage_dealt_absorbed":572,"minecraft:interact_with_crafting_table":4,"minecraft:fly_one_cm":26902,"minecraft:crouch_one_cm":1379,"minecraft:play_time":27135,"minecraft:deaths":11,"minecraft:sneak_time":774,"minecraft:walk_under_water_one_cm":129,"minecraft:jump":165,"minecraft:damage_dealt_resisted":467,"minecraft:leave_game":2,"minecraft:time_since_death":4737,"minecraft:walk_on_water_one_cm":6127,"minecraft:total_world_time":27135,"minecraft:hex":0,"minecraft:fall_one_cm":10185},"minecraft:killed_by":{"minecraft:skeleton":2,"minecraft:creeper":3,"minecraft:spider":2,"minecraft:zombie":4}},"DataVersion":3465}